Timing Analyzer report for vibora_top
Tue Jun 23 11:37:52 2026
Quartus Prime Version 25.1std.0 Build 1129 10/21/2025 SC Lite Edition


---------------------
; Table of Contents ;
---------------------
  1. Legal Notice
  2. Timing Analyzer Summary
  3. Parallel Compilation
  4. Clocks
  5. Slow 1200mV 85C Model Fmax Summary
  6. Timing Closure Recommendations
  7. Slow 1200mV 85C Model Setup Summary
  8. Slow 1200mV 85C Model Hold Summary
  9. Slow 1200mV 85C Model Recovery Summary
 10. Slow 1200mV 85C Model Removal Summary
 11. Slow 1200mV 85C Model Minimum Pulse Width Summary
 12. Slow 1200mV 85C Model Setup: 'reloj_1mhz'
 13. Slow 1200mV 85C Model Setup: 'reloj_juego'
 14. Slow 1200mV 85C Model Setup: 'reloj_50mhz'
 15. Slow 1200mV 85C Model Hold: 'reloj_50mhz'
 16. Slow 1200mV 85C Model Hold: 'reloj_juego'
 17. Slow 1200mV 85C Model Hold: 'reloj_1mhz'
 18. Slow 1200mV 85C Model Metastability Summary
 19. Slow 1200mV 0C Model Fmax Summary
 20. Slow 1200mV 0C Model Setup Summary
 21. Slow 1200mV 0C Model Hold Summary
 22. Slow 1200mV 0C Model Recovery Summary
 23. Slow 1200mV 0C Model Removal Summary
 24. Slow 1200mV 0C Model Minimum Pulse Width Summary
 25. Slow 1200mV 0C Model Setup: 'reloj_1mhz'
 26. Slow 1200mV 0C Model Setup: 'reloj_juego'
 27. Slow 1200mV 0C Model Setup: 'reloj_50mhz'
 28. Slow 1200mV 0C Model Hold: 'reloj_50mhz'
 29. Slow 1200mV 0C Model Hold: 'reloj_juego'
 30. Slow 1200mV 0C Model Hold: 'reloj_1mhz'
 31. Slow 1200mV 0C Model Metastability Summary
 32. Fast 1200mV 0C Model Setup Summary
 33. Fast 1200mV 0C Model Hold Summary
 34. Fast 1200mV 0C Model Recovery Summary
 35. Fast 1200mV 0C Model Removal Summary
 36. Fast 1200mV 0C Model Minimum Pulse Width Summary
 37. Fast 1200mV 0C Model Setup: 'reloj_1mhz'
 38. Fast 1200mV 0C Model Setup: 'reloj_juego'
 39. Fast 1200mV 0C Model Setup: 'reloj_50mhz'
 40. Fast 1200mV 0C Model Hold: 'reloj_50mhz'
 41. Fast 1200mV 0C Model Hold: 'reloj_1mhz'
 42. Fast 1200mV 0C Model Hold: 'reloj_juego'
 43. Fast 1200mV 0C Model Metastability Summary
 44. Multicorner Timing Analysis Summary
 45. Board Trace Model Assignments
 46. Input Transition Times
 47. Signal Integrity Metrics (Slow 1200mv 0c Model)
 48. Signal Integrity Metrics (Slow 1200mv 85c Model)
 49. Signal Integrity Metrics (Fast 1200mv 0c Model)
 50. Setup Transfers
 51. Hold Transfers
 52. Report TCCS
 53. Report RSKM
 54. Unconstrained Paths Summary
 55. Clock Status Summary
 56. Unconstrained Input Ports
 57. Unconstrained Output Ports
 58. Unconstrained Input Ports
 59. Unconstrained Output Ports
 60. Timing Analyzer Messages



----------------
; Legal Notice ;
----------------
Copyright (C) 2025  Altera Corporation. All rights reserved.
Your use of Altera Corporation's design tools, logic functions 
and other software and tools, and any partner logic 
functions, and any output files from any of the foregoing 
(including device programming or simulation files), and any 
associated documentation or information are expressly subject 
to the terms and conditions of the Altera Program License 
Subscription Agreement, the Altera Quartus Prime License Agreement,
the Altera IP License Agreement, or other applicable license
agreement, including, without limitation, that your use is for
the sole purpose of programming logic devices manufactured by
Altera and sold by Altera or its authorized distributors.  Please
refer to the Altera Software License Subscription Agreements 
on the Quartus Prime software download page.



+---------------------------------------------------------------------------------+
; Timing Analyzer Summary                                                         ;
+-----------------------+---------------------------------------------------------+
; Quartus Prime Version ; Version 25.1std.0 Build 1129 10/21/2025 SC Lite Edition ;
; Timing Analyzer       ; Legacy Timing Analyzer                                  ;
; Revision Name         ; vibora_top                                              ;
; Device Family         ; Cyclone IV E                                            ;
; Device Name           ; EP4CE6E22C8                                             ;
; Timing Models         ; Final                                                   ;
; Delay Model           ; Combined                                                ;
; Rise/Fall Delays      ; Enabled                                                 ;
+-----------------------+---------------------------------------------------------+


+------------------------------------------+
; Parallel Compilation                     ;
+----------------------------+-------------+
; Processors                 ; Number      ;
+----------------------------+-------------+
; Number detected on machine ; 12          ;
; Maximum allowed            ; 12          ;
;                            ;             ;
; Average used               ; 1.63        ;
; Maximum used               ; 12          ;
;                            ;             ;
; Usage by Processor         ; % Time Used ;
;     Processor 1            ; 100.0%      ;
;     Processor 2            ;   8.8%      ;
;     Processors 3-12        ;   5.4%      ;
+----------------------------+-------------+


+------------------------------------------------------------------------------------------------------------------------------------------------------------------------------------------+
; Clocks                                                                                                                                                                                   ;
+-------------+------+--------+------------+-------+-------+------------+-----------+-------------+-------+--------+-----------+------------+----------+--------+--------+-----------------+
; Clock Name  ; Type ; Period ; Frequency  ; Rise  ; Fall  ; Duty Cycle ; Divide by ; Multiply by ; Phase ; Offset ; Edge List ; Edge Shift ; Inverted ; Master ; Source ; Targets         ;
+-------------+------+--------+------------+-------+-------+------------+-----------+-------------+-------+--------+-----------+------------+----------+--------+--------+-----------------+
; reloj_1mhz  ; Base ; 1.000  ; 1000.0 MHz ; 0.000 ; 0.500 ;            ;           ;             ;       ;        ;           ;            ;          ;        ;        ; { reloj_1mhz }  ;
; reloj_50mhz ; Base ; 1.000  ; 1000.0 MHz ; 0.000 ; 0.500 ;            ;           ;             ;       ;        ;           ;            ;          ;        ;        ; { reloj_50mhz } ;
; reloj_juego ; Base ; 1.000  ; 1000.0 MHz ; 0.000 ; 0.500 ;            ;           ;             ;       ;        ;           ;            ;          ;        ;        ; { reloj_juego } ;
+-------------+------+--------+------------+-------+-------+------------+-----------+-------------+-------+--------+-----------+------------+----------+--------+--------+-----------------+


+---------------------------------------------------+
; Slow 1200mV 85C Model Fmax Summary                ;
+------------+-----------------+-------------+------+
; Fmax       ; Restricted Fmax ; Clock Name  ; Note ;
+------------+-----------------+-------------+------+
; 87.44 MHz  ; 87.44 MHz       ; reloj_juego ;      ;
; 170.79 MHz ; 170.79 MHz      ; reloj_50mhz ;      ;
; 210.84 MHz ; 210.84 MHz      ; reloj_1mhz  ;      ;
+------------+-----------------+-------------+------+
This panel reports FMAX for every clock in the design, regardless of the user-specified clock periods.  FMAX is only computed for paths where the source and destination registers or ports are driven by the same clock.  Paths of different clocks, including generated clocks, are ignored.  For paths between a clock and its inversion, FMAX is computed as if the rising and falling edges are scaled along with FMAX, such that the duty cycle (in terms of a percentage) is maintained. Altera recommends that you always use clock constraints and other slack reports for sign-off analysis.


----------------------------------
; Timing Closure Recommendations ;
----------------------------------
HTML report is unavailable in plain text report export.


+---------------------------------------+
; Slow 1200mV 85C Model Setup Summary   ;
+-------------+---------+---------------+
; Clock       ; Slack   ; End Point TNS ;
+-------------+---------+---------------+
; reloj_1mhz  ; -11.132 ; -129.802      ;
; reloj_juego ; -10.436 ; -3879.459     ;
; reloj_50mhz ; -6.427  ; -391.487      ;
+-------------+---------+---------------+


+-------------------------------------+
; Slow 1200mV 85C Model Hold Summary  ;
+-------------+-------+---------------+
; Clock       ; Slack ; End Point TNS ;
+-------------+-------+---------------+
; reloj_50mhz ; 0.432 ; 0.000         ;
; reloj_juego ; 0.452 ; 0.000         ;
; reloj_1mhz  ; 0.453 ; 0.000         ;
+-------------+-------+---------------+


------------------------------------------
; Slow 1200mV 85C Model Recovery Summary ;
------------------------------------------
No paths to report.


-----------------------------------------
; Slow 1200mV 85C Model Removal Summary ;
-----------------------------------------
No paths to report.


+---------------------------------------------------+
; Slow 1200mV 85C Model Minimum Pulse Width Summary ;
+-------------+--------+----------------------------+
; Clock       ; Slack  ; End Point TNS              ;
+-------------+--------+----------------------------+
; reloj_50mhz ; -3.000 ; -156.161                   ;
; reloj_juego ; -1.487 ; -605.209                   ;
; reloj_1mhz  ; -1.487 ; -55.019                    ;
+-------------+--------+----------------------------+


+-----------------------------------------------------------------------------------------------------------------------------------------------------------------------+
; Slow 1200mV 85C Model Setup: 'reloj_1mhz'                                                                                                                             ;
+---------+------------------------------------------+--------------------------------------------+--------------+-------------+--------------+------------+------------+
; Slack   ; From Node                                ; To Node                                    ; Launch Clock ; Latch Clock ; Relationship ; Clock Skew ; Data Delay ;
+---------+------------------------------------------+--------------------------------------------+--------------+-------------+--------------+------------+------------+
; -11.132 ; juego_vibora:Inst_Juego|tamano_vibora[5] ; spi_max7219:Inst_SPI|reg_desplazamiento[2] ; reloj_juego  ; reloj_1mhz  ; 0.500        ; 0.351      ; 11.984     ;
; -11.092 ; juego_vibora:Inst_Juego|tamano_vibora[2] ; spi_max7219:Inst_SPI|reg_desplazamiento[2] ; reloj_juego  ; reloj_1mhz  ; 0.500        ; 0.351      ; 11.944     ;
; -11.062 ; juego_vibora:Inst_Juego|tamano_vibora[2] ; spi_max7219:Inst_SPI|reg_desplazamiento[3] ; reloj_juego  ; reloj_1mhz  ; 0.500        ; 0.364      ; 11.927     ;
; -10.976 ; juego_vibora:Inst_Juego|tamano_vibora[3] ; spi_max7219:Inst_SPI|reg_desplazamiento[3] ; reloj_juego  ; reloj_1mhz  ; 0.500        ; 0.364      ; 11.841     ;
; -10.954 ; juego_vibora:Inst_Juego|tamano_vibora[6] ; spi_max7219:Inst_SPI|reg_desplazamiento[2] ; reloj_juego  ; reloj_1mhz  ; 0.500        ; 0.351      ; 11.806     ;
; -10.949 ; juego_vibora:Inst_Juego|tamano_vibora[1] ; spi_max7219:Inst_SPI|reg_desplazamiento[2] ; reloj_juego  ; reloj_1mhz  ; 0.500        ; 0.351      ; 11.801     ;
; -10.919 ; juego_vibora:Inst_Juego|tamano_vibora[1] ; spi_max7219:Inst_SPI|reg_desplazamiento[3] ; reloj_juego  ; reloj_1mhz  ; 0.500        ; 0.364      ; 11.784     ;
; -10.908 ; juego_vibora:Inst_Juego|tamano_vibora[5] ; spi_max7219:Inst_SPI|reg_desplazamiento[6] ; reloj_juego  ; reloj_1mhz  ; 0.500        ; 0.357      ; 11.766     ;
; -10.905 ; juego_vibora:Inst_Juego|tamano_vibora[5] ; spi_max7219:Inst_SPI|reg_desplazamiento[3] ; reloj_juego  ; reloj_1mhz  ; 0.500        ; 0.364      ; 11.770     ;
; -10.876 ; juego_vibora:Inst_Juego|tamano_vibora[3] ; spi_max7219:Inst_SPI|reg_desplazamiento[0] ; reloj_juego  ; reloj_1mhz  ; 0.500        ; 0.382      ; 11.759     ;
; -10.867 ; juego_vibora:Inst_Juego|tamano_vibora[4] ; spi_max7219:Inst_SPI|reg_desplazamiento[3] ; reloj_juego  ; reloj_1mhz  ; 0.500        ; 0.364      ; 11.732     ;
; -10.852 ; juego_vibora:Inst_Juego|tamano_vibora[2] ; spi_max7219:Inst_SPI|reg_desplazamiento[0] ; reloj_juego  ; reloj_1mhz  ; 0.500        ; 0.382      ; 11.735     ;
; -10.816 ; juego_vibora:Inst_Juego|tamano_vibora[5] ; spi_max7219:Inst_SPI|reg_desplazamiento[5] ; reloj_juego  ; reloj_1mhz  ; 0.500        ; 0.380      ; 11.697     ;
; -10.797 ; juego_vibora:Inst_Juego|vibora[28].y[1]  ; spi_max7219:Inst_SPI|reg_desplazamiento[3] ; reloj_juego  ; reloj_1mhz  ; 0.500        ; -0.101     ; 11.197     ;
; -10.791 ; juego_vibora:Inst_Juego|tamano_vibora[0] ; spi_max7219:Inst_SPI|reg_desplazamiento[2] ; reloj_juego  ; reloj_1mhz  ; 0.500        ; 0.352      ; 11.644     ;
; -10.778 ; juego_vibora:Inst_Juego|tamano_vibora[4] ; spi_max7219:Inst_SPI|reg_desplazamiento[2] ; reloj_juego  ; reloj_1mhz  ; 0.500        ; 0.351      ; 11.630     ;
; -10.751 ; juego_vibora:Inst_Juego|tamano_vibora[1] ; spi_max7219:Inst_SPI|reg_desplazamiento[7] ; reloj_juego  ; reloj_1mhz  ; 0.500        ; 0.357      ; 11.609     ;
; -10.749 ; juego_vibora:Inst_Juego|tamano_vibora[5] ; spi_max7219:Inst_SPI|reg_desplazamiento[0] ; reloj_juego  ; reloj_1mhz  ; 0.500        ; 0.382      ; 11.632     ;
; -10.740 ; juego_vibora:Inst_Juego|tamano_vibora[3] ; spi_max7219:Inst_SPI|reg_desplazamiento[2] ; reloj_juego  ; reloj_1mhz  ; 0.500        ; 0.351      ; 11.592     ;
; -10.738 ; juego_vibora:Inst_Juego|tamano_vibora[4] ; spi_max7219:Inst_SPI|reg_desplazamiento[1] ; reloj_juego  ; reloj_1mhz  ; 0.500        ; 0.370      ; 11.609     ;
; -10.730 ; juego_vibora:Inst_Juego|tamano_vibora[6] ; spi_max7219:Inst_SPI|reg_desplazamiento[6] ; reloj_juego  ; reloj_1mhz  ; 0.500        ; 0.357      ; 11.588     ;
; -10.727 ; juego_vibora:Inst_Juego|tamano_vibora[6] ; spi_max7219:Inst_SPI|reg_desplazamiento[3] ; reloj_juego  ; reloj_1mhz  ; 0.500        ; 0.364      ; 11.592     ;
; -10.716 ; juego_vibora:Inst_Juego|tamano_vibora[5] ; spi_max7219:Inst_SPI|reg_desplazamiento[1] ; reloj_juego  ; reloj_1mhz  ; 0.500        ; 0.370      ; 11.587     ;
; -10.713 ; juego_vibora:Inst_Juego|tamano_vibora[3] ; spi_max7219:Inst_SPI|reg_desplazamiento[1] ; reloj_juego  ; reloj_1mhz  ; 0.500        ; 0.370      ; 11.584     ;
; -10.707 ; juego_vibora:Inst_Juego|tamano_vibora[2] ; spi_max7219:Inst_SPI|reg_desplazamiento[4] ; reloj_juego  ; reloj_1mhz  ; 0.500        ; 0.359      ; 11.567     ;
; -10.707 ; juego_vibora:Inst_Juego|tamano_vibora[2] ; spi_max7219:Inst_SPI|reg_desplazamiento[7] ; reloj_juego  ; reloj_1mhz  ; 0.500        ; 0.357      ; 11.565     ;
; -10.703 ; juego_vibora:Inst_Juego|tamano_vibora[1] ; spi_max7219:Inst_SPI|reg_desplazamiento[1] ; reloj_juego  ; reloj_1mhz  ; 0.500        ; 0.370      ; 11.574     ;
; -10.690 ; juego_vibora:Inst_Juego|tamano_vibora[5] ; spi_max7219:Inst_SPI|reg_desplazamiento[4] ; reloj_juego  ; reloj_1mhz  ; 0.500        ; 0.359      ; 11.550     ;
; -10.685 ; juego_vibora:Inst_Juego|tamano_vibora[1] ; spi_max7219:Inst_SPI|reg_desplazamiento[0] ; reloj_juego  ; reloj_1mhz  ; 0.500        ; 0.382      ; 11.568     ;
; -10.685 ; juego_vibora:Inst_Juego|tamano_vibora[2] ; spi_max7219:Inst_SPI|reg_desplazamiento[5] ; reloj_juego  ; reloj_1mhz  ; 0.500        ; 0.380      ; 11.566     ;
; -10.683 ; juego_vibora:Inst_Juego|vibora[38].x[1]  ; spi_max7219:Inst_SPI|reg_desplazamiento[4] ; reloj_juego  ; reloj_1mhz  ; 0.500        ; -0.137     ; 11.047     ;
; -10.676 ; juego_vibora:Inst_Juego|tamano_vibora[1] ; spi_max7219:Inst_SPI|reg_desplazamiento[6] ; reloj_juego  ; reloj_1mhz  ; 0.500        ; 0.357      ; 11.534     ;
; -10.669 ; juego_vibora:Inst_Juego|tamano_vibora[0] ; spi_max7219:Inst_SPI|reg_desplazamiento[3] ; reloj_juego  ; reloj_1mhz  ; 0.500        ; 0.365      ; 11.535     ;
; -10.669 ; juego_vibora:Inst_Juego|tamano_vibora[2] ; spi_max7219:Inst_SPI|reg_desplazamiento[6] ; reloj_juego  ; reloj_1mhz  ; 0.500        ; 0.357      ; 11.527     ;
; -10.649 ; juego_vibora:Inst_Juego|tamano_vibora[3] ; spi_max7219:Inst_SPI|reg_desplazamiento[6] ; reloj_juego  ; reloj_1mhz  ; 0.500        ; 0.357      ; 11.507     ;
; -10.639 ; juego_vibora:Inst_Juego|tamano_vibora[3] ; spi_max7219:Inst_SPI|reg_desplazamiento[4] ; reloj_juego  ; reloj_1mhz  ; 0.500        ; 0.359      ; 11.499     ;
; -10.638 ; juego_vibora:Inst_Juego|tamano_vibora[6] ; spi_max7219:Inst_SPI|reg_desplazamiento[5] ; reloj_juego  ; reloj_1mhz  ; 0.500        ; 0.380      ; 11.519     ;
; -10.630 ; juego_vibora:Inst_Juego|tamano_vibora[0] ; spi_max7219:Inst_SPI|reg_desplazamiento[6] ; reloj_juego  ; reloj_1mhz  ; 0.500        ; 0.358      ; 11.489     ;
; -10.617 ; juego_vibora:Inst_Juego|tamano_vibora[2] ; spi_max7219:Inst_SPI|reg_desplazamiento[1] ; reloj_juego  ; reloj_1mhz  ; 0.500        ; 0.370      ; 11.488     ;
; -10.608 ; juego_vibora:Inst_Juego|tamano_vibora[0] ; spi_max7219:Inst_SPI|reg_desplazamiento[7] ; reloj_juego  ; reloj_1mhz  ; 0.500        ; 0.358      ; 11.467     ;
; -10.596 ; juego_vibora:Inst_Juego|tamano_vibora[0] ; spi_max7219:Inst_SPI|reg_desplazamiento[1] ; reloj_juego  ; reloj_1mhz  ; 0.500        ; 0.371      ; 11.468     ;
; -10.593 ; juego_vibora:Inst_Juego|tamano_vibora[4] ; spi_max7219:Inst_SPI|reg_desplazamiento[4] ; reloj_juego  ; reloj_1mhz  ; 0.500        ; 0.359      ; 11.453     ;
; -10.587 ; juego_vibora:Inst_Juego|vibora[20].y[0]  ; spi_max7219:Inst_SPI|reg_desplazamiento[0] ; reloj_juego  ; reloj_1mhz  ; 0.500        ; -0.069     ; 11.019     ;
; -10.584 ; juego_vibora:Inst_Juego|tamano_vibora[1] ; spi_max7219:Inst_SPI|reg_desplazamiento[5] ; reloj_juego  ; reloj_1mhz  ; 0.500        ; 0.380      ; 11.465     ;
; -10.571 ; juego_vibora:Inst_Juego|tamano_vibora[6] ; spi_max7219:Inst_SPI|reg_desplazamiento[0] ; reloj_juego  ; reloj_1mhz  ; 0.500        ; 0.382      ; 11.454     ;
; -10.538 ; juego_vibora:Inst_Juego|tamano_vibora[6] ; spi_max7219:Inst_SPI|reg_desplazamiento[1] ; reloj_juego  ; reloj_1mhz  ; 0.500        ; 0.370      ; 11.409     ;
; -10.528 ; juego_vibora:Inst_Juego|vibora[48].y[2]  ; spi_max7219:Inst_SPI|reg_desplazamiento[5] ; reloj_juego  ; reloj_1mhz  ; 0.500        ; -0.100     ; 10.929     ;
; -10.525 ; juego_vibora:Inst_Juego|tamano_vibora[3] ; spi_max7219:Inst_SPI|reg_desplazamiento[7] ; reloj_juego  ; reloj_1mhz  ; 0.500        ; 0.357      ; 11.383     ;
; -10.523 ; juego_vibora:Inst_Juego|tamano_vibora[1] ; spi_max7219:Inst_SPI|reg_desplazamiento[4] ; reloj_juego  ; reloj_1mhz  ; 0.500        ; 0.359      ; 11.383     ;
; -10.512 ; juego_vibora:Inst_Juego|tamano_vibora[6] ; spi_max7219:Inst_SPI|reg_desplazamiento[4] ; reloj_juego  ; reloj_1mhz  ; 0.500        ; 0.359      ; 11.372     ;
; -10.495 ; juego_vibora:Inst_Juego|vibora[48].y[2]  ; spi_max7219:Inst_SPI|reg_desplazamiento[7] ; reloj_juego  ; reloj_1mhz  ; 0.500        ; -0.123     ; 10.873     ;
; -10.494 ; juego_vibora:Inst_Juego|tamano_vibora[5] ; spi_max7219:Inst_SPI|reg_desplazamiento[7] ; reloj_juego  ; reloj_1mhz  ; 0.500        ; 0.357      ; 11.352     ;
; -10.492 ; juego_vibora:Inst_Juego|vibora[38].x[1]  ; spi_max7219:Inst_SPI|reg_desplazamiento[2] ; reloj_juego  ; reloj_1mhz  ; 0.500        ; -0.145     ; 10.848     ;
; -10.483 ; juego_vibora:Inst_Juego|vibora[28].y[0]  ; spi_max7219:Inst_SPI|reg_desplazamiento[3] ; reloj_juego  ; reloj_1mhz  ; 0.500        ; -0.101     ; 10.883     ;
; -10.475 ; juego_vibora:Inst_Juego|tamano_vibora[0] ; spi_max7219:Inst_SPI|reg_desplazamiento[5] ; reloj_juego  ; reloj_1mhz  ; 0.500        ; 0.381      ; 11.357     ;
; -10.471 ; juego_vibora:Inst_Juego|tamano_vibora[3] ; spi_max7219:Inst_SPI|reg_desplazamiento[5] ; reloj_juego  ; reloj_1mhz  ; 0.500        ; 0.380      ; 11.352     ;
; -10.446 ; juego_vibora:Inst_Juego|vibora[53].y[0]  ; spi_max7219:Inst_SPI|reg_desplazamiento[1] ; reloj_juego  ; reloj_1mhz  ; 0.500        ; -0.117     ; 10.830     ;
; -10.427 ; juego_vibora:Inst_Juego|tamano_vibora[0] ; spi_max7219:Inst_SPI|reg_desplazamiento[0] ; reloj_juego  ; reloj_1mhz  ; 0.500        ; 0.383      ; 11.311     ;
; -10.421 ; juego_vibora:Inst_Juego|tamano_vibora[4] ; spi_max7219:Inst_SPI|reg_desplazamiento[0] ; reloj_juego  ; reloj_1mhz  ; 0.500        ; 0.382      ; 11.304     ;
; -10.420 ; juego_vibora:Inst_Juego|vibora[0].y[1]   ; spi_max7219:Inst_SPI|reg_desplazamiento[3] ; reloj_juego  ; reloj_1mhz  ; 0.500        ; 0.359      ; 11.280     ;
; -10.407 ; juego_vibora:Inst_Juego|vibora[17].y[2]  ; spi_max7219:Inst_SPI|reg_desplazamiento[1] ; reloj_juego  ; reloj_1mhz  ; 0.500        ; -0.174     ; 10.734     ;
; -10.389 ; juego_vibora:Inst_Juego|vibora[4].y[1]   ; spi_max7219:Inst_SPI|reg_desplazamiento[4] ; reloj_juego  ; reloj_1mhz  ; 0.500        ; -0.134     ; 10.756     ;
; -10.375 ; juego_vibora:Inst_Juego|tamano_vibora[6] ; spi_max7219:Inst_SPI|reg_desplazamiento[7] ; reloj_juego  ; reloj_1mhz  ; 0.500        ; 0.357      ; 11.233     ;
; -10.367 ; juego_vibora:Inst_Juego|vibora[33].y[1]  ; spi_max7219:Inst_SPI|reg_desplazamiento[6] ; reloj_juego  ; reloj_1mhz  ; 0.500        ; -0.142     ; 10.726     ;
; -10.354 ; juego_vibora:Inst_Juego|tamano_vibora[4] ; spi_max7219:Inst_SPI|reg_desplazamiento[7] ; reloj_juego  ; reloj_1mhz  ; 0.500        ; 0.357      ; 11.212     ;
; -10.335 ; juego_vibora:Inst_Juego|vibora[31].y[0]  ; spi_max7219:Inst_SPI|reg_desplazamiento[3] ; reloj_juego  ; reloj_1mhz  ; 0.500        ; -0.125     ; 10.711     ;
; -10.329 ; juego_vibora:Inst_Juego|vibora[55].y[0]  ; spi_max7219:Inst_SPI|reg_desplazamiento[1] ; reloj_juego  ; reloj_1mhz  ; 0.500        ; -0.123     ; 10.707     ;
; -10.328 ; juego_vibora:Inst_Juego|vibora[4].y[0]   ; spi_max7219:Inst_SPI|reg_desplazamiento[4] ; reloj_juego  ; reloj_1mhz  ; 0.500        ; -0.134     ; 10.695     ;
; -10.324 ; juego_vibora:Inst_Juego|tamano_vibora[4] ; spi_max7219:Inst_SPI|reg_desplazamiento[5] ; reloj_juego  ; reloj_1mhz  ; 0.500        ; 0.380      ; 11.205     ;
; -10.320 ; juego_vibora:Inst_Juego|vibora[32].y[2]  ; spi_max7219:Inst_SPI|reg_desplazamiento[7] ; reloj_juego  ; reloj_1mhz  ; 0.500        ; -0.146     ; 10.675     ;
; -10.319 ; juego_vibora:Inst_Juego|vibora[34].y[0]  ; spi_max7219:Inst_SPI|reg_desplazamiento[6] ; reloj_juego  ; reloj_1mhz  ; 0.500        ; -0.142     ; 10.678     ;
; -10.301 ; juego_vibora:Inst_Juego|vibora[38].x[1]  ; spi_max7219:Inst_SPI|reg_desplazamiento[7] ; reloj_juego  ; reloj_1mhz  ; 0.500        ; -0.139     ; 10.663     ;
; -10.299 ; juego_vibora:Inst_Juego|vibora[20].y[1]  ; spi_max7219:Inst_SPI|reg_desplazamiento[0] ; reloj_juego  ; reloj_1mhz  ; 0.500        ; -0.152     ; 10.648     ;
; -10.298 ; juego_vibora:Inst_Juego|vibora[49].y[2]  ; spi_max7219:Inst_SPI|reg_desplazamiento[1] ; reloj_juego  ; reloj_1mhz  ; 0.500        ; -0.130     ; 10.669     ;
; -10.293 ; juego_vibora:Inst_Juego|tamano_vibora[4] ; spi_max7219:Inst_SPI|reg_desplazamiento[6] ; reloj_juego  ; reloj_1mhz  ; 0.500        ; 0.357      ; 11.151     ;
; -10.286 ; juego_vibora:Inst_Juego|vibora[48].y[2]  ; spi_max7219:Inst_SPI|reg_desplazamiento[2] ; reloj_juego  ; reloj_1mhz  ; 0.500        ; -0.129     ; 10.658     ;
; -10.280 ; juego_vibora:Inst_Juego|vibora[33].y[1]  ; spi_max7219:Inst_SPI|reg_desplazamiento[3] ; reloj_juego  ; reloj_1mhz  ; 0.500        ; -0.135     ; 10.646     ;
; -10.274 ; juego_vibora:Inst_Juego|vibora[0].y[2]   ; spi_max7219:Inst_SPI|reg_desplazamiento[3] ; reloj_juego  ; reloj_1mhz  ; 0.500        ; 0.361      ; 11.136     ;
; -10.269 ; juego_vibora:Inst_Juego|tamano_vibora[0] ; spi_max7219:Inst_SPI|reg_desplazamiento[4] ; reloj_juego  ; reloj_1mhz  ; 0.500        ; 0.360      ; 11.130     ;
; -10.259 ; juego_vibora:Inst_Juego|vibora[17].y[2]  ; spi_max7219:Inst_SPI|reg_desplazamiento[4] ; reloj_juego  ; reloj_1mhz  ; 0.500        ; -0.185     ; 10.575     ;
; -10.249 ; juego_vibora:Inst_Juego|vibora[55].y[0]  ; spi_max7219:Inst_SPI|reg_desplazamiento[7] ; reloj_juego  ; reloj_1mhz  ; 0.500        ; -0.136     ; 10.614     ;
; -10.240 ; juego_vibora:Inst_Juego|vibora[28].y[1]  ; spi_max7219:Inst_SPI|reg_desplazamiento[0] ; reloj_juego  ; reloj_1mhz  ; 0.500        ; -0.083     ; 10.658     ;
; -10.230 ; juego_vibora:Inst_Juego|vibora[17].y[2]  ; spi_max7219:Inst_SPI|reg_desplazamiento[0] ; reloj_juego  ; reloj_1mhz  ; 0.500        ; -0.162     ; 10.569     ;
; -10.230 ; juego_vibora:Inst_Juego|vibora[31].y[1]  ; spi_max7219:Inst_SPI|reg_desplazamiento[3] ; reloj_juego  ; reloj_1mhz  ; 0.500        ; -0.125     ; 10.606     ;
; -10.224 ; juego_vibora:Inst_Juego|vibora[53].y[2]  ; spi_max7219:Inst_SPI|reg_desplazamiento[1] ; reloj_juego  ; reloj_1mhz  ; 0.500        ; -0.117     ; 10.608     ;
; -10.222 ; juego_vibora:Inst_Juego|vibora[44].y[0]  ; spi_max7219:Inst_SPI|reg_desplazamiento[3] ; reloj_juego  ; reloj_1mhz  ; 0.500        ; -0.118     ; 10.605     ;
; -10.221 ; juego_vibora:Inst_Juego|vibora[31].y[0]  ; spi_max7219:Inst_SPI|reg_desplazamiento[0] ; reloj_juego  ; reloj_1mhz  ; 0.500        ; -0.107     ; 10.615     ;
; -10.220 ; juego_vibora:Inst_Juego|vibora[60].y[2]  ; spi_max7219:Inst_SPI|reg_desplazamiento[2] ; reloj_juego  ; reloj_1mhz  ; 0.500        ; -0.130     ; 10.591     ;
; -10.195 ; juego_vibora:Inst_Juego|vibora[41].y[2]  ; spi_max7219:Inst_SPI|reg_desplazamiento[2] ; reloj_juego  ; reloj_1mhz  ; 0.500        ; -0.134     ; 10.562     ;
; -10.194 ; juego_vibora:Inst_Juego|vibora[61].x[0]  ; spi_max7219:Inst_SPI|reg_desplazamiento[0] ; reloj_juego  ; reloj_1mhz  ; 0.500        ; -0.059     ; 10.636     ;
; -10.193 ; juego_vibora:Inst_Juego|vibora[39].y[1]  ; spi_max7219:Inst_SPI|reg_desplazamiento[4] ; reloj_juego  ; reloj_1mhz  ; 0.500        ; -0.119     ; 10.575     ;
; -10.192 ; juego_vibora:Inst_Juego|vibora[8].x[2]   ; spi_max7219:Inst_SPI|reg_desplazamiento[6] ; reloj_juego  ; reloj_1mhz  ; 0.500        ; -0.165     ; 10.528     ;
; -10.192 ; juego_vibora:Inst_Juego|vibora[0].y[0]   ; spi_max7219:Inst_SPI|reg_desplazamiento[3] ; reloj_juego  ; reloj_1mhz  ; 0.500        ; 0.359      ; 11.052     ;
; -10.191 ; juego_vibora:Inst_Juego|vibora[31].y[0]  ; spi_max7219:Inst_SPI|reg_desplazamiento[5] ; reloj_juego  ; reloj_1mhz  ; 0.500        ; -0.109     ; 10.583     ;
; -10.189 ; juego_vibora:Inst_Juego|vibora[9].y[1]   ; spi_max7219:Inst_SPI|reg_desplazamiento[2] ; reloj_juego  ; reloj_1mhz  ; 0.500        ; -0.168     ; 10.522     ;
; -10.172 ; juego_vibora:Inst_Juego|vibora[38].y[2]  ; spi_max7219:Inst_SPI|reg_desplazamiento[7] ; reloj_juego  ; reloj_1mhz  ; 0.500        ; -0.160     ; 10.513     ;
; -10.162 ; juego_vibora:Inst_Juego|vibora[0].y[1]   ; spi_max7219:Inst_SPI|reg_desplazamiento[1] ; reloj_juego  ; reloj_1mhz  ; 0.500        ; 0.365      ; 11.028     ;
; -10.161 ; juego_vibora:Inst_Juego|vibora[30].y[2]  ; spi_max7219:Inst_SPI|reg_desplazamiento[2] ; reloj_juego  ; reloj_1mhz  ; 0.500        ; 0.336      ; 10.998     ;
; -10.155 ; juego_vibora:Inst_Juego|vibora[32].y[2]  ; spi_max7219:Inst_SPI|reg_desplazamiento[3] ; reloj_juego  ; reloj_1mhz  ; 0.500        ; -0.139     ; 10.517     ;
; -10.153 ; juego_vibora:Inst_Juego|vibora[33].y[2]  ; spi_max7219:Inst_SPI|reg_desplazamiento[4] ; reloj_juego  ; reloj_1mhz  ; 0.500        ; -0.140     ; 10.514     ;
+---------+------------------------------------------+--------------------------------------------+--------------+-------------+--------------+------------+------------+


+--------------------------------------------------------------------------------------------------------------------------------------------------------------------+
; Slow 1200mV 85C Model Setup: 'reloj_juego'                                                                                                                         ;
+---------+------------------------------------------+-----------------------------------------+--------------+-------------+--------------+------------+------------+
; Slack   ; From Node                                ; To Node                                 ; Launch Clock ; Latch Clock ; Relationship ; Clock Skew ; Data Delay ;
+---------+------------------------------------------+-----------------------------------------+--------------+-------------+--------------+------------+------------+
; -10.436 ; juego_vibora:Inst_Juego|dir_actual[0]    ; juego_vibora:Inst_Juego|vibora[10].y[2] ; reloj_juego  ; reloj_juego ; 1.000        ; 0.381      ; 11.818     ;
; -10.256 ; juego_vibora:Inst_Juego|dir_actual[0]    ; juego_vibora:Inst_Juego|vibora[36].x[2] ; reloj_juego  ; reloj_juego ; 1.000        ; -0.075     ; 11.182     ;
; -10.240 ; juego_vibora:Inst_Juego|dir_actual[0]    ; juego_vibora:Inst_Juego|pos_comida.x[2] ; reloj_juego  ; reloj_juego ; 1.000        ; -0.090     ; 11.151     ;
; -10.240 ; juego_vibora:Inst_Juego|dir_actual[0]    ; juego_vibora:Inst_Juego|pos_comida.y[2] ; reloj_juego  ; reloj_juego ; 1.000        ; -0.090     ; 11.151     ;
; -10.240 ; juego_vibora:Inst_Juego|dir_actual[0]    ; juego_vibora:Inst_Juego|pos_comida.y[0] ; reloj_juego  ; reloj_juego ; 1.000        ; -0.090     ; 11.151     ;
; -10.240 ; juego_vibora:Inst_Juego|dir_actual[0]    ; juego_vibora:Inst_Juego|pos_comida.y[1] ; reloj_juego  ; reloj_juego ; 1.000        ; -0.090     ; 11.151     ;
; -10.240 ; juego_vibora:Inst_Juego|dir_actual[0]    ; juego_vibora:Inst_Juego|pos_comida.x[0] ; reloj_juego  ; reloj_juego ; 1.000        ; -0.090     ; 11.151     ;
; -10.240 ; juego_vibora:Inst_Juego|dir_actual[0]    ; juego_vibora:Inst_Juego|pos_comida.x[1] ; reloj_juego  ; reloj_juego ; 1.000        ; -0.090     ; 11.151     ;
; -10.223 ; juego_vibora:Inst_Juego|dir_actual[0]    ; juego_vibora:Inst_Juego|vibora[3].y[2]  ; reloj_juego  ; reloj_juego ; 1.000        ; -0.075     ; 11.149     ;
; -10.200 ; juego_vibora:Inst_Juego|vibora[0].y[0]   ; juego_vibora:Inst_Juego|vibora[10].y[2] ; reloj_juego  ; reloj_juego ; 1.000        ; 0.381      ; 11.582     ;
; -10.196 ; juego_vibora:Inst_Juego|vibora[0].y[2]   ; juego_vibora:Inst_Juego|vibora[10].y[2] ; reloj_juego  ; reloj_juego ; 1.000        ; 0.383      ; 11.580     ;
; -10.167 ; juego_vibora:Inst_Juego|tamano_vibora[5] ; juego_vibora:Inst_Juego|vibora[10].y[2] ; reloj_juego  ; reloj_juego ; 1.000        ; 0.386      ; 11.554     ;
; -10.153 ; juego_vibora:Inst_Juego|vibora[0].x[0]   ; juego_vibora:Inst_Juego|vibora[10].y[2] ; reloj_juego  ; reloj_juego ; 1.000        ; 0.381      ; 11.535     ;
; -10.146 ; juego_vibora:Inst_Juego|tamano_vibora[2] ; juego_vibora:Inst_Juego|vibora[10].y[2] ; reloj_juego  ; reloj_juego ; 1.000        ; 0.386      ; 11.533     ;
; -10.091 ; juego_vibora:Inst_Juego|dir_actual[0]    ; juego_vibora:Inst_Juego|vibora[18].y[0] ; reloj_juego  ; reloj_juego ; 1.000        ; -0.093     ; 10.999     ;
; -10.091 ; juego_vibora:Inst_Juego|dir_actual[0]    ; juego_vibora:Inst_Juego|vibora[18].y[2] ; reloj_juego  ; reloj_juego ; 1.000        ; -0.093     ; 10.999     ;
; -10.091 ; juego_vibora:Inst_Juego|dir_actual[0]    ; juego_vibora:Inst_Juego|vibora[18].x[2] ; reloj_juego  ; reloj_juego ; 1.000        ; -0.093     ; 10.999     ;
; -10.091 ; juego_vibora:Inst_Juego|dir_actual[0]    ; juego_vibora:Inst_Juego|vibora[18].x[0] ; reloj_juego  ; reloj_juego ; 1.000        ; -0.093     ; 10.999     ;
; -10.091 ; juego_vibora:Inst_Juego|dir_actual[0]    ; juego_vibora:Inst_Juego|vibora[18].y[1] ; reloj_juego  ; reloj_juego ; 1.000        ; -0.093     ; 10.999     ;
; -10.091 ; juego_vibora:Inst_Juego|dir_actual[0]    ; juego_vibora:Inst_Juego|vibora[18].x[1] ; reloj_juego  ; reloj_juego ; 1.000        ; -0.093     ; 10.999     ;
; -10.085 ; juego_vibora:Inst_Juego|dir_actual[0]    ; juego_vibora:Inst_Juego|vibora[32].y[0] ; reloj_juego  ; reloj_juego ; 1.000        ; -0.079     ; 11.007     ;
; -10.082 ; juego_vibora:Inst_Juego|dir_actual[0]    ; juego_vibora:Inst_Juego|vibora[14].y[2] ; reloj_juego  ; reloj_juego ; 1.000        ; 0.417      ; 11.500     ;
; -10.082 ; juego_vibora:Inst_Juego|dir_actual[0]    ; juego_vibora:Inst_Juego|vibora[14].x[2] ; reloj_juego  ; reloj_juego ; 1.000        ; 0.417      ; 11.500     ;
; -10.082 ; juego_vibora:Inst_Juego|dir_actual[0]    ; juego_vibora:Inst_Juego|vibora[14].x[0] ; reloj_juego  ; reloj_juego ; 1.000        ; 0.417      ; 11.500     ;
; -10.082 ; juego_vibora:Inst_Juego|dir_actual[0]    ; juego_vibora:Inst_Juego|vibora[14].y[1] ; reloj_juego  ; reloj_juego ; 1.000        ; 0.417      ; 11.500     ;
; -10.082 ; juego_vibora:Inst_Juego|dir_actual[0]    ; juego_vibora:Inst_Juego|vibora[14].x[1] ; reloj_juego  ; reloj_juego ; 1.000        ; 0.417      ; 11.500     ;
; -10.082 ; juego_vibora:Inst_Juego|dir_actual[0]    ; juego_vibora:Inst_Juego|vibora[14].y[0] ; reloj_juego  ; reloj_juego ; 1.000        ; 0.417      ; 11.500     ;
; -10.081 ; juego_vibora:Inst_Juego|dir_actual[0]    ; juego_vibora:Inst_Juego|vibora[38].x[1] ; reloj_juego  ; reloj_juego ; 1.000        ; 0.390      ; 11.472     ;
; -10.079 ; juego_vibora:Inst_Juego|dir_actual[0]    ; juego_vibora:Inst_Juego|vibora[20].y[0] ; reloj_juego  ; reloj_juego ; 1.000        ; 0.341      ; 11.421     ;
; -10.069 ; juego_vibora:Inst_Juego|dir_actual[0]    ; juego_vibora:Inst_Juego|vibora[48].x[1] ; reloj_juego  ; reloj_juego ; 1.000        ; 0.385      ; 11.455     ;
; -10.068 ; juego_vibora:Inst_Juego|dir_actual[0]    ; juego_vibora:Inst_Juego|vibora[54].x[2] ; reloj_juego  ; reloj_juego ; 1.000        ; 0.398      ; 11.467     ;
; -10.068 ; juego_vibora:Inst_Juego|dir_actual[0]    ; juego_vibora:Inst_Juego|vibora[54].y[2] ; reloj_juego  ; reloj_juego ; 1.000        ; 0.398      ; 11.467     ;
; -10.068 ; juego_vibora:Inst_Juego|dir_actual[0]    ; juego_vibora:Inst_Juego|vibora[54].y[0] ; reloj_juego  ; reloj_juego ; 1.000        ; 0.398      ; 11.467     ;
; -10.068 ; juego_vibora:Inst_Juego|dir_actual[0]    ; juego_vibora:Inst_Juego|vibora[54].y[1] ; reloj_juego  ; reloj_juego ; 1.000        ; 0.398      ; 11.467     ;
; -10.068 ; juego_vibora:Inst_Juego|dir_actual[0]    ; juego_vibora:Inst_Juego|vibora[54].x[1] ; reloj_juego  ; reloj_juego ; 1.000        ; 0.398      ; 11.467     ;
; -10.068 ; juego_vibora:Inst_Juego|dir_actual[0]    ; juego_vibora:Inst_Juego|vibora[54].x[0] ; reloj_juego  ; reloj_juego ; 1.000        ; 0.398      ; 11.467     ;
; -10.043 ; juego_vibora:Inst_Juego|dir_actual[0]    ; juego_vibora:Inst_Juego|vibora[4].y[2]  ; reloj_juego  ; reloj_juego ; 1.000        ; 0.381      ; 11.425     ;
; -10.043 ; juego_vibora:Inst_Juego|dir_actual[0]    ; juego_vibora:Inst_Juego|vibora[4].x[2]  ; reloj_juego  ; reloj_juego ; 1.000        ; 0.381      ; 11.425     ;
; -10.043 ; juego_vibora:Inst_Juego|dir_actual[0]    ; juego_vibora:Inst_Juego|vibora[4].x[0]  ; reloj_juego  ; reloj_juego ; 1.000        ; 0.381      ; 11.425     ;
; -10.043 ; juego_vibora:Inst_Juego|dir_actual[0]    ; juego_vibora:Inst_Juego|vibora[4].y[1]  ; reloj_juego  ; reloj_juego ; 1.000        ; 0.381      ; 11.425     ;
; -10.043 ; juego_vibora:Inst_Juego|dir_actual[0]    ; juego_vibora:Inst_Juego|vibora[4].x[1]  ; reloj_juego  ; reloj_juego ; 1.000        ; 0.381      ; 11.425     ;
; -10.043 ; juego_vibora:Inst_Juego|dir_actual[0]    ; juego_vibora:Inst_Juego|vibora[4].y[0]  ; reloj_juego  ; reloj_juego ; 1.000        ; 0.381      ; 11.425     ;
; -10.021 ; juego_vibora:Inst_Juego|vibora[0].x[1]   ; juego_vibora:Inst_Juego|vibora[10].y[2] ; reloj_juego  ; reloj_juego ; 1.000        ; 0.381      ; 11.403     ;
; -10.020 ; juego_vibora:Inst_Juego|vibora[0].y[0]   ; juego_vibora:Inst_Juego|vibora[36].x[2] ; reloj_juego  ; reloj_juego ; 1.000        ; -0.075     ; 10.946     ;
; -10.016 ; juego_vibora:Inst_Juego|vibora[0].y[2]   ; juego_vibora:Inst_Juego|vibora[36].x[2] ; reloj_juego  ; reloj_juego ; 1.000        ; -0.073     ; 10.944     ;
; -10.004 ; juego_vibora:Inst_Juego|vibora[0].y[0]   ; juego_vibora:Inst_Juego|pos_comida.x[2] ; reloj_juego  ; reloj_juego ; 1.000        ; -0.090     ; 10.915     ;
; -10.004 ; juego_vibora:Inst_Juego|vibora[0].y[0]   ; juego_vibora:Inst_Juego|pos_comida.y[2] ; reloj_juego  ; reloj_juego ; 1.000        ; -0.090     ; 10.915     ;
; -10.004 ; juego_vibora:Inst_Juego|vibora[0].y[0]   ; juego_vibora:Inst_Juego|pos_comida.y[0] ; reloj_juego  ; reloj_juego ; 1.000        ; -0.090     ; 10.915     ;
; -10.004 ; juego_vibora:Inst_Juego|vibora[0].y[0]   ; juego_vibora:Inst_Juego|pos_comida.y[1] ; reloj_juego  ; reloj_juego ; 1.000        ; -0.090     ; 10.915     ;
; -10.004 ; juego_vibora:Inst_Juego|vibora[0].y[0]   ; juego_vibora:Inst_Juego|pos_comida.x[0] ; reloj_juego  ; reloj_juego ; 1.000        ; -0.090     ; 10.915     ;
; -10.004 ; juego_vibora:Inst_Juego|vibora[0].y[0]   ; juego_vibora:Inst_Juego|pos_comida.x[1] ; reloj_juego  ; reloj_juego ; 1.000        ; -0.090     ; 10.915     ;
; -10.003 ; juego_vibora:Inst_Juego|tamano_vibora[1] ; juego_vibora:Inst_Juego|vibora[10].y[2] ; reloj_juego  ; reloj_juego ; 1.000        ; 0.386      ; 11.390     ;
; -10.000 ; juego_vibora:Inst_Juego|vibora[0].y[2]   ; juego_vibora:Inst_Juego|pos_comida.x[2] ; reloj_juego  ; reloj_juego ; 1.000        ; -0.088     ; 10.913     ;
; -10.000 ; juego_vibora:Inst_Juego|vibora[0].y[2]   ; juego_vibora:Inst_Juego|pos_comida.y[2] ; reloj_juego  ; reloj_juego ; 1.000        ; -0.088     ; 10.913     ;
; -10.000 ; juego_vibora:Inst_Juego|vibora[0].y[2]   ; juego_vibora:Inst_Juego|pos_comida.y[0] ; reloj_juego  ; reloj_juego ; 1.000        ; -0.088     ; 10.913     ;
; -10.000 ; juego_vibora:Inst_Juego|vibora[0].y[2]   ; juego_vibora:Inst_Juego|pos_comida.y[1] ; reloj_juego  ; reloj_juego ; 1.000        ; -0.088     ; 10.913     ;
; -10.000 ; juego_vibora:Inst_Juego|vibora[0].y[2]   ; juego_vibora:Inst_Juego|pos_comida.x[0] ; reloj_juego  ; reloj_juego ; 1.000        ; -0.088     ; 10.913     ;
; -10.000 ; juego_vibora:Inst_Juego|vibora[0].y[2]   ; juego_vibora:Inst_Juego|pos_comida.x[1] ; reloj_juego  ; reloj_juego ; 1.000        ; -0.088     ; 10.913     ;
; -9.991  ; juego_vibora:Inst_Juego|dir_actual[0]    ; juego_vibora:Inst_Juego|vibora[19].y[0] ; reloj_juego  ; reloj_juego ; 1.000        ; -0.087     ; 10.905     ;
; -9.989  ; juego_vibora:Inst_Juego|tamano_vibora[6] ; juego_vibora:Inst_Juego|vibora[10].y[2] ; reloj_juego  ; reloj_juego ; 1.000        ; 0.386      ; 11.376     ;
; -9.987  ; juego_vibora:Inst_Juego|vibora[0].y[0]   ; juego_vibora:Inst_Juego|vibora[3].y[2]  ; reloj_juego  ; reloj_juego ; 1.000        ; -0.075     ; 10.913     ;
; -9.987  ; juego_vibora:Inst_Juego|tamano_vibora[5] ; juego_vibora:Inst_Juego|vibora[36].x[2] ; reloj_juego  ; reloj_juego ; 1.000        ; -0.070     ; 10.918     ;
; -9.986  ; juego_vibora:Inst_Juego|vibora[0].y[1]   ; juego_vibora:Inst_Juego|vibora[10].y[2] ; reloj_juego  ; reloj_juego ; 1.000        ; 0.381      ; 11.368     ;
; -9.983  ; juego_vibora:Inst_Juego|vibora[0].y[2]   ; juego_vibora:Inst_Juego|vibora[3].y[2]  ; reloj_juego  ; reloj_juego ; 1.000        ; -0.073     ; 10.911     ;
; -9.978  ; juego_vibora:Inst_Juego|dir_actual[0]    ; juego_vibora:Inst_Juego|vibora[26].y[2] ; reloj_juego  ; reloj_juego ; 1.000        ; -0.117     ; 10.862     ;
; -9.973  ; juego_vibora:Inst_Juego|vibora[0].x[0]   ; juego_vibora:Inst_Juego|vibora[36].x[2] ; reloj_juego  ; reloj_juego ; 1.000        ; -0.075     ; 10.899     ;
; -9.971  ; juego_vibora:Inst_Juego|tamano_vibora[5] ; juego_vibora:Inst_Juego|pos_comida.x[2] ; reloj_juego  ; reloj_juego ; 1.000        ; -0.085     ; 10.887     ;
; -9.971  ; juego_vibora:Inst_Juego|tamano_vibora[5] ; juego_vibora:Inst_Juego|pos_comida.y[2] ; reloj_juego  ; reloj_juego ; 1.000        ; -0.085     ; 10.887     ;
; -9.971  ; juego_vibora:Inst_Juego|tamano_vibora[5] ; juego_vibora:Inst_Juego|pos_comida.y[0] ; reloj_juego  ; reloj_juego ; 1.000        ; -0.085     ; 10.887     ;
; -9.971  ; juego_vibora:Inst_Juego|tamano_vibora[5] ; juego_vibora:Inst_Juego|pos_comida.y[1] ; reloj_juego  ; reloj_juego ; 1.000        ; -0.085     ; 10.887     ;
; -9.971  ; juego_vibora:Inst_Juego|tamano_vibora[5] ; juego_vibora:Inst_Juego|pos_comida.x[0] ; reloj_juego  ; reloj_juego ; 1.000        ; -0.085     ; 10.887     ;
; -9.971  ; juego_vibora:Inst_Juego|tamano_vibora[5] ; juego_vibora:Inst_Juego|pos_comida.x[1] ; reloj_juego  ; reloj_juego ; 1.000        ; -0.085     ; 10.887     ;
; -9.966  ; juego_vibora:Inst_Juego|tamano_vibora[2] ; juego_vibora:Inst_Juego|vibora[36].x[2] ; reloj_juego  ; reloj_juego ; 1.000        ; -0.070     ; 10.897     ;
; -9.957  ; juego_vibora:Inst_Juego|vibora[0].x[0]   ; juego_vibora:Inst_Juego|pos_comida.x[2] ; reloj_juego  ; reloj_juego ; 1.000        ; -0.090     ; 10.868     ;
; -9.957  ; juego_vibora:Inst_Juego|vibora[0].x[0]   ; juego_vibora:Inst_Juego|pos_comida.y[2] ; reloj_juego  ; reloj_juego ; 1.000        ; -0.090     ; 10.868     ;
; -9.957  ; juego_vibora:Inst_Juego|vibora[0].x[0]   ; juego_vibora:Inst_Juego|pos_comida.y[0] ; reloj_juego  ; reloj_juego ; 1.000        ; -0.090     ; 10.868     ;
; -9.957  ; juego_vibora:Inst_Juego|vibora[0].x[0]   ; juego_vibora:Inst_Juego|pos_comida.y[1] ; reloj_juego  ; reloj_juego ; 1.000        ; -0.090     ; 10.868     ;
; -9.957  ; juego_vibora:Inst_Juego|vibora[0].x[0]   ; juego_vibora:Inst_Juego|pos_comida.x[0] ; reloj_juego  ; reloj_juego ; 1.000        ; -0.090     ; 10.868     ;
; -9.957  ; juego_vibora:Inst_Juego|vibora[0].x[0]   ; juego_vibora:Inst_Juego|pos_comida.x[1] ; reloj_juego  ; reloj_juego ; 1.000        ; -0.090     ; 10.868     ;
; -9.954  ; juego_vibora:Inst_Juego|tamano_vibora[5] ; juego_vibora:Inst_Juego|vibora[3].y[2]  ; reloj_juego  ; reloj_juego ; 1.000        ; -0.070     ; 10.885     ;
; -9.952  ; juego_vibora:Inst_Juego|dir_actual[1]    ; juego_vibora:Inst_Juego|vibora[10].y[2] ; reloj_juego  ; reloj_juego ; 1.000        ; 0.381      ; 11.334     ;
; -9.952  ; juego_vibora:Inst_Juego|tamano_vibora[3] ; juego_vibora:Inst_Juego|vibora[10].y[2] ; reloj_juego  ; reloj_juego ; 1.000        ; 0.386      ; 11.339     ;
; -9.950  ; juego_vibora:Inst_Juego|tamano_vibora[2] ; juego_vibora:Inst_Juego|pos_comida.x[2] ; reloj_juego  ; reloj_juego ; 1.000        ; -0.085     ; 10.866     ;
; -9.950  ; juego_vibora:Inst_Juego|tamano_vibora[2] ; juego_vibora:Inst_Juego|pos_comida.y[2] ; reloj_juego  ; reloj_juego ; 1.000        ; -0.085     ; 10.866     ;
; -9.950  ; juego_vibora:Inst_Juego|tamano_vibora[2] ; juego_vibora:Inst_Juego|pos_comida.y[0] ; reloj_juego  ; reloj_juego ; 1.000        ; -0.085     ; 10.866     ;
; -9.950  ; juego_vibora:Inst_Juego|tamano_vibora[2] ; juego_vibora:Inst_Juego|pos_comida.y[1] ; reloj_juego  ; reloj_juego ; 1.000        ; -0.085     ; 10.866     ;
; -9.950  ; juego_vibora:Inst_Juego|tamano_vibora[2] ; juego_vibora:Inst_Juego|pos_comida.x[0] ; reloj_juego  ; reloj_juego ; 1.000        ; -0.085     ; 10.866     ;
; -9.950  ; juego_vibora:Inst_Juego|tamano_vibora[2] ; juego_vibora:Inst_Juego|pos_comida.x[1] ; reloj_juego  ; reloj_juego ; 1.000        ; -0.085     ; 10.866     ;
; -9.942  ; juego_vibora:Inst_Juego|dir_actual[0]    ; juego_vibora:Inst_Juego|vibora[50].y[1] ; reloj_juego  ; reloj_juego ; 1.000        ; 0.385      ; 11.328     ;
; -9.940  ; juego_vibora:Inst_Juego|vibora[0].x[0]   ; juego_vibora:Inst_Juego|vibora[3].y[2]  ; reloj_juego  ; reloj_juego ; 1.000        ; -0.075     ; 10.866     ;
; -9.933  ; juego_vibora:Inst_Juego|tamano_vibora[2] ; juego_vibora:Inst_Juego|vibora[3].y[2]  ; reloj_juego  ; reloj_juego ; 1.000        ; -0.070     ; 10.864     ;
; -9.927  ; juego_vibora:Inst_Juego|vibora[0].x[2]   ; juego_vibora:Inst_Juego|vibora[10].y[2] ; reloj_juego  ; reloj_juego ; 1.000        ; 0.381      ; 11.309     ;
; -9.903  ; juego_vibora:Inst_Juego|dir_actual[0]    ; juego_vibora:Inst_Juego|vibora[13].y[2] ; reloj_juego  ; reloj_juego ; 1.000        ; 0.417      ; 11.321     ;
; -9.903  ; juego_vibora:Inst_Juego|dir_actual[0]    ; juego_vibora:Inst_Juego|vibora[13].x[2] ; reloj_juego  ; reloj_juego ; 1.000        ; 0.417      ; 11.321     ;
; -9.903  ; juego_vibora:Inst_Juego|dir_actual[0]    ; juego_vibora:Inst_Juego|vibora[13].x[0] ; reloj_juego  ; reloj_juego ; 1.000        ; 0.417      ; 11.321     ;
; -9.903  ; juego_vibora:Inst_Juego|dir_actual[0]    ; juego_vibora:Inst_Juego|vibora[13].y[1] ; reloj_juego  ; reloj_juego ; 1.000        ; 0.417      ; 11.321     ;
; -9.903  ; juego_vibora:Inst_Juego|dir_actual[0]    ; juego_vibora:Inst_Juego|vibora[13].x[1] ; reloj_juego  ; reloj_juego ; 1.000        ; 0.417      ; 11.321     ;
; -9.903  ; juego_vibora:Inst_Juego|dir_actual[0]    ; juego_vibora:Inst_Juego|vibora[13].y[0] ; reloj_juego  ; reloj_juego ; 1.000        ; 0.417      ; 11.321     ;
; -9.879  ; juego_vibora:Inst_Juego|dir_actual[0]    ; juego_vibora:Inst_Juego|vibora[22].x[0] ; reloj_juego  ; reloj_juego ; 1.000        ; -0.100     ; 10.780     ;
; -9.874  ; juego_vibora:Inst_Juego|dir_actual[0]    ; juego_vibora:Inst_Juego|vibora[59].x[2] ; reloj_juego  ; reloj_juego ; 1.000        ; -0.099     ; 10.776     ;
+---------+------------------------------------------+-----------------------------------------+--------------+-------------+--------------+------------+------------+


+-----------------------------------------------------------------------------------------------------------------------------------------------------------------------+
; Slow 1200mV 85C Model Setup: 'reloj_50mhz'                                                                                                                            ;
+--------+------------------------------------------+---------------------------------------------+--------------+-------------+--------------+------------+------------+
; Slack  ; From Node                                ; To Node                                     ; Launch Clock ; Latch Clock ; Relationship ; Clock Skew ; Data Delay ;
+--------+------------------------------------------+---------------------------------------------+--------------+-------------+--------------+------------+------------+
; -6.427 ; juego_vibora:Inst_Juego|tamano_vibora[0] ; efectos_sonido:Inst_Audio|max_tono[5]       ; reloj_juego  ; reloj_50mhz ; 1.000        ; -0.336     ; 7.082      ;
; -6.427 ; juego_vibora:Inst_Juego|tamano_vibora[0] ; efectos_sonido:Inst_Audio|max_tono[13]      ; reloj_juego  ; reloj_50mhz ; 1.000        ; -0.336     ; 7.082      ;
; -6.427 ; juego_vibora:Inst_Juego|tamano_vibora[0] ; efectos_sonido:Inst_Audio|max_tono[10]      ; reloj_juego  ; reloj_50mhz ; 1.000        ; -0.336     ; 7.082      ;
; -6.355 ; juego_vibora:Inst_Juego|tamano_vibora[1] ; efectos_sonido:Inst_Audio|max_tono[5]       ; reloj_juego  ; reloj_50mhz ; 1.000        ; -0.337     ; 7.009      ;
; -6.355 ; juego_vibora:Inst_Juego|tamano_vibora[1] ; efectos_sonido:Inst_Audio|max_tono[13]      ; reloj_juego  ; reloj_50mhz ; 1.000        ; -0.337     ; 7.009      ;
; -6.355 ; juego_vibora:Inst_Juego|tamano_vibora[1] ; efectos_sonido:Inst_Audio|max_tono[10]      ; reloj_juego  ; reloj_50mhz ; 1.000        ; -0.337     ; 7.009      ;
; -6.283 ; juego_vibora:Inst_Juego|tamano_vibora[3] ; efectos_sonido:Inst_Audio|max_tono[5]       ; reloj_juego  ; reloj_50mhz ; 1.000        ; -0.337     ; 6.937      ;
; -6.283 ; juego_vibora:Inst_Juego|tamano_vibora[3] ; efectos_sonido:Inst_Audio|max_tono[13]      ; reloj_juego  ; reloj_50mhz ; 1.000        ; -0.337     ; 6.937      ;
; -6.283 ; juego_vibora:Inst_Juego|tamano_vibora[3] ; efectos_sonido:Inst_Audio|max_tono[10]      ; reloj_juego  ; reloj_50mhz ; 1.000        ; -0.337     ; 6.937      ;
; -6.233 ; juego_vibora:Inst_Juego|tamano_vibora[2] ; efectos_sonido:Inst_Audio|max_tono[5]       ; reloj_juego  ; reloj_50mhz ; 1.000        ; -0.337     ; 6.887      ;
; -6.233 ; juego_vibora:Inst_Juego|tamano_vibora[2] ; efectos_sonido:Inst_Audio|max_tono[13]      ; reloj_juego  ; reloj_50mhz ; 1.000        ; -0.337     ; 6.887      ;
; -6.233 ; juego_vibora:Inst_Juego|tamano_vibora[2] ; efectos_sonido:Inst_Audio|max_tono[10]      ; reloj_juego  ; reloj_50mhz ; 1.000        ; -0.337     ; 6.887      ;
; -6.083 ; juego_vibora:Inst_Juego|tamano_vibora[4] ; efectos_sonido:Inst_Audio|max_tono[5]       ; reloj_juego  ; reloj_50mhz ; 1.000        ; -0.337     ; 6.737      ;
; -6.083 ; juego_vibora:Inst_Juego|tamano_vibora[4] ; efectos_sonido:Inst_Audio|max_tono[13]      ; reloj_juego  ; reloj_50mhz ; 1.000        ; -0.337     ; 6.737      ;
; -6.083 ; juego_vibora:Inst_Juego|tamano_vibora[4] ; efectos_sonido:Inst_Audio|max_tono[10]      ; reloj_juego  ; reloj_50mhz ; 1.000        ; -0.337     ; 6.737      ;
; -6.057 ; juego_vibora:Inst_Juego|tamano_vibora[0] ; efectos_sonido:Inst_Audio|duracion[11]      ; reloj_juego  ; reloj_50mhz ; 1.000        ; 0.103      ; 7.151      ;
; -6.038 ; juego_vibora:Inst_Juego|tamano_vibora[0] ; efectos_sonido:Inst_Audio|duracion[24]      ; reloj_juego  ; reloj_50mhz ; 1.000        ; 0.104      ; 7.133      ;
; -5.968 ; juego_vibora:Inst_Juego|tamano_vibora[5] ; efectos_sonido:Inst_Audio|max_tono[5]       ; reloj_juego  ; reloj_50mhz ; 1.000        ; -0.337     ; 6.622      ;
; -5.968 ; juego_vibora:Inst_Juego|tamano_vibora[5] ; efectos_sonido:Inst_Audio|max_tono[13]      ; reloj_juego  ; reloj_50mhz ; 1.000        ; -0.337     ; 6.622      ;
; -5.968 ; juego_vibora:Inst_Juego|tamano_vibora[5] ; efectos_sonido:Inst_Audio|max_tono[10]      ; reloj_juego  ; reloj_50mhz ; 1.000        ; -0.337     ; 6.622      ;
; -5.966 ; juego_vibora:Inst_Juego|tamano_vibora[1] ; efectos_sonido:Inst_Audio|duracion[24]      ; reloj_juego  ; reloj_50mhz ; 1.000        ; 0.103      ; 7.060      ;
; -5.912 ; juego_vibora:Inst_Juego|tamano_vibora[1] ; efectos_sonido:Inst_Audio|duracion[11]      ; reloj_juego  ; reloj_50mhz ; 1.000        ; 0.102      ; 7.005      ;
; -5.894 ; juego_vibora:Inst_Juego|tamano_vibora[3] ; efectos_sonido:Inst_Audio|duracion[24]      ; reloj_juego  ; reloj_50mhz ; 1.000        ; 0.103      ; 6.988      ;
; -5.891 ; juego_vibora:Inst_Juego|tamano_vibora[2] ; efectos_sonido:Inst_Audio|duracion[11]      ; reloj_juego  ; reloj_50mhz ; 1.000        ; 0.102      ; 6.984      ;
; -5.877 ; juego_vibora:Inst_Juego|tamano_vibora[0] ; efectos_sonido:Inst_Audio|duracion[23]      ; reloj_juego  ; reloj_50mhz ; 1.000        ; 0.104      ; 6.972      ;
; -5.861 ; juego_vibora:Inst_Juego|tamano_vibora[2] ; efectos_sonido:Inst_Audio|duracion[24]      ; reloj_juego  ; reloj_50mhz ; 1.000        ; 0.103      ; 6.955      ;
; -5.860 ; juego_vibora:Inst_Juego|tamano_vibora[0] ; efectos_sonido:Inst_Audio|duracion[6]       ; reloj_juego  ; reloj_50mhz ; 1.000        ; 0.102      ; 6.953      ;
; -5.860 ; juego_vibora:Inst_Juego|tamano_vibora[0] ; efectos_sonido:Inst_Audio|duracion[7]       ; reloj_juego  ; reloj_50mhz ; 1.000        ; 0.102      ; 6.953      ;
; -5.854 ; juego_vibora:Inst_Juego|tamano_vibora[0] ; efectos_sonido:Inst_Audio|duracion[0]       ; reloj_juego  ; reloj_50mhz ; 1.000        ; 0.174      ; 7.019      ;
; -5.853 ; juego_vibora:Inst_Juego|tamano_vibora[0] ; efectos_sonido:Inst_Audio|duracion[3]       ; reloj_juego  ; reloj_50mhz ; 1.000        ; 0.174      ; 7.018      ;
; -5.843 ; juego_vibora:Inst_Juego|tamano_vibora[3] ; efectos_sonido:Inst_Audio|duracion[11]      ; reloj_juego  ; reloj_50mhz ; 1.000        ; 0.102      ; 6.936      ;
; -5.840 ; juego_vibora:Inst_Juego|tamano_vibora[0] ; efectos_sonido:Inst_Audio|ultimo_puntaje[0] ; reloj_juego  ; reloj_50mhz ; 1.000        ; 0.096      ; 6.927      ;
; -5.840 ; juego_vibora:Inst_Juego|tamano_vibora[0] ; efectos_sonido:Inst_Audio|ultimo_puntaje[1] ; reloj_juego  ; reloj_50mhz ; 1.000        ; 0.096      ; 6.927      ;
; -5.840 ; juego_vibora:Inst_Juego|tamano_vibora[0] ; efectos_sonido:Inst_Audio|ultimo_puntaje[2] ; reloj_juego  ; reloj_50mhz ; 1.000        ; 0.096      ; 6.927      ;
; -5.840 ; juego_vibora:Inst_Juego|tamano_vibora[0] ; efectos_sonido:Inst_Audio|ultimo_puntaje[3] ; reloj_juego  ; reloj_50mhz ; 1.000        ; 0.096      ; 6.927      ;
; -5.840 ; juego_vibora:Inst_Juego|tamano_vibora[0] ; efectos_sonido:Inst_Audio|ultimo_puntaje[4] ; reloj_juego  ; reloj_50mhz ; 1.000        ; 0.096      ; 6.927      ;
; -5.840 ; juego_vibora:Inst_Juego|tamano_vibora[0] ; efectos_sonido:Inst_Audio|ultimo_puntaje[5] ; reloj_juego  ; reloj_50mhz ; 1.000        ; 0.096      ; 6.927      ;
; -5.840 ; juego_vibora:Inst_Juego|tamano_vibora[0] ; efectos_sonido:Inst_Audio|ultimo_puntaje[6] ; reloj_juego  ; reloj_50mhz ; 1.000        ; 0.096      ; 6.927      ;
; -5.837 ; juego_vibora:Inst_Juego|tamano_vibora[0] ; efectos_sonido:Inst_Audio|duracion[8]       ; reloj_juego  ; reloj_50mhz ; 1.000        ; -0.337     ; 6.491      ;
; -5.837 ; juego_vibora:Inst_Juego|tamano_vibora[0] ; efectos_sonido:Inst_Audio|duracion[22]      ; reloj_juego  ; reloj_50mhz ; 1.000        ; -0.337     ; 6.491      ;
; -5.836 ; juego_vibora:Inst_Juego|tamano_vibora[0] ; efectos_sonido:Inst_Audio|duracion[9]       ; reloj_juego  ; reloj_50mhz ; 1.000        ; -0.337     ; 6.490      ;
; -5.825 ; juego_vibora:Inst_Juego|tamano_vibora[0] ; efectos_sonido:Inst_Audio|duracion[15]      ; reloj_juego  ; reloj_50mhz ; 1.000        ; 0.102      ; 6.918      ;
; -5.825 ; juego_vibora:Inst_Juego|tamano_vibora[0] ; efectos_sonido:Inst_Audio|duracion[16]      ; reloj_juego  ; reloj_50mhz ; 1.000        ; 0.102      ; 6.918      ;
; -5.825 ; juego_vibora:Inst_Juego|tamano_vibora[0] ; efectos_sonido:Inst_Audio|duracion[18]      ; reloj_juego  ; reloj_50mhz ; 1.000        ; 0.102      ; 6.918      ;
; -5.812 ; juego_vibora:Inst_Juego|tamano_vibora[0] ; efectos_sonido:Inst_Audio|duracion[1]       ; reloj_juego  ; reloj_50mhz ; 1.000        ; 0.174      ; 6.977      ;
; -5.812 ; juego_vibora:Inst_Juego|tamano_vibora[0] ; efectos_sonido:Inst_Audio|duracion[2]       ; reloj_juego  ; reloj_50mhz ; 1.000        ; 0.174      ; 6.977      ;
; -5.790 ; juego_vibora:Inst_Juego|tamano_vibora[0] ; efectos_sonido:Inst_Audio|duracion[5]       ; reloj_juego  ; reloj_50mhz ; 1.000        ; -0.337     ; 6.444      ;
; -5.788 ; juego_vibora:Inst_Juego|tamano_vibora[0] ; efectos_sonido:Inst_Audio|duracion[17]      ; reloj_juego  ; reloj_50mhz ; 1.000        ; -0.337     ; 6.442      ;
; -5.787 ; juego_vibora:Inst_Juego|tamano_vibora[0] ; efectos_sonido:Inst_Audio|duracion[12]      ; reloj_juego  ; reloj_50mhz ; 1.000        ; -0.337     ; 6.441      ;
; -5.781 ; juego_vibora:Inst_Juego|tamano_vibora[1] ; efectos_sonido:Inst_Audio|duracion[23]      ; reloj_juego  ; reloj_50mhz ; 1.000        ; 0.103      ; 6.875      ;
; -5.741 ; juego_vibora:Inst_Juego|tamano_vibora[4] ; efectos_sonido:Inst_Audio|duracion[11]      ; reloj_juego  ; reloj_50mhz ; 1.000        ; 0.102      ; 6.834      ;
; -5.723 ; juego_vibora:Inst_Juego|tamano_vibora[0] ; efectos_sonido:Inst_Audio|duracion[4]       ; reloj_juego  ; reloj_50mhz ; 1.000        ; -0.337     ; 6.377      ;
; -5.717 ; juego_vibora:Inst_Juego|tamano_vibora[0] ; efectos_sonido:Inst_Audio|duracion[13]      ; reloj_juego  ; reloj_50mhz ; 1.000        ; -0.337     ; 6.371      ;
; -5.715 ; juego_vibora:Inst_Juego|tamano_vibora[1] ; efectos_sonido:Inst_Audio|duracion[6]       ; reloj_juego  ; reloj_50mhz ; 1.000        ; 0.101      ; 6.807      ;
; -5.715 ; juego_vibora:Inst_Juego|tamano_vibora[1] ; efectos_sonido:Inst_Audio|duracion[7]       ; reloj_juego  ; reloj_50mhz ; 1.000        ; 0.101      ; 6.807      ;
; -5.711 ; juego_vibora:Inst_Juego|tamano_vibora[4] ; efectos_sonido:Inst_Audio|duracion[24]      ; reloj_juego  ; reloj_50mhz ; 1.000        ; 0.103      ; 6.805      ;
; -5.711 ; juego_vibora:Inst_Juego|tamano_vibora[2] ; efectos_sonido:Inst_Audio|duracion[23]      ; reloj_juego  ; reloj_50mhz ; 1.000        ; 0.103      ; 6.805      ;
; -5.709 ; juego_vibora:Inst_Juego|tamano_vibora[3] ; efectos_sonido:Inst_Audio|duracion[23]      ; reloj_juego  ; reloj_50mhz ; 1.000        ; 0.103      ; 6.803      ;
; -5.709 ; juego_vibora:Inst_Juego|tamano_vibora[1] ; efectos_sonido:Inst_Audio|duracion[0]       ; reloj_juego  ; reloj_50mhz ; 1.000        ; 0.173      ; 6.873      ;
; -5.708 ; juego_vibora:Inst_Juego|tamano_vibora[1] ; efectos_sonido:Inst_Audio|duracion[3]       ; reloj_juego  ; reloj_50mhz ; 1.000        ; 0.173      ; 6.872      ;
; -5.695 ; juego_vibora:Inst_Juego|tamano_vibora[1] ; efectos_sonido:Inst_Audio|ultimo_puntaje[0] ; reloj_juego  ; reloj_50mhz ; 1.000        ; 0.095      ; 6.781      ;
; -5.695 ; juego_vibora:Inst_Juego|tamano_vibora[1] ; efectos_sonido:Inst_Audio|ultimo_puntaje[1] ; reloj_juego  ; reloj_50mhz ; 1.000        ; 0.095      ; 6.781      ;
; -5.695 ; juego_vibora:Inst_Juego|tamano_vibora[1] ; efectos_sonido:Inst_Audio|ultimo_puntaje[2] ; reloj_juego  ; reloj_50mhz ; 1.000        ; 0.095      ; 6.781      ;
; -5.695 ; juego_vibora:Inst_Juego|tamano_vibora[1] ; efectos_sonido:Inst_Audio|ultimo_puntaje[3] ; reloj_juego  ; reloj_50mhz ; 1.000        ; 0.095      ; 6.781      ;
; -5.695 ; juego_vibora:Inst_Juego|tamano_vibora[1] ; efectos_sonido:Inst_Audio|ultimo_puntaje[4] ; reloj_juego  ; reloj_50mhz ; 1.000        ; 0.095      ; 6.781      ;
; -5.695 ; juego_vibora:Inst_Juego|tamano_vibora[1] ; efectos_sonido:Inst_Audio|ultimo_puntaje[5] ; reloj_juego  ; reloj_50mhz ; 1.000        ; 0.095      ; 6.781      ;
; -5.695 ; juego_vibora:Inst_Juego|tamano_vibora[1] ; efectos_sonido:Inst_Audio|ultimo_puntaje[6] ; reloj_juego  ; reloj_50mhz ; 1.000        ; 0.095      ; 6.781      ;
; -5.694 ; juego_vibora:Inst_Juego|tamano_vibora[2] ; efectos_sonido:Inst_Audio|duracion[6]       ; reloj_juego  ; reloj_50mhz ; 1.000        ; 0.101      ; 6.786      ;
; -5.694 ; juego_vibora:Inst_Juego|tamano_vibora[2] ; efectos_sonido:Inst_Audio|duracion[7]       ; reloj_juego  ; reloj_50mhz ; 1.000        ; 0.101      ; 6.786      ;
; -5.692 ; juego_vibora:Inst_Juego|tamano_vibora[1] ; efectos_sonido:Inst_Audio|duracion[8]       ; reloj_juego  ; reloj_50mhz ; 1.000        ; -0.338     ; 6.345      ;
; -5.692 ; juego_vibora:Inst_Juego|tamano_vibora[1] ; efectos_sonido:Inst_Audio|duracion[22]      ; reloj_juego  ; reloj_50mhz ; 1.000        ; -0.338     ; 6.345      ;
; -5.691 ; juego_vibora:Inst_Juego|tamano_vibora[1] ; efectos_sonido:Inst_Audio|duracion[9]       ; reloj_juego  ; reloj_50mhz ; 1.000        ; -0.338     ; 6.344      ;
; -5.688 ; juego_vibora:Inst_Juego|tamano_vibora[2] ; efectos_sonido:Inst_Audio|duracion[0]       ; reloj_juego  ; reloj_50mhz ; 1.000        ; 0.173      ; 6.852      ;
; -5.687 ; juego_vibora:Inst_Juego|tamano_vibora[2] ; efectos_sonido:Inst_Audio|duracion[3]       ; reloj_juego  ; reloj_50mhz ; 1.000        ; 0.173      ; 6.851      ;
; -5.683 ; juego_vibora:Inst_Juego|tamano_vibora[1] ; efectos_sonido:Inst_Audio|duracion[5]       ; reloj_juego  ; reloj_50mhz ; 1.000        ; -0.338     ; 6.336      ;
; -5.680 ; juego_vibora:Inst_Juego|tamano_vibora[1] ; efectos_sonido:Inst_Audio|duracion[12]      ; reloj_juego  ; reloj_50mhz ; 1.000        ; -0.338     ; 6.333      ;
; -5.680 ; juego_vibora:Inst_Juego|tamano_vibora[1] ; efectos_sonido:Inst_Audio|duracion[17]      ; reloj_juego  ; reloj_50mhz ; 1.000        ; -0.338     ; 6.333      ;
; -5.680 ; juego_vibora:Inst_Juego|tamano_vibora[1] ; efectos_sonido:Inst_Audio|duracion[15]      ; reloj_juego  ; reloj_50mhz ; 1.000        ; 0.101      ; 6.772      ;
; -5.680 ; juego_vibora:Inst_Juego|tamano_vibora[1] ; efectos_sonido:Inst_Audio|duracion[16]      ; reloj_juego  ; reloj_50mhz ; 1.000        ; 0.101      ; 6.772      ;
; -5.680 ; juego_vibora:Inst_Juego|tamano_vibora[1] ; efectos_sonido:Inst_Audio|duracion[18]      ; reloj_juego  ; reloj_50mhz ; 1.000        ; 0.101      ; 6.772      ;
; -5.674 ; juego_vibora:Inst_Juego|tamano_vibora[2] ; efectos_sonido:Inst_Audio|ultimo_puntaje[0] ; reloj_juego  ; reloj_50mhz ; 1.000        ; 0.095      ; 6.760      ;
; -5.674 ; juego_vibora:Inst_Juego|tamano_vibora[2] ; efectos_sonido:Inst_Audio|ultimo_puntaje[1] ; reloj_juego  ; reloj_50mhz ; 1.000        ; 0.095      ; 6.760      ;
; -5.674 ; juego_vibora:Inst_Juego|tamano_vibora[2] ; efectos_sonido:Inst_Audio|ultimo_puntaje[2] ; reloj_juego  ; reloj_50mhz ; 1.000        ; 0.095      ; 6.760      ;
; -5.674 ; juego_vibora:Inst_Juego|tamano_vibora[2] ; efectos_sonido:Inst_Audio|ultimo_puntaje[3] ; reloj_juego  ; reloj_50mhz ; 1.000        ; 0.095      ; 6.760      ;
; -5.674 ; juego_vibora:Inst_Juego|tamano_vibora[2] ; efectos_sonido:Inst_Audio|ultimo_puntaje[4] ; reloj_juego  ; reloj_50mhz ; 1.000        ; 0.095      ; 6.760      ;
; -5.674 ; juego_vibora:Inst_Juego|tamano_vibora[2] ; efectos_sonido:Inst_Audio|ultimo_puntaje[5] ; reloj_juego  ; reloj_50mhz ; 1.000        ; 0.095      ; 6.760      ;
; -5.674 ; juego_vibora:Inst_Juego|tamano_vibora[2] ; efectos_sonido:Inst_Audio|ultimo_puntaje[6] ; reloj_juego  ; reloj_50mhz ; 1.000        ; 0.095      ; 6.760      ;
; -5.671 ; juego_vibora:Inst_Juego|tamano_vibora[2] ; efectos_sonido:Inst_Audio|duracion[8]       ; reloj_juego  ; reloj_50mhz ; 1.000        ; -0.338     ; 6.324      ;
; -5.671 ; juego_vibora:Inst_Juego|tamano_vibora[2] ; efectos_sonido:Inst_Audio|duracion[22]      ; reloj_juego  ; reloj_50mhz ; 1.000        ; -0.338     ; 6.324      ;
; -5.670 ; juego_vibora:Inst_Juego|tamano_vibora[2] ; efectos_sonido:Inst_Audio|duracion[9]       ; reloj_juego  ; reloj_50mhz ; 1.000        ; -0.338     ; 6.323      ;
; -5.667 ; juego_vibora:Inst_Juego|tamano_vibora[1] ; efectos_sonido:Inst_Audio|duracion[1]       ; reloj_juego  ; reloj_50mhz ; 1.000        ; 0.173      ; 6.831      ;
; -5.667 ; juego_vibora:Inst_Juego|tamano_vibora[1] ; efectos_sonido:Inst_Audio|duracion[2]       ; reloj_juego  ; reloj_50mhz ; 1.000        ; 0.173      ; 6.831      ;
; -5.659 ; juego_vibora:Inst_Juego|tamano_vibora[2] ; efectos_sonido:Inst_Audio|duracion[15]      ; reloj_juego  ; reloj_50mhz ; 1.000        ; 0.101      ; 6.751      ;
; -5.659 ; juego_vibora:Inst_Juego|tamano_vibora[2] ; efectos_sonido:Inst_Audio|duracion[16]      ; reloj_juego  ; reloj_50mhz ; 1.000        ; 0.101      ; 6.751      ;
; -5.659 ; juego_vibora:Inst_Juego|tamano_vibora[2] ; efectos_sonido:Inst_Audio|duracion[18]      ; reloj_juego  ; reloj_50mhz ; 1.000        ; 0.101      ; 6.751      ;
; -5.654 ; juego_vibora:Inst_Juego|tamano_vibora[0] ; efectos_sonido:Inst_Audio|duracion[19]      ; reloj_juego  ; reloj_50mhz ; 1.000        ; 0.102      ; 6.747      ;
; -5.649 ; juego_vibora:Inst_Juego|tamano_vibora[0] ; efectos_sonido:Inst_Audio|duracion[14]      ; reloj_juego  ; reloj_50mhz ; 1.000        ; 0.102      ; 6.742      ;
; -5.646 ; juego_vibora:Inst_Juego|tamano_vibora[2] ; efectos_sonido:Inst_Audio|duracion[1]       ; reloj_juego  ; reloj_50mhz ; 1.000        ; 0.173      ; 6.810      ;
; -5.646 ; juego_vibora:Inst_Juego|tamano_vibora[2] ; efectos_sonido:Inst_Audio|duracion[2]       ; reloj_juego  ; reloj_50mhz ; 1.000        ; 0.173      ; 6.810      ;
; -5.646 ; juego_vibora:Inst_Juego|tamano_vibora[3] ; efectos_sonido:Inst_Audio|duracion[6]       ; reloj_juego  ; reloj_50mhz ; 1.000        ; 0.101      ; 6.738      ;
+--------+------------------------------------------+---------------------------------------------+--------------+-------------+--------------+------------+------------+


+-------------------------------------------------------------------------------------------------------------------------------------------------------------------------------+
; Slow 1200mV 85C Model Hold: 'reloj_50mhz'                                                                                                                                     ;
+-------+------------------------------------------------+------------------------------------------------+--------------+-------------+--------------+------------+------------+
; Slack ; From Node                                      ; To Node                                        ; Launch Clock ; Latch Clock ; Relationship ; Clock Skew ; Data Delay ;
+-------+------------------------------------------------+------------------------------------------------+--------------+-------------+--------------+------------+------------+
; 0.432 ; efectos_sonido:Inst_Audio|duracion[0]          ; efectos_sonido:Inst_Audio|duracion[0]          ; reloj_50mhz  ; reloj_50mhz ; 0.000        ; 0.102      ; 0.746      ;
; 0.432 ; efectos_sonido:Inst_Audio|duracion[1]          ; efectos_sonido:Inst_Audio|duracion[1]          ; reloj_50mhz  ; reloj_50mhz ; 0.000        ; 0.102      ; 0.746      ;
; 0.432 ; efectos_sonido:Inst_Audio|duracion[2]          ; efectos_sonido:Inst_Audio|duracion[2]          ; reloj_50mhz  ; reloj_50mhz ; 0.000        ; 0.102      ; 0.746      ;
; 0.432 ; efectos_sonido:Inst_Audio|duracion[3]          ; efectos_sonido:Inst_Audio|duracion[3]          ; reloj_50mhz  ; reloj_50mhz ; 0.000        ; 0.102      ; 0.746      ;
; 0.435 ; efectos_sonido:Inst_Audio|duracion[10]         ; efectos_sonido:Inst_Audio|duracion[10]         ; reloj_50mhz  ; reloj_50mhz ; 0.000        ; 0.099      ; 0.746      ;
; 0.435 ; efectos_sonido:Inst_Audio|duracion[14]         ; efectos_sonido:Inst_Audio|duracion[14]         ; reloj_50mhz  ; reloj_50mhz ; 0.000        ; 0.099      ; 0.746      ;
; 0.435 ; efectos_sonido:Inst_Audio|duracion[19]         ; efectos_sonido:Inst_Audio|duracion[19]         ; reloj_50mhz  ; reloj_50mhz ; 0.000        ; 0.099      ; 0.746      ;
; 0.435 ; efectos_sonido:Inst_Audio|duracion[20]         ; efectos_sonido:Inst_Audio|duracion[20]         ; reloj_50mhz  ; reloj_50mhz ; 0.000        ; 0.099      ; 0.746      ;
; 0.435 ; efectos_sonido:Inst_Audio|duracion[21]         ; efectos_sonido:Inst_Audio|duracion[21]         ; reloj_50mhz  ; reloj_50mhz ; 0.000        ; 0.099      ; 0.746      ;
; 0.435 ; efectos_sonido:Inst_Audio|reproduciendo        ; efectos_sonido:Inst_Audio|reproduciendo        ; reloj_50mhz  ; reloj_50mhz ; 0.000        ; 0.099      ; 0.746      ;
; 0.453 ; efectos_sonido:Inst_Audio|reg_zumbador         ; efectos_sonido:Inst_Audio|reg_zumbador         ; reloj_50mhz  ; reloj_50mhz ; 0.000        ; 0.081      ; 0.746      ;
; 0.453 ; efectos_sonido:Inst_Audio|duracion[4]          ; efectos_sonido:Inst_Audio|duracion[4]          ; reloj_50mhz  ; reloj_50mhz ; 0.000        ; 0.081      ; 0.746      ;
; 0.453 ; efectos_sonido:Inst_Audio|duracion[13]         ; efectos_sonido:Inst_Audio|duracion[13]         ; reloj_50mhz  ; reloj_50mhz ; 0.000        ; 0.081      ; 0.746      ;
; 0.454 ; efectos_sonido:Inst_Audio|duracion[5]          ; efectos_sonido:Inst_Audio|duracion[5]          ; reloj_50mhz  ; reloj_50mhz ; 0.000        ; 0.080      ; 0.746      ;
; 0.454 ; efectos_sonido:Inst_Audio|duracion[8]          ; efectos_sonido:Inst_Audio|duracion[8]          ; reloj_50mhz  ; reloj_50mhz ; 0.000        ; 0.080      ; 0.746      ;
; 0.454 ; efectos_sonido:Inst_Audio|duracion[9]          ; efectos_sonido:Inst_Audio|duracion[9]          ; reloj_50mhz  ; reloj_50mhz ; 0.000        ; 0.080      ; 0.746      ;
; 0.454 ; efectos_sonido:Inst_Audio|duracion[12]         ; efectos_sonido:Inst_Audio|duracion[12]         ; reloj_50mhz  ; reloj_50mhz ; 0.000        ; 0.080      ; 0.746      ;
; 0.454 ; efectos_sonido:Inst_Audio|duracion[17]         ; efectos_sonido:Inst_Audio|duracion[17]         ; reloj_50mhz  ; reloj_50mhz ; 0.000        ; 0.080      ; 0.746      ;
; 0.454 ; efectos_sonido:Inst_Audio|duracion[22]         ; efectos_sonido:Inst_Audio|duracion[22]         ; reloj_50mhz  ; reloj_50mhz ; 0.000        ; 0.080      ; 0.746      ;
; 0.464 ; div_1mhz[4]                                    ; div_1mhz[4]                                    ; reloj_50mhz  ; reloj_50mhz ; 0.000        ; 0.082      ; 0.758      ;
; 0.491 ; efectos_sonido:Inst_Audio|div_tono[16]         ; efectos_sonido:Inst_Audio|div_tono[16]         ; reloj_50mhz  ; reloj_50mhz ; 0.000        ; 0.100      ; 0.803      ;
; 0.524 ; div_1mhz[4]                                    ; div_1mhz[3]                                    ; reloj_50mhz  ; reloj_50mhz ; 0.000        ; 0.082      ; 0.818      ;
; 0.524 ; div_1mhz[4]                                    ; div_1mhz[1]                                    ; reloj_50mhz  ; reloj_50mhz ; 0.000        ; 0.082      ; 0.818      ;
; 0.627 ; efectos_sonido:Inst_Audio|div_tono[8]          ; efectos_sonido:Inst_Audio|div_tono[9]          ; reloj_50mhz  ; reloj_50mhz ; 0.000        ; 0.579      ; 1.418      ;
; 0.636 ; efectos_sonido:Inst_Audio|div_tono[8]          ; efectos_sonido:Inst_Audio|div_tono[10]         ; reloj_50mhz  ; reloj_50mhz ; 0.000        ; 0.579      ; 1.427      ;
; 0.711 ; efectos_sonido:Inst_Audio|duracion[16]         ; efectos_sonido:Inst_Audio|duracion[16]         ; reloj_50mhz  ; reloj_50mhz ; 0.000        ; 0.099      ; 1.022      ;
; 0.711 ; efectos_sonido:Inst_Audio|duracion[18]         ; efectos_sonido:Inst_Audio|duracion[18]         ; reloj_50mhz  ; reloj_50mhz ; 0.000        ; 0.099      ; 1.022      ;
; 0.735 ; display_puntaje:Inst_Puntaje|cont_refresco[4]  ; display_puntaje:Inst_Puntaje|cont_refresco[4]  ; reloj_50mhz  ; reloj_50mhz ; 0.000        ; 0.082      ; 1.029      ;
; 0.736 ; display_puntaje:Inst_Puntaje|cont_refresco[14] ; display_puntaje:Inst_Puntaje|cont_refresco[14] ; reloj_50mhz  ; reloj_50mhz ; 0.000        ; 0.082      ; 1.030      ;
; 0.736 ; display_puntaje:Inst_Puntaje|cont_refresco[12] ; display_puntaje:Inst_Puntaje|cont_refresco[12] ; reloj_50mhz  ; reloj_50mhz ; 0.000        ; 0.082      ; 1.030      ;
; 0.736 ; display_puntaje:Inst_Puntaje|cont_refresco[6]  ; display_puntaje:Inst_Puntaje|cont_refresco[6]  ; reloj_50mhz  ; reloj_50mhz ; 0.000        ; 0.082      ; 1.030      ;
; 0.736 ; display_puntaje:Inst_Puntaje|cont_refresco[2]  ; display_puntaje:Inst_Puntaje|cont_refresco[2]  ; reloj_50mhz  ; reloj_50mhz ; 0.000        ; 0.082      ; 1.030      ;
; 0.738 ; efectos_sonido:Inst_Audio|div_tono[1]          ; efectos_sonido:Inst_Audio|div_tono[1]          ; reloj_50mhz  ; reloj_50mhz ; 0.000        ; 0.081      ; 1.031      ;
; 0.738 ; display_puntaje:Inst_Puntaje|cont_refresco[10] ; display_puntaje:Inst_Puntaje|cont_refresco[10] ; reloj_50mhz  ; reloj_50mhz ; 0.000        ; 0.082      ; 1.032      ;
; 0.738 ; display_puntaje:Inst_Puntaje|cont_refresco[8]  ; display_puntaje:Inst_Puntaje|cont_refresco[8]  ; reloj_50mhz  ; reloj_50mhz ; 0.000        ; 0.082      ; 1.032      ;
; 0.738 ; display_puntaje:Inst_Puntaje|cont_refresco[7]  ; display_puntaje:Inst_Puntaje|cont_refresco[7]  ; reloj_50mhz  ; reloj_50mhz ; 0.000        ; 0.082      ; 1.032      ;
; 0.738 ; display_puntaje:Inst_Puntaje|cont_refresco[3]  ; display_puntaje:Inst_Puntaje|cont_refresco[3]  ; reloj_50mhz  ; reloj_50mhz ; 0.000        ; 0.082      ; 1.032      ;
; 0.739 ; display_puntaje:Inst_Puntaje|cont_refresco[13] ; display_puntaje:Inst_Puntaje|cont_refresco[13] ; reloj_50mhz  ; reloj_50mhz ; 0.000        ; 0.082      ; 1.033      ;
; 0.739 ; display_puntaje:Inst_Puntaje|cont_refresco[5]  ; display_puntaje:Inst_Puntaje|cont_refresco[5]  ; reloj_50mhz  ; reloj_50mhz ; 0.000        ; 0.082      ; 1.033      ;
; 0.740 ; efectos_sonido:Inst_Audio|div_tono[2]          ; efectos_sonido:Inst_Audio|div_tono[2]          ; reloj_50mhz  ; reloj_50mhz ; 0.000        ; 0.081      ; 1.033      ;
; 0.740 ; display_puntaje:Inst_Puntaje|cont_refresco[11] ; display_puntaje:Inst_Puntaje|cont_refresco[11] ; reloj_50mhz  ; reloj_50mhz ; 0.000        ; 0.082      ; 1.034      ;
; 0.740 ; display_puntaje:Inst_Puntaje|cont_refresco[9]  ; display_puntaje:Inst_Puntaje|cont_refresco[9]  ; reloj_50mhz  ; reloj_50mhz ; 0.000        ; 0.082      ; 1.034      ;
; 0.743 ; efectos_sonido:Inst_Audio|div_tono[11]         ; efectos_sonido:Inst_Audio|div_tono[11]         ; reloj_50mhz  ; reloj_50mhz ; 0.000        ; 0.100      ; 1.055      ;
; 0.743 ; efectos_sonido:Inst_Audio|div_tono[13]         ; efectos_sonido:Inst_Audio|div_tono[13]         ; reloj_50mhz  ; reloj_50mhz ; 0.000        ; 0.100      ; 1.055      ;
; 0.743 ; efectos_sonido:Inst_Audio|div_tono[9]          ; efectos_sonido:Inst_Audio|div_tono[9]          ; reloj_50mhz  ; reloj_50mhz ; 0.000        ; 0.100      ; 1.055      ;
; 0.746 ; efectos_sonido:Inst_Audio|div_tono[15]         ; efectos_sonido:Inst_Audio|div_tono[15]         ; reloj_50mhz  ; reloj_50mhz ; 0.000        ; 0.100      ; 1.058      ;
; 0.746 ; efectos_sonido:Inst_Audio|div_tono[14]         ; efectos_sonido:Inst_Audio|div_tono[14]         ; reloj_50mhz  ; reloj_50mhz ; 0.000        ; 0.100      ; 1.058      ;
; 0.746 ; efectos_sonido:Inst_Audio|div_tono[10]         ; efectos_sonido:Inst_Audio|div_tono[10]         ; reloj_50mhz  ; reloj_50mhz ; 0.000        ; 0.100      ; 1.058      ;
; 0.747 ; efectos_sonido:Inst_Audio|div_tono[12]         ; efectos_sonido:Inst_Audio|div_tono[12]         ; reloj_50mhz  ; reloj_50mhz ; 0.000        ; 0.100      ; 1.059      ;
; 0.747 ; div_1mhz[2]                                    ; div_1mhz[2]                                    ; reloj_50mhz  ; reloj_50mhz ; 0.000        ; 0.082      ; 1.041      ;
; 0.751 ; efectos_sonido:Inst_Audio|div_tono[7]          ; efectos_sonido:Inst_Audio|div_tono[9]          ; reloj_50mhz  ; reloj_50mhz ; 0.000        ; 0.577      ; 1.540      ;
; 0.760 ; efectos_sonido:Inst_Audio|div_tono[7]          ; efectos_sonido:Inst_Audio|div_tono[10]         ; reloj_50mhz  ; reloj_50mhz ; 0.000        ; 0.577      ; 1.549      ;
; 0.761 ; div_juego[15]                                  ; div_juego[15]                                  ; reloj_50mhz  ; reloj_50mhz ; 0.000        ; 0.081      ; 1.054      ;
; 0.761 ; div_juego[7]                                   ; div_juego[7]                                   ; reloj_50mhz  ; reloj_50mhz ; 0.000        ; 0.081      ; 1.054      ;
; 0.761 ; div_juego[1]                                   ; div_juego[1]                                   ; reloj_50mhz  ; reloj_50mhz ; 0.000        ; 0.081      ; 1.054      ;
; 0.761 ; efectos_sonido:Inst_Audio|div_tono[5]          ; efectos_sonido:Inst_Audio|div_tono[5]          ; reloj_50mhz  ; reloj_50mhz ; 0.000        ; 0.081      ; 1.054      ;
; 0.761 ; efectos_sonido:Inst_Audio|div_tono[7]          ; efectos_sonido:Inst_Audio|div_tono[7]          ; reloj_50mhz  ; reloj_50mhz ; 0.000        ; 0.081      ; 1.054      ;
; 0.762 ; div_juego[13]                                  ; div_juego[13]                                  ; reloj_50mhz  ; reloj_50mhz ; 0.000        ; 0.081      ; 1.055      ;
; 0.762 ; div_juego[5]                                   ; div_juego[5]                                   ; reloj_50mhz  ; reloj_50mhz ; 0.000        ; 0.081      ; 1.055      ;
; 0.762 ; efectos_sonido:Inst_Audio|div_tono[3]          ; efectos_sonido:Inst_Audio|div_tono[3]          ; reloj_50mhz  ; reloj_50mhz ; 0.000        ; 0.081      ; 1.055      ;
; 0.762 ; display_puntaje:Inst_Puntaje|cont_refresco[16] ; display_puntaje:Inst_Puntaje|cont_refresco[16] ; reloj_50mhz  ; reloj_50mhz ; 0.000        ; 0.082      ; 1.056      ;
; 0.763 ; div_juego[21]                                  ; div_juego[21]                                  ; reloj_50mhz  ; reloj_50mhz ; 0.000        ; 0.081      ; 1.056      ;
; 0.763 ; div_juego[3]                                   ; div_juego[3]                                   ; reloj_50mhz  ; reloj_50mhz ; 0.000        ; 0.081      ; 1.056      ;
; 0.763 ; div_juego[2]                                   ; div_juego[2]                                   ; reloj_50mhz  ; reloj_50mhz ; 0.000        ; 0.081      ; 1.056      ;
; 0.763 ; efectos_sonido:Inst_Audio|div_tono[0]          ; efectos_sonido:Inst_Audio|div_tono[0]          ; reloj_50mhz  ; reloj_50mhz ; 0.000        ; 0.081      ; 1.056      ;
; 0.764 ; div_juego[8]                                   ; div_juego[8]                                   ; reloj_50mhz  ; reloj_50mhz ; 0.000        ; 0.081      ; 1.057      ;
; 0.764 ; div_juego[6]                                   ; div_juego[6]                                   ; reloj_50mhz  ; reloj_50mhz ; 0.000        ; 0.081      ; 1.057      ;
; 0.764 ; efectos_sonido:Inst_Audio|div_tono[6]          ; efectos_sonido:Inst_Audio|div_tono[6]          ; reloj_50mhz  ; reloj_50mhz ; 0.000        ; 0.081      ; 1.057      ;
; 0.764 ; efectos_sonido:Inst_Audio|div_tono[8]          ; efectos_sonido:Inst_Audio|div_tono[8]          ; reloj_50mhz  ; reloj_50mhz ; 0.000        ; 0.081      ; 1.057      ;
; 0.764 ; display_puntaje:Inst_Puntaje|cont_refresco[15] ; display_puntaje:Inst_Puntaje|cont_refresco[15] ; reloj_50mhz  ; reloj_50mhz ; 0.000        ; 0.082      ; 1.058      ;
; 0.765 ; div_juego[23]                                  ; div_juego[23]                                  ; reloj_50mhz  ; reloj_50mhz ; 0.000        ; 0.081      ; 1.058      ;
; 0.765 ; efectos_sonido:Inst_Audio|div_tono[4]          ; efectos_sonido:Inst_Audio|div_tono[4]          ; reloj_50mhz  ; reloj_50mhz ; 0.000        ; 0.081      ; 1.058      ;
; 0.766 ; div_1mhz[5]                                    ; div_1mhz[5]                                    ; reloj_50mhz  ; reloj_50mhz ; 0.000        ; 0.082      ; 1.060      ;
; 0.767 ; efectos_sonido:Inst_Audio|div_tono[8]          ; efectos_sonido:Inst_Audio|div_tono[11]         ; reloj_50mhz  ; reloj_50mhz ; 0.000        ; 0.579      ; 1.558      ;
; 0.769 ; efectos_sonido:Inst_Audio|div_tono[6]          ; efectos_sonido:Inst_Audio|div_tono[9]          ; reloj_50mhz  ; reloj_50mhz ; 0.000        ; 0.577      ; 1.558      ;
; 0.774 ; div_1mhz[5]                                    ; div_1mhz[3]                                    ; reloj_50mhz  ; reloj_50mhz ; 0.000        ; 0.082      ; 1.068      ;
; 0.775 ; div_1mhz[5]                                    ; div_1mhz[4]                                    ; reloj_50mhz  ; reloj_50mhz ; 0.000        ; 0.082      ; 1.069      ;
; 0.775 ; div_1mhz[5]                                    ; div_1mhz[1]                                    ; reloj_50mhz  ; reloj_50mhz ; 0.000        ; 0.082      ; 1.069      ;
; 0.776 ; efectos_sonido:Inst_Audio|div_tono[8]          ; efectos_sonido:Inst_Audio|div_tono[12]         ; reloj_50mhz  ; reloj_50mhz ; 0.000        ; 0.579      ; 1.567      ;
; 0.778 ; efectos_sonido:Inst_Audio|div_tono[6]          ; efectos_sonido:Inst_Audio|div_tono[10]         ; reloj_50mhz  ; reloj_50mhz ; 0.000        ; 0.577      ; 1.567      ;
; 0.795 ; div_1mhz[0]                                    ; div_1mhz[0]                                    ; reloj_50mhz  ; reloj_50mhz ; 0.000        ; 0.082      ; 1.089      ;
; 0.884 ; reloj_juego                                    ; reloj_juego                                    ; reloj_juego  ; reloj_50mhz ; 0.000        ; 2.592      ; 3.979      ;
; 0.891 ; efectos_sonido:Inst_Audio|div_tono[7]          ; efectos_sonido:Inst_Audio|div_tono[11]         ; reloj_50mhz  ; reloj_50mhz ; 0.000        ; 0.577      ; 1.680      ;
; 0.891 ; efectos_sonido:Inst_Audio|div_tono[5]          ; efectos_sonido:Inst_Audio|div_tono[9]          ; reloj_50mhz  ; reloj_50mhz ; 0.000        ; 0.577      ; 1.680      ;
; 0.900 ; efectos_sonido:Inst_Audio|div_tono[7]          ; efectos_sonido:Inst_Audio|div_tono[12]         ; reloj_50mhz  ; reloj_50mhz ; 0.000        ; 0.577      ; 1.689      ;
; 0.900 ; efectos_sonido:Inst_Audio|div_tono[5]          ; efectos_sonido:Inst_Audio|div_tono[10]         ; reloj_50mhz  ; reloj_50mhz ; 0.000        ; 0.577      ; 1.689      ;
; 0.907 ; efectos_sonido:Inst_Audio|div_tono[8]          ; efectos_sonido:Inst_Audio|div_tono[13]         ; reloj_50mhz  ; reloj_50mhz ; 0.000        ; 0.579      ; 1.698      ;
; 0.909 ; efectos_sonido:Inst_Audio|div_tono[6]          ; efectos_sonido:Inst_Audio|div_tono[11]         ; reloj_50mhz  ; reloj_50mhz ; 0.000        ; 0.577      ; 1.698      ;
; 0.910 ; efectos_sonido:Inst_Audio|div_tono[4]          ; efectos_sonido:Inst_Audio|div_tono[9]          ; reloj_50mhz  ; reloj_50mhz ; 0.000        ; 0.577      ; 1.699      ;
; 0.916 ; efectos_sonido:Inst_Audio|div_tono[8]          ; efectos_sonido:Inst_Audio|div_tono[14]         ; reloj_50mhz  ; reloj_50mhz ; 0.000        ; 0.579      ; 1.707      ;
; 0.918 ; efectos_sonido:Inst_Audio|div_tono[6]          ; efectos_sonido:Inst_Audio|div_tono[12]         ; reloj_50mhz  ; reloj_50mhz ; 0.000        ; 0.577      ; 1.707      ;
; 0.919 ; efectos_sonido:Inst_Audio|div_tono[4]          ; efectos_sonido:Inst_Audio|div_tono[10]         ; reloj_50mhz  ; reloj_50mhz ; 0.000        ; 0.577      ; 1.708      ;
; 0.921 ; efectos_sonido:Inst_Audio|duracion[15]         ; efectos_sonido:Inst_Audio|duracion[15]         ; reloj_50mhz  ; reloj_50mhz ; 0.000        ; 0.099      ; 1.232      ;
; 0.971 ; efectos_sonido:Inst_Audio|duracion[11]         ; efectos_sonido:Inst_Audio|duracion[11]         ; reloj_50mhz  ; reloj_50mhz ; 0.000        ; 0.099      ; 1.282      ;
; 0.985 ; display_puntaje:Inst_Puntaje|cont_refresco[1]  ; display_puntaje:Inst_Puntaje|cont_refresco[1]  ; reloj_50mhz  ; reloj_50mhz ; 0.000        ; 0.082      ; 1.279      ;
; 0.995 ; div_1mhz[0]                                    ; display_puntaje:Inst_Puntaje|cont_refresco[1]  ; reloj_50mhz  ; reloj_50mhz ; 0.000        ; 0.082      ; 1.289      ;
; 1.025 ; efectos_sonido:Inst_Audio|div_tono[2]          ; efectos_sonido:Inst_Audio|div_tono[9]          ; reloj_50mhz  ; reloj_50mhz ; 0.000        ; 0.577      ; 1.814      ;
; 1.031 ; efectos_sonido:Inst_Audio|div_tono[7]          ; efectos_sonido:Inst_Audio|div_tono[13]         ; reloj_50mhz  ; reloj_50mhz ; 0.000        ; 0.577      ; 1.820      ;
; 1.031 ; efectos_sonido:Inst_Audio|div_tono[5]          ; efectos_sonido:Inst_Audio|div_tono[11]         ; reloj_50mhz  ; reloj_50mhz ; 0.000        ; 0.577      ; 1.820      ;
; 1.032 ; efectos_sonido:Inst_Audio|div_tono[3]          ; efectos_sonido:Inst_Audio|div_tono[9]          ; reloj_50mhz  ; reloj_50mhz ; 0.000        ; 0.577      ; 1.821      ;
+-------+------------------------------------------------+------------------------------------------------+--------------+-------------+--------------+------------+------------+


+-------------------------------------------------------------------------------------------------------------------------------------------------------------------+
; Slow 1200mV 85C Model Hold: 'reloj_juego'                                                                                                                         ;
+-------+------------------------------------------+------------------------------------------+--------------+-------------+--------------+------------+------------+
; Slack ; From Node                                ; To Node                                  ; Launch Clock ; Latch Clock ; Relationship ; Clock Skew ; Data Delay ;
+-------+------------------------------------------+------------------------------------------+--------------+-------------+--------------+------------+------------+
; 0.452 ; juego_vibora:Inst_Juego|tamano_vibora[0] ; juego_vibora:Inst_Juego|tamano_vibora[0] ; reloj_juego  ; reloj_juego ; 0.000        ; 0.082      ; 0.746      ;
; 0.453 ; juego_vibora:Inst_Juego|dir_actual[1]    ; juego_vibora:Inst_Juego|dir_actual[1]    ; reloj_juego  ; reloj_juego ; 0.000        ; 0.081      ; 0.746      ;
; 0.453 ; juego_vibora:Inst_Juego|dir_actual[0]    ; juego_vibora:Inst_Juego|dir_actual[0]    ; reloj_juego  ; reloj_juego ; 0.000        ; 0.081      ; 0.746      ;
; 0.731 ; juego_vibora:Inst_Juego|vibora[36].x[2]  ; juego_vibora:Inst_Juego|vibora[37].x[2]  ; reloj_juego  ; reloj_juego ; 0.000        ; 0.082      ; 1.025      ;
; 0.731 ; juego_vibora:Inst_Juego|vibora[47].x[2]  ; juego_vibora:Inst_Juego|vibora[48].x[2]  ; reloj_juego  ; reloj_juego ; 0.000        ; 0.081      ; 1.024      ;
; 0.737 ; juego_vibora:Inst_Juego|vibora[47].y[1]  ; juego_vibora:Inst_Juego|vibora[48].y[1]  ; reloj_juego  ; reloj_juego ; 0.000        ; 0.081      ; 1.030      ;
; 0.740 ; juego_vibora:Inst_Juego|vibora[32].y[0]  ; juego_vibora:Inst_Juego|vibora[33].y[0]  ; reloj_juego  ; reloj_juego ; 0.000        ; 0.573      ; 1.525      ;
; 0.750 ; juego_vibora:Inst_Juego|vibora[38].y[2]  ; juego_vibora:Inst_Juego|vibora[39].y[2]  ; reloj_juego  ; reloj_juego ; 0.000        ; 0.063      ; 1.025      ;
; 0.757 ; juego_vibora:Inst_Juego|vibora[38].y[1]  ; juego_vibora:Inst_Juego|vibora[39].y[1]  ; reloj_juego  ; reloj_juego ; 0.000        ; 0.063      ; 1.032      ;
; 0.775 ; juego_vibora:Inst_Juego|vibora[38].y[0]  ; juego_vibora:Inst_Juego|vibora[39].y[0]  ; reloj_juego  ; reloj_juego ; 0.000        ; 0.063      ; 1.050      ;
; 0.788 ; juego_vibora:Inst_Juego|tamano_vibora[2] ; juego_vibora:Inst_Juego|tamano_vibora[2] ; reloj_juego  ; reloj_juego ; 0.000        ; 0.081      ; 1.081      ;
; 0.809 ; juego_vibora:Inst_Juego|tamano_vibora[4] ; juego_vibora:Inst_Juego|tamano_vibora[4] ; reloj_juego  ; reloj_juego ; 0.000        ; 0.081      ; 1.102      ;
; 0.811 ; juego_vibora:Inst_Juego|tamano_vibora[1] ; juego_vibora:Inst_Juego|tamano_vibora[1] ; reloj_juego  ; reloj_juego ; 0.000        ; 0.081      ; 1.104      ;
; 0.812 ; juego_vibora:Inst_Juego|tamano_vibora[5] ; juego_vibora:Inst_Juego|tamano_vibora[5] ; reloj_juego  ; reloj_juego ; 0.000        ; 0.081      ; 1.105      ;
; 0.813 ; juego_vibora:Inst_Juego|tamano_vibora[3] ; juego_vibora:Inst_Juego|tamano_vibora[3] ; reloj_juego  ; reloj_juego ; 0.000        ; 0.081      ; 1.106      ;
; 0.817 ; juego_vibora:Inst_Juego|tamano_vibora[0] ; juego_vibora:Inst_Juego|record_maximo[0] ; reloj_juego  ; reloj_juego ; 0.000        ; 0.082      ; 1.111      ;
; 0.825 ; juego_vibora:Inst_Juego|tamano_vibora[6] ; juego_vibora:Inst_Juego|tamano_vibora[6] ; reloj_juego  ; reloj_juego ; 0.000        ; 0.081      ; 1.118      ;
; 0.858 ; juego_vibora:Inst_Juego|vibora[26].y[2]  ; juego_vibora:Inst_Juego|vibora[27].y[2]  ; reloj_juego  ; reloj_juego ; 0.000        ; 0.576      ; 1.646      ;
; 0.864 ; juego_vibora:Inst_Juego|vibora[30].y[2]  ; juego_vibora:Inst_Juego|vibora[31].y[2]  ; reloj_juego  ; reloj_juego ; 0.000        ; 0.556      ; 1.632      ;
; 0.864 ; juego_vibora:Inst_Juego|vibora[30].y[1]  ; juego_vibora:Inst_Juego|vibora[31].y[1]  ; reloj_juego  ; reloj_juego ; 0.000        ; 0.556      ; 1.632      ;
; 0.885 ; juego_vibora:Inst_Juego|vibora[24].y[2]  ; juego_vibora:Inst_Juego|vibora[25].y[2]  ; reloj_juego  ; reloj_juego ; 0.000        ; 0.102      ; 1.199      ;
; 0.900 ; juego_vibora:Inst_Juego|rand_y[2]        ; juego_vibora:Inst_Juego|pos_comida.y[2]  ; reloj_1mhz   ; reloj_juego ; 0.000        ; -0.354     ; 0.778      ;
; 0.901 ; juego_vibora:Inst_Juego|vibora[49].x[1]  ; juego_vibora:Inst_Juego|vibora[50].x[1]  ; reloj_juego  ; reloj_juego ; 0.000        ; 0.099      ; 1.212      ;
; 0.907 ; juego_vibora:Inst_Juego|vibora[19].x[0]  ; juego_vibora:Inst_Juego|vibora[20].x[0]  ; reloj_juego  ; reloj_juego ; 0.000        ; 0.137      ; 1.256      ;
; 0.907 ; juego_vibora:Inst_Juego|rand_y[1]        ; juego_vibora:Inst_Juego|pos_comida.y[1]  ; reloj_1mhz   ; reloj_juego ; 0.000        ; -0.354     ; 0.785      ;
; 0.908 ; juego_vibora:Inst_Juego|vibora[12].y[1]  ; juego_vibora:Inst_Juego|vibora[13].y[1]  ; reloj_juego  ; reloj_juego ; 0.000        ; 0.104      ; 1.224      ;
; 0.909 ; juego_vibora:Inst_Juego|vibora[7].y[0]   ; juego_vibora:Inst_Juego|vibora[8].y[0]   ; reloj_juego  ; reloj_juego ; 0.000        ; 0.103      ; 1.224      ;
; 0.912 ; juego_vibora:Inst_Juego|vibora[51].y[2]  ; juego_vibora:Inst_Juego|vibora[52].y[2]  ; reloj_juego  ; reloj_juego ; 0.000        ; 0.099      ; 1.223      ;
; 0.914 ; juego_vibora:Inst_Juego|vibora[18].y[2]  ; juego_vibora:Inst_Juego|vibora[19].y[2]  ; reloj_juego  ; reloj_juego ; 0.000        ; 0.581      ; 1.707      ;
; 0.914 ; juego_vibora:Inst_Juego|rand_x[2]        ; juego_vibora:Inst_Juego|pos_comida.x[2]  ; reloj_1mhz   ; reloj_juego ; 0.000        ; -0.354     ; 0.792      ;
; 0.915 ; juego_vibora:Inst_Juego|vibora[1].x[0]   ; juego_vibora:Inst_Juego|vibora[2].x[0]   ; reloj_juego  ; reloj_juego ; 0.000        ; 0.586      ; 1.713      ;
; 0.915 ; juego_vibora:Inst_Juego|vibora[33].x[1]  ; juego_vibora:Inst_Juego|vibora[34].x[1]  ; reloj_juego  ; reloj_juego ; 0.000        ; 0.101      ; 1.228      ;
; 0.918 ; juego_vibora:Inst_Juego|vibora[24].x[0]  ; juego_vibora:Inst_Juego|vibora[25].x[0]  ; reloj_juego  ; reloj_juego ; 0.000        ; 0.102      ; 1.232      ;
; 0.919 ; juego_vibora:Inst_Juego|vibora[19].x[1]  ; juego_vibora:Inst_Juego|vibora[20].x[1]  ; reloj_juego  ; reloj_juego ; 0.000        ; 0.137      ; 1.268      ;
; 0.922 ; juego_vibora:Inst_Juego|vibora[40].x[0]  ; juego_vibora:Inst_Juego|vibora[41].x[0]  ; reloj_juego  ; reloj_juego ; 0.000        ; 0.101      ; 1.235      ;
; 0.922 ; juego_vibora:Inst_Juego|rand_x[1]        ; juego_vibora:Inst_Juego|pos_comida.x[1]  ; reloj_1mhz   ; reloj_juego ; 0.000        ; -0.354     ; 0.800      ;
; 0.932 ; juego_vibora:Inst_Juego|vibora[51].y[1]  ; juego_vibora:Inst_Juego|vibora[52].y[1]  ; reloj_juego  ; reloj_juego ; 0.000        ; 0.099      ; 1.243      ;
; 0.935 ; juego_vibora:Inst_Juego|vibora[42].x[2]  ; juego_vibora:Inst_Juego|vibora[43].x[2]  ; reloj_juego  ; reloj_juego ; 0.000        ; 0.101      ; 1.248      ;
; 0.937 ; juego_vibora:Inst_Juego|vibora[41].y[1]  ; juego_vibora:Inst_Juego|vibora[42].y[1]  ; reloj_juego  ; reloj_juego ; 0.000        ; 0.082      ; 1.231      ;
; 0.948 ; juego_vibora:Inst_Juego|vibora[38].x[2]  ; juego_vibora:Inst_Juego|vibora[39].x[2]  ; reloj_juego  ; reloj_juego ; 0.000        ; 0.063      ; 1.223      ;
; 0.948 ; juego_vibora:Inst_Juego|vibora[51].x[2]  ; juego_vibora:Inst_Juego|vibora[52].x[2]  ; reloj_juego  ; reloj_juego ; 0.000        ; 0.099      ; 1.259      ;
; 0.955 ; juego_vibora:Inst_Juego|vibora[7].x[2]   ; juego_vibora:Inst_Juego|vibora[8].x[2]   ; reloj_juego  ; reloj_juego ; 0.000        ; 0.103      ; 1.270      ;
; 0.959 ; juego_vibora:Inst_Juego|vibora[24].y[0]  ; juego_vibora:Inst_Juego|vibora[25].y[0]  ; reloj_juego  ; reloj_juego ; 0.000        ; 0.102      ; 1.273      ;
; 0.960 ; juego_vibora:Inst_Juego|vibora[40].x[1]  ; juego_vibora:Inst_Juego|vibora[41].x[1]  ; reloj_juego  ; reloj_juego ; 0.000        ; 0.101      ; 1.273      ;
; 0.966 ; juego_vibora:Inst_Juego|vibora[33].y[2]  ; juego_vibora:Inst_Juego|vibora[34].y[2]  ; reloj_juego  ; reloj_juego ; 0.000        ; 0.101      ; 1.279      ;
; 1.006 ; juego_vibora:Inst_Juego|vibora[30].x[0]  ; juego_vibora:Inst_Juego|vibora[31].x[0]  ; reloj_juego  ; reloj_juego ; 0.000        ; 0.080      ; 1.298      ;
; 1.016 ; juego_vibora:Inst_Juego|vibora[18].y[1]  ; juego_vibora:Inst_Juego|vibora[19].y[1]  ; reloj_juego  ; reloj_juego ; 0.000        ; 0.581      ; 1.809      ;
; 1.030 ; juego_vibora:Inst_Juego|tamano_vibora[4] ; juego_vibora:Inst_Juego|record_maximo[4] ; reloj_juego  ; reloj_juego ; 0.000        ; 0.080      ; 1.322      ;
; 1.035 ; juego_vibora:Inst_Juego|tamano_vibora[2] ; juego_vibora:Inst_Juego|record_maximo[2] ; reloj_juego  ; reloj_juego ; 0.000        ; 0.080      ; 1.327      ;
; 1.047 ; juego_vibora:Inst_Juego|vibora[30].x[1]  ; juego_vibora:Inst_Juego|vibora[31].x[1]  ; reloj_juego  ; reloj_juego ; 0.000        ; 0.080      ; 1.339      ;
; 1.054 ; juego_vibora:Inst_Juego|vibora[37].y[2]  ; juego_vibora:Inst_Juego|vibora[38].y[2]  ; reloj_juego  ; reloj_juego ; 0.000        ; 0.587      ; 1.853      ;
; 1.060 ; juego_vibora:Inst_Juego|tamano_vibora[1] ; juego_vibora:Inst_Juego|record_maximo[1] ; reloj_juego  ; reloj_juego ; 0.000        ; 0.080      ; 1.352      ;
; 1.084 ; juego_vibora:Inst_Juego|tamano_vibora[6] ; juego_vibora:Inst_Juego|record_maximo[6] ; reloj_juego  ; reloj_juego ; 0.000        ; 0.080      ; 1.376      ;
; 1.085 ; juego_vibora:Inst_Juego|vibora[37].y[1]  ; juego_vibora:Inst_Juego|vibora[38].y[1]  ; reloj_juego  ; reloj_juego ; 0.000        ; 0.587      ; 1.884      ;
; 1.086 ; juego_vibora:Inst_Juego|tamano_vibora[3] ; juego_vibora:Inst_Juego|record_maximo[3] ; reloj_juego  ; reloj_juego ; 0.000        ; 0.080      ; 1.378      ;
; 1.106 ; juego_vibora:Inst_Juego|tamano_vibora[5] ; juego_vibora:Inst_Juego|record_maximo[5] ; reloj_juego  ; reloj_juego ; 0.000        ; 0.080      ; 1.398      ;
; 1.110 ; juego_vibora:Inst_Juego|vibora[9].y[2]   ; juego_vibora:Inst_Juego|vibora[10].y[2]  ; reloj_juego  ; reloj_juego ; 0.000        ; 0.077      ; 1.399      ;
; 1.131 ; juego_vibora:Inst_Juego|vibora[12].x[0]  ; juego_vibora:Inst_Juego|vibora[13].x[0]  ; reloj_juego  ; reloj_juego ; 0.000        ; 0.104      ; 1.447      ;
; 1.133 ; juego_vibora:Inst_Juego|rand_y[0]        ; juego_vibora:Inst_Juego|pos_comida.y[0]  ; reloj_1mhz   ; reloj_juego ; 0.000        ; -0.354     ; 1.011      ;
; 1.135 ; juego_vibora:Inst_Juego|tamano_vibora[6] ; juego_vibora:Inst_Juego|tamano_vibora[0] ; reloj_juego  ; reloj_juego ; 0.000        ; 0.080      ; 1.427      ;
; 1.142 ; juego_vibora:Inst_Juego|tamano_vibora[2] ; juego_vibora:Inst_Juego|tamano_vibora[3] ; reloj_juego  ; reloj_juego ; 0.000        ; 0.081      ; 1.435      ;
; 1.143 ; juego_vibora:Inst_Juego|vibora[28].x[1]  ; juego_vibora:Inst_Juego|vibora[29].x[1]  ; reloj_juego  ; reloj_juego ; 0.000        ; 0.110      ; 1.465      ;
; 1.143 ; juego_vibora:Inst_Juego|vibora[6].y[1]   ; juego_vibora:Inst_Juego|vibora[7].y[1]   ; reloj_juego  ; reloj_juego ; 0.000        ; 0.101      ; 1.456      ;
; 1.145 ; juego_vibora:Inst_Juego|vibora[48].x[2]  ; juego_vibora:Inst_Juego|vibora[49].x[2]  ; reloj_juego  ; reloj_juego ; 0.000        ; 0.596      ; 1.953      ;
; 1.149 ; juego_vibora:Inst_Juego|vibora[6].y[2]   ; juego_vibora:Inst_Juego|vibora[7].y[2]   ; reloj_juego  ; reloj_juego ; 0.000        ; 0.101      ; 1.462      ;
; 1.150 ; juego_vibora:Inst_Juego|vibora[60].x[2]  ; juego_vibora:Inst_Juego|vibora[61].x[2]  ; reloj_juego  ; reloj_juego ; 0.000        ; 0.099      ; 1.461      ;
; 1.155 ; juego_vibora:Inst_Juego|vibora[58].y[0]  ; juego_vibora:Inst_Juego|vibora[59].y[0]  ; reloj_juego  ; reloj_juego ; 0.000        ; 0.108      ; 1.475      ;
; 1.157 ; juego_vibora:Inst_Juego|vibora[12].y[2]  ; juego_vibora:Inst_Juego|vibora[13].y[2]  ; reloj_juego  ; reloj_juego ; 0.000        ; 0.104      ; 1.473      ;
; 1.162 ; juego_vibora:Inst_Juego|rand_x[0]        ; juego_vibora:Inst_Juego|pos_comida.x[0]  ; reloj_1mhz   ; reloj_juego ; 0.000        ; -0.354     ; 1.040      ;
; 1.164 ; juego_vibora:Inst_Juego|tamano_vibora[4] ; juego_vibora:Inst_Juego|tamano_vibora[5] ; reloj_juego  ; reloj_juego ; 0.000        ; 0.081      ; 1.457      ;
; 1.165 ; juego_vibora:Inst_Juego|tamano_vibora[1] ; juego_vibora:Inst_Juego|tamano_vibora[2] ; reloj_juego  ; reloj_juego ; 0.000        ; 0.081      ; 1.458      ;
; 1.167 ; juego_vibora:Inst_Juego|vibora[56].y[0]  ; juego_vibora:Inst_Juego|vibora[57].y[0]  ; reloj_juego  ; reloj_juego ; 0.000        ; 0.097      ; 1.476      ;
; 1.169 ; juego_vibora:Inst_Juego|vibora[33].y[0]  ; juego_vibora:Inst_Juego|vibora[34].y[0]  ; reloj_juego  ; reloj_juego ; 0.000        ; 0.101      ; 1.482      ;
; 1.172 ; juego_vibora:Inst_Juego|tamano_vibora[0] ; juego_vibora:Inst_Juego|record_maximo[1] ; reloj_juego  ; reloj_juego ; 0.000        ; 0.082      ; 1.466      ;
; 1.173 ; juego_vibora:Inst_Juego|tamano_vibora[5] ; juego_vibora:Inst_Juego|tamano_vibora[6] ; reloj_juego  ; reloj_juego ; 0.000        ; 0.081      ; 1.466      ;
; 1.174 ; juego_vibora:Inst_Juego|tamano_vibora[3] ; juego_vibora:Inst_Juego|tamano_vibora[4] ; reloj_juego  ; reloj_juego ; 0.000        ; 0.081      ; 1.467      ;
; 1.176 ; juego_vibora:Inst_Juego|vibora[24].y[1]  ; juego_vibora:Inst_Juego|vibora[25].y[1]  ; reloj_juego  ; reloj_juego ; 0.000        ; 0.102      ; 1.490      ;
; 1.177 ; juego_vibora:Inst_Juego|vibora[32].y[1]  ; juego_vibora:Inst_Juego|vibora[33].y[1]  ; reloj_juego  ; reloj_juego ; 0.000        ; 0.097      ; 1.486      ;
; 1.178 ; juego_vibora:Inst_Juego|vibora[0].y[0]   ; juego_vibora:Inst_Juego|vibora[0].y[0]   ; reloj_juego  ; reloj_juego ; 0.000        ; 0.081      ; 1.471      ;
; 1.179 ; juego_vibora:Inst_Juego|vibora[13].x[0]  ; juego_vibora:Inst_Juego|vibora[14].x[0]  ; reloj_juego  ; reloj_juego ; 0.000        ; 0.103      ; 1.494      ;
; 1.179 ; juego_vibora:Inst_Juego|vibora[2].y[2]   ; juego_vibora:Inst_Juego|vibora[3].y[2]   ; reloj_juego  ; reloj_juego ; 0.000        ; 0.083      ; 1.474      ;
; 1.183 ; juego_vibora:Inst_Juego|vibora[45].x[0]  ; juego_vibora:Inst_Juego|vibora[46].x[0]  ; reloj_juego  ; reloj_juego ; 0.000        ; 0.081      ; 1.476      ;
; 1.183 ; juego_vibora:Inst_Juego|tamano_vibora[3] ; juego_vibora:Inst_Juego|tamano_vibora[5] ; reloj_juego  ; reloj_juego ; 0.000        ; 0.081      ; 1.476      ;
; 1.185 ; juego_vibora:Inst_Juego|vibora[28].y[1]  ; juego_vibora:Inst_Juego|vibora[29].y[1]  ; reloj_juego  ; reloj_juego ; 0.000        ; 0.110      ; 1.507      ;
; 1.188 ; juego_vibora:Inst_Juego|vibora[10].y[0]  ; juego_vibora:Inst_Juego|vibora[11].y[0]  ; reloj_juego  ; reloj_juego ; 0.000        ; 0.103      ; 1.503      ;
; 1.190 ; juego_vibora:Inst_Juego|vibora[46].y[0]  ; juego_vibora:Inst_Juego|vibora[47].y[0]  ; reloj_juego  ; reloj_juego ; 0.000        ; 0.076      ; 1.478      ;
; 1.191 ; juego_vibora:Inst_Juego|vibora[33].x[2]  ; juego_vibora:Inst_Juego|vibora[34].x[2]  ; reloj_juego  ; reloj_juego ; 0.000        ; 0.101      ; 1.504      ;
; 1.192 ; juego_vibora:Inst_Juego|vibora[26].y[1]  ; juego_vibora:Inst_Juego|vibora[27].y[1]  ; reloj_juego  ; reloj_juego ; 0.000        ; 0.098      ; 1.502      ;
; 1.193 ; juego_vibora:Inst_Juego|vibora[6].x[2]   ; juego_vibora:Inst_Juego|vibora[7].x[2]   ; reloj_juego  ; reloj_juego ; 0.000        ; 0.101      ; 1.506      ;
; 1.194 ; juego_vibora:Inst_Juego|vibora[7].x[1]   ; juego_vibora:Inst_Juego|vibora[8].x[1]   ; reloj_juego  ; reloj_juego ; 0.000        ; 0.103      ; 1.509      ;
; 1.196 ; juego_vibora:Inst_Juego|vibora[18].y[0]  ; juego_vibora:Inst_Juego|vibora[19].y[0]  ; reloj_juego  ; reloj_juego ; 0.000        ; 0.088      ; 1.496      ;
; 1.197 ; juego_vibora:Inst_Juego|vibora[10].x[2]  ; juego_vibora:Inst_Juego|vibora[11].x[2]  ; reloj_juego  ; reloj_juego ; 0.000        ; 0.103      ; 1.512      ;
; 1.197 ; juego_vibora:Inst_Juego|vibora[45].y[1]  ; juego_vibora:Inst_Juego|vibora[46].y[1]  ; reloj_juego  ; reloj_juego ; 0.000        ; 0.081      ; 1.490      ;
; 1.198 ; juego_vibora:Inst_Juego|vibora[46].y[2]  ; juego_vibora:Inst_Juego|vibora[47].y[2]  ; reloj_juego  ; reloj_juego ; 0.000        ; 0.076      ; 1.486      ;
; 1.201 ; juego_vibora:Inst_Juego|vibora[44].y[2]  ; juego_vibora:Inst_Juego|vibora[45].y[2]  ; reloj_juego  ; reloj_juego ; 0.000        ; -0.391     ; 1.022      ;
; 1.201 ; juego_vibora:Inst_Juego|vibora[41].x[2]  ; juego_vibora:Inst_Juego|vibora[42].x[2]  ; reloj_juego  ; reloj_juego ; 0.000        ; 0.104      ; 1.517      ;
; 1.205 ; juego_vibora:Inst_Juego|vibora[46].x[0]  ; juego_vibora:Inst_Juego|vibora[47].x[0]  ; reloj_juego  ; reloj_juego ; 0.000        ; 0.076      ; 1.493      ;
; 1.205 ; juego_vibora:Inst_Juego|vibora[56].x[1]  ; juego_vibora:Inst_Juego|vibora[57].x[1]  ; reloj_juego  ; reloj_juego ; 0.000        ; 0.097      ; 1.514      ;
; 1.206 ; juego_vibora:Inst_Juego|vibora[6].y[0]   ; juego_vibora:Inst_Juego|vibora[7].y[0]   ; reloj_juego  ; reloj_juego ; 0.000        ; 0.101      ; 1.519      ;
; 1.206 ; juego_vibora:Inst_Juego|vibora[44].y[1]  ; juego_vibora:Inst_Juego|vibora[45].y[1]  ; reloj_juego  ; reloj_juego ; 0.000        ; -0.391     ; 1.027      ;
+-------+------------------------------------------+------------------------------------------+--------------+-------------+--------------+------------+------------+


+-------------------------------------------------------------------------------------------------------------------------------------------------------------------------+
; Slow 1200mV 85C Model Hold: 'reloj_1mhz'                                                                                                                                ;
+-------+---------------------------------------------+---------------------------------------------+--------------+-------------+--------------+------------+------------+
; Slack ; From Node                                   ; To Node                                     ; Launch Clock ; Latch Clock ; Relationship ; Clock Skew ; Data Delay ;
+-------+---------------------------------------------+---------------------------------------------+--------------+-------------+--------------+------------+------------+
; 0.453 ; spi_max7219:Inst_SPI|cont_bits[3]           ; spi_max7219:Inst_SPI|cont_bits[3]           ; reloj_1mhz   ; reloj_1mhz  ; 0.000        ; 0.081      ; 0.746      ;
; 0.453 ; spi_max7219:Inst_SPI|estado.ENVIAR_BITS     ; spi_max7219:Inst_SPI|estado.ENVIAR_BITS     ; reloj_1mhz   ; reloj_1mhz  ; 0.000        ; 0.081      ; 0.746      ;
; 0.453 ; spi_max7219:Inst_SPI|cont_bits[0]           ; spi_max7219:Inst_SPI|cont_bits[0]           ; reloj_1mhz   ; reloj_1mhz  ; 0.000        ; 0.081      ; 0.746      ;
; 0.453 ; spi_max7219:Inst_SPI|cont_bits[2]           ; spi_max7219:Inst_SPI|cont_bits[2]           ; reloj_1mhz   ; reloj_1mhz  ; 0.000        ; 0.081      ; 0.746      ;
; 0.453 ; spi_max7219:Inst_SPI|reg_desplazamiento[5]  ; spi_max7219:Inst_SPI|reg_desplazamiento[5]  ; reloj_1mhz   ; reloj_1mhz  ; 0.000        ; 0.081      ; 0.746      ;
; 0.454 ; juego_vibora:Inst_Juego|rand_y[2]           ; juego_vibora:Inst_Juego|rand_y[2]           ; reloj_1mhz   ; reloj_1mhz  ; 0.000        ; 0.080      ; 0.746      ;
; 0.454 ; juego_vibora:Inst_Juego|rand_y[1]           ; juego_vibora:Inst_Juego|rand_y[1]           ; reloj_1mhz   ; reloj_1mhz  ; 0.000        ; 0.080      ; 0.746      ;
; 0.454 ; juego_vibora:Inst_Juego|rand_x[2]           ; juego_vibora:Inst_Juego|rand_x[2]           ; reloj_1mhz   ; reloj_1mhz  ; 0.000        ; 0.080      ; 0.746      ;
; 0.454 ; juego_vibora:Inst_Juego|rand_x[1]           ; juego_vibora:Inst_Juego|rand_x[1]           ; reloj_1mhz   ; reloj_1mhz  ; 0.000        ; 0.080      ; 0.746      ;
; 0.454 ; spi_max7219:Inst_SPI|cs                     ; spi_max7219:Inst_SPI|cs                     ; reloj_1mhz   ; reloj_1mhz  ; 0.000        ; 0.080      ; 0.746      ;
; 0.454 ; spi_max7219:Inst_SPI|reg_desplazamiento[3]  ; spi_max7219:Inst_SPI|reg_desplazamiento[3]  ; reloj_1mhz   ; reloj_1mhz  ; 0.000        ; 0.080      ; 0.746      ;
; 0.454 ; spi_max7219:Inst_SPI|reg_desplazamiento[0]  ; spi_max7219:Inst_SPI|reg_desplazamiento[0]  ; reloj_1mhz   ; reloj_1mhz  ; 0.000        ; 0.080      ; 0.746      ;
; 0.454 ; spi_max7219:Inst_SPI|reg_desplazamiento[11] ; spi_max7219:Inst_SPI|reg_desplazamiento[11] ; reloj_1mhz   ; reloj_1mhz  ; 0.000        ; 0.080      ; 0.746      ;
; 0.454 ; spi_max7219:Inst_SPI|cont_fila[3]           ; spi_max7219:Inst_SPI|cont_fila[3]           ; reloj_1mhz   ; reloj_1mhz  ; 0.000        ; 0.080      ; 0.746      ;
; 0.454 ; spi_max7219:Inst_SPI|cont_fila[2]           ; spi_max7219:Inst_SPI|cont_fila[2]           ; reloj_1mhz   ; reloj_1mhz  ; 0.000        ; 0.080      ; 0.746      ;
; 0.454 ; spi_max7219:Inst_SPI|estado.INICIO_ENVIO    ; spi_max7219:Inst_SPI|estado.INICIO_ENVIO    ; reloj_1mhz   ; reloj_1mhz  ; 0.000        ; 0.080      ; 0.746      ;
; 0.454 ; spi_max7219:Inst_SPI|estado.GUARDAR         ; spi_max7219:Inst_SPI|estado.GUARDAR         ; reloj_1mhz   ; reloj_1mhz  ; 0.000        ; 0.080      ; 0.746      ;
; 0.454 ; spi_max7219:Inst_SPI|paso_inicio[2]         ; spi_max7219:Inst_SPI|paso_inicio[2]         ; reloj_1mhz   ; reloj_1mhz  ; 0.000        ; 0.080      ; 0.746      ;
; 0.454 ; spi_max7219:Inst_SPI|paso_inicio[1]         ; spi_max7219:Inst_SPI|paso_inicio[1]         ; reloj_1mhz   ; reloj_1mhz  ; 0.000        ; 0.080      ; 0.746      ;
; 0.454 ; spi_max7219:Inst_SPI|paso_inicio[0]         ; spi_max7219:Inst_SPI|paso_inicio[0]         ; reloj_1mhz   ; reloj_1mhz  ; 0.000        ; 0.080      ; 0.746      ;
; 0.454 ; spi_max7219:Inst_SPI|reg_desplazamiento[2]  ; spi_max7219:Inst_SPI|reg_desplazamiento[2]  ; reloj_1mhz   ; reloj_1mhz  ; 0.000        ; 0.080      ; 0.746      ;
; 0.454 ; spi_max7219:Inst_SPI|reg_desplazamiento[1]  ; spi_max7219:Inst_SPI|reg_desplazamiento[1]  ; reloj_1mhz   ; reloj_1mhz  ; 0.000        ; 0.080      ; 0.746      ;
; 0.454 ; spi_max7219:Inst_SPI|reg_desplazamiento[6]  ; spi_max7219:Inst_SPI|reg_desplazamiento[6]  ; reloj_1mhz   ; reloj_1mhz  ; 0.000        ; 0.080      ; 0.746      ;
; 0.454 ; spi_max7219:Inst_SPI|cont_fila[1]           ; spi_max7219:Inst_SPI|cont_fila[1]           ; reloj_1mhz   ; reloj_1mhz  ; 0.000        ; 0.080      ; 0.746      ;
; 0.455 ; spi_max7219:Inst_SPI|din                    ; spi_max7219:Inst_SPI|din                    ; reloj_1mhz   ; reloj_1mhz  ; 0.000        ; 0.079      ; 0.746      ;
; 0.455 ; spi_max7219:Inst_SPI|reg_desplazamiento[4]  ; spi_max7219:Inst_SPI|reg_desplazamiento[4]  ; reloj_1mhz   ; reloj_1mhz  ; 0.000        ; 0.079      ; 0.746      ;
; 0.455 ; spi_max7219:Inst_SPI|cont_bits[1]           ; spi_max7219:Inst_SPI|cont_bits[1]           ; reloj_1mhz   ; reloj_1mhz  ; 0.000        ; 0.079      ; 0.746      ;
; 0.455 ; spi_max7219:Inst_SPI|reg_desplazamiento[7]  ; spi_max7219:Inst_SPI|reg_desplazamiento[7]  ; reloj_1mhz   ; reloj_1mhz  ; 0.000        ; 0.079      ; 0.746      ;
; 0.466 ; spi_max7219:Inst_SPI|cont_fila[0]           ; spi_max7219:Inst_SPI|cont_fila[0]           ; reloj_1mhz   ; reloj_1mhz  ; 0.000        ; 0.080      ; 0.758      ;
; 0.508 ; juego_vibora:Inst_Juego|rand_x[1]           ; juego_vibora:Inst_Juego|rand_x[2]           ; reloj_1mhz   ; reloj_1mhz  ; 0.000        ; 0.080      ; 0.800      ;
; 0.526 ; spi_max7219:Inst_SPI|paso_inicio[1]         ; spi_max7219:Inst_SPI|paso_inicio[2]         ; reloj_1mhz   ; reloj_1mhz  ; 0.000        ; 0.080      ; 0.818      ;
; 0.548 ; spi_max7219:Inst_SPI|paso_inicio[2]         ; spi_max7219:Inst_SPI|paso_inicio[0]         ; reloj_1mhz   ; reloj_1mhz  ; 0.000        ; 0.080      ; 0.840      ;
; 0.554 ; spi_max7219:Inst_SPI|estado.GUARDAR         ; spi_max7219:Inst_SPI|estado.ESPERA          ; reloj_1mhz   ; reloj_1mhz  ; 0.000        ; 0.080      ; 0.846      ;
; 0.555 ; spi_max7219:Inst_SPI|cont_fila[0]           ; spi_max7219:Inst_SPI|cont_fila[1]           ; reloj_1mhz   ; reloj_1mhz  ; 0.000        ; 0.080      ; 0.847      ;
; 0.566 ; spi_max7219:Inst_SPI|paso_inicio[2]         ; spi_max7219:Inst_SPI|estado.INICIO_ARRANQUE ; reloj_1mhz   ; reloj_1mhz  ; 0.000        ; 0.080      ; 0.858      ;
; 0.693 ; spi_max7219:Inst_SPI|cont_fila[3]           ; spi_max7219:Inst_SPI|reg_desplazamiento[11] ; reloj_1mhz   ; reloj_1mhz  ; 0.000        ; 0.080      ; 0.985      ;
; 0.724 ; spi_max7219:Inst_SPI|paso_inicio[0]         ; spi_max7219:Inst_SPI|paso_inicio[1]         ; reloj_1mhz   ; reloj_1mhz  ; 0.000        ; 0.080      ; 1.016      ;
; 0.730 ; juego_vibora:Inst_Juego|rand_x[0]           ; juego_vibora:Inst_Juego|rand_x[1]           ; reloj_1mhz   ; reloj_1mhz  ; 0.000        ; 0.080      ; 1.022      ;
; 0.751 ; juego_vibora:Inst_Juego|rand_y[1]           ; juego_vibora:Inst_Juego|rand_y[2]           ; reloj_1mhz   ; reloj_1mhz  ; 0.000        ; 0.080      ; 1.043      ;
; 0.794 ; spi_max7219:Inst_SPI|cont_fila[2]           ; spi_max7219:Inst_SPI|cont_fila[3]           ; reloj_1mhz   ; reloj_1mhz  ; 0.000        ; 0.080      ; 1.086      ;
; 0.801 ; spi_max7219:Inst_SPI|estado.GUARDAR         ; spi_max7219:Inst_SPI|paso_inicio[2]         ; reloj_1mhz   ; reloj_1mhz  ; 0.000        ; 0.080      ; 1.093      ;
; 0.811 ; spi_max7219:Inst_SPI|paso_inicio[2]         ; spi_max7219:Inst_SPI|estado.ESPERA          ; reloj_1mhz   ; reloj_1mhz  ; 0.000        ; 0.080      ; 1.103      ;
; 0.821 ; spi_max7219:Inst_SPI|estado.GUARDAR         ; spi_max7219:Inst_SPI|paso_inicio[1]         ; reloj_1mhz   ; reloj_1mhz  ; 0.000        ; 0.080      ; 1.113      ;
; 0.824 ; spi_max7219:Inst_SPI|estado.GUARDAR         ; spi_max7219:Inst_SPI|cs                     ; reloj_1mhz   ; reloj_1mhz  ; 0.000        ; 0.080      ; 1.116      ;
; 0.824 ; spi_max7219:Inst_SPI|estado.INICIO_ENVIO    ; spi_max7219:Inst_SPI|estado.GUARDAR         ; reloj_1mhz   ; reloj_1mhz  ; 0.000        ; 0.080      ; 1.116      ;
; 0.825 ; spi_max7219:Inst_SPI|estado.INICIO_ARRANQUE ; spi_max7219:Inst_SPI|estado.INICIO_ENVIO    ; reloj_1mhz   ; reloj_1mhz  ; 0.000        ; 0.080      ; 1.117      ;
; 0.832 ; spi_max7219:Inst_SPI|paso_inicio[2]         ; spi_max7219:Inst_SPI|estado.INICIO_ENVIO    ; reloj_1mhz   ; reloj_1mhz  ; 0.000        ; 0.080      ; 1.124      ;
; 0.865 ; spi_max7219:Inst_SPI|estado.GUARDAR         ; spi_max7219:Inst_SPI|paso_inicio[0]         ; reloj_1mhz   ; reloj_1mhz  ; 0.000        ; 0.080      ; 1.157      ;
; 0.876 ; spi_max7219:Inst_SPI|estado.GUARDAR         ; spi_max7219:Inst_SPI|estado.INICIO_ARRANQUE ; reloj_1mhz   ; reloj_1mhz  ; 0.000        ; 0.080      ; 1.168      ;
; 0.883 ; juego_vibora:Inst_Juego|rand_x[2]           ; juego_vibora:Inst_Juego|rand_y[0]           ; reloj_1mhz   ; reloj_1mhz  ; 0.000        ; 0.080      ; 1.175      ;
; 0.903 ; spi_max7219:Inst_SPI|cont_bits[0]           ; spi_max7219:Inst_SPI|cont_bits[2]           ; reloj_1mhz   ; reloj_1mhz  ; 0.000        ; 0.081      ; 1.196      ;
; 0.904 ; spi_max7219:Inst_SPI|estado.INICIO_ARRANQUE ; spi_max7219:Inst_SPI|reg_desplazamiento[11] ; reloj_1mhz   ; reloj_1mhz  ; 0.000        ; 0.080      ; 1.196      ;
; 0.906 ; spi_max7219:Inst_SPI|estado.INICIO_ARRANQUE ; spi_max7219:Inst_SPI|estado.ESPERA          ; reloj_1mhz   ; reloj_1mhz  ; 0.000        ; 0.080      ; 1.198      ;
; 0.913 ; spi_max7219:Inst_SPI|estado.ESPERA          ; spi_max7219:Inst_SPI|estado.CARGAR_FILA     ; reloj_1mhz   ; reloj_1mhz  ; 0.000        ; 0.080      ; 1.205      ;
; 0.919 ; juego_vibora:Inst_Juego|rand_x[1]           ; juego_vibora:Inst_Juego|rand_y[1]           ; reloj_1mhz   ; reloj_1mhz  ; 0.000        ; 0.080      ; 1.211      ;
; 0.920 ; juego_vibora:Inst_Juego|rand_x[1]           ; juego_vibora:Inst_Juego|rand_y[2]           ; reloj_1mhz   ; reloj_1mhz  ; 0.000        ; 0.080      ; 1.212      ;
; 0.974 ; spi_max7219:Inst_SPI|estado.ESPERA          ; spi_max7219:Inst_SPI|cs                     ; reloj_1mhz   ; reloj_1mhz  ; 0.000        ; 0.080      ; 1.266      ;
; 0.979 ; spi_max7219:Inst_SPI|paso_inicio[0]         ; spi_max7219:Inst_SPI|paso_inicio[2]         ; reloj_1mhz   ; reloj_1mhz  ; 0.000        ; 0.080      ; 1.271      ;
; 0.985 ; juego_vibora:Inst_Juego|rand_x[0]           ; juego_vibora:Inst_Juego|rand_x[2]           ; reloj_1mhz   ; reloj_1mhz  ; 0.000        ; 0.080      ; 1.277      ;
; 1.026 ; juego_vibora:Inst_Juego|rand_y[0]           ; juego_vibora:Inst_Juego|rand_y[0]           ; reloj_1mhz   ; reloj_1mhz  ; 0.000        ; 0.080      ; 1.318      ;
; 1.047 ; spi_max7219:Inst_SPI|paso_inicio[2]         ; spi_max7219:Inst_SPI|paso_inicio[1]         ; reloj_1mhz   ; reloj_1mhz  ; 0.000        ; 0.080      ; 1.339      ;
; 1.058 ; juego_vibora:Inst_Juego|rand_x[0]           ; juego_vibora:Inst_Juego|rand_x[0]           ; reloj_1mhz   ; reloj_1mhz  ; 0.000        ; 0.080      ; 1.350      ;
; 1.079 ; juego_vibora:Inst_Juego|rand_x[0]           ; juego_vibora:Inst_Juego|rand_y[1]           ; reloj_1mhz   ; reloj_1mhz  ; 0.000        ; 0.080      ; 1.371      ;
; 1.080 ; juego_vibora:Inst_Juego|rand_x[0]           ; juego_vibora:Inst_Juego|rand_y[2]           ; reloj_1mhz   ; reloj_1mhz  ; 0.000        ; 0.080      ; 1.372      ;
; 1.089 ; spi_max7219:Inst_SPI|cont_bits[0]           ; spi_max7219:Inst_SPI|cont_bits[1]           ; reloj_1mhz   ; reloj_1mhz  ; 0.000        ; 0.064      ; 1.365      ;
; 1.150 ; juego_vibora:Inst_Juego|rand_x[2]           ; juego_vibora:Inst_Juego|rand_y[1]           ; reloj_1mhz   ; reloj_1mhz  ; 0.000        ; 0.080      ; 1.442      ;
; 1.151 ; juego_vibora:Inst_Juego|rand_x[2]           ; juego_vibora:Inst_Juego|rand_y[2]           ; reloj_1mhz   ; reloj_1mhz  ; 0.000        ; 0.080      ; 1.443      ;
; 1.153 ; juego_vibora:Inst_Juego|rand_y[0]           ; juego_vibora:Inst_Juego|rand_y[1]           ; reloj_1mhz   ; reloj_1mhz  ; 0.000        ; 0.080      ; 1.445      ;
; 1.154 ; juego_vibora:Inst_Juego|rand_y[0]           ; juego_vibora:Inst_Juego|rand_y[2]           ; reloj_1mhz   ; reloj_1mhz  ; 0.000        ; 0.080      ; 1.446      ;
; 1.168 ; juego_vibora:Inst_Juego|rand_x[1]           ; juego_vibora:Inst_Juego|rand_y[0]           ; reloj_1mhz   ; reloj_1mhz  ; 0.000        ; 0.080      ; 1.460      ;
; 1.188 ; juego_vibora:Inst_Juego|rand_x[0]           ; juego_vibora:Inst_Juego|rand_y[0]           ; reloj_1mhz   ; reloj_1mhz  ; 0.000        ; 0.080      ; 1.480      ;
; 1.233 ; spi_max7219:Inst_SPI|cont_bits[3]           ; spi_max7219:Inst_SPI|din                    ; reloj_1mhz   ; reloj_1mhz  ; 0.000        ; 0.064      ; 1.509      ;
; 1.265 ; spi_max7219:Inst_SPI|cont_bits[3]           ; spi_max7219:Inst_SPI|estado.ENVIAR_BITS     ; reloj_1mhz   ; reloj_1mhz  ; 0.000        ; 0.081      ; 1.558      ;
; 1.319 ; spi_max7219:Inst_SPI|cont_bits[1]           ; spi_max7219:Inst_SPI|cont_bits[3]           ; reloj_1mhz   ; reloj_1mhz  ; 0.000        ; 0.096      ; 1.627      ;
; 1.386 ; spi_max7219:Inst_SPI|estado.CARGAR_FILA     ; spi_max7219:Inst_SPI|reg_desplazamiento[9]  ; reloj_1mhz   ; reloj_1mhz  ; 0.000        ; 0.080      ; 1.678      ;
; 1.386 ; spi_max7219:Inst_SPI|estado.CARGAR_FILA     ; spi_max7219:Inst_SPI|reg_desplazamiento[8]  ; reloj_1mhz   ; reloj_1mhz  ; 0.000        ; 0.080      ; 1.678      ;
; 1.389 ; spi_max7219:Inst_SPI|estado.CARGAR_FILA     ; spi_max7219:Inst_SPI|reg_desplazamiento[10] ; reloj_1mhz   ; reloj_1mhz  ; 0.000        ; 0.080      ; 1.681      ;
; 1.394 ; spi_max7219:Inst_SPI|estado.CARGAR_FILA     ; spi_max7219:Inst_SPI|estado.ENVIAR_BITS     ; reloj_1mhz   ; reloj_1mhz  ; 0.000        ; 0.080      ; 1.686      ;
; 1.397 ; spi_max7219:Inst_SPI|estado.INICIO_ENVIO    ; spi_max7219:Inst_SPI|cs                     ; reloj_1mhz   ; reloj_1mhz  ; 0.000        ; 0.080      ; 1.689      ;
; 1.399 ; spi_max7219:Inst_SPI|estado.CARGAR_FILA     ; spi_max7219:Inst_SPI|reg_desplazamiento[11] ; reloj_1mhz   ; reloj_1mhz  ; 0.000        ; 0.080      ; 1.691      ;
; 1.399 ; spi_max7219:Inst_SPI|paso_inicio[1]         ; spi_max7219:Inst_SPI|reg_desplazamiento[9]  ; reloj_1mhz   ; reloj_1mhz  ; 0.000        ; 0.080      ; 1.691      ;
; 1.408 ; spi_max7219:Inst_SPI|paso_inicio[1]         ; spi_max7219:Inst_SPI|reg_desplazamiento[10] ; reloj_1mhz   ; reloj_1mhz  ; 0.000        ; 0.080      ; 1.700      ;
; 1.422 ; spi_max7219:Inst_SPI|paso_inicio[0]         ; spi_max7219:Inst_SPI|reg_desplazamiento[10] ; reloj_1mhz   ; reloj_1mhz  ; 0.000        ; 0.080      ; 1.714      ;
; 1.428 ; spi_max7219:Inst_SPI|estado.INICIO_ARRANQUE ; spi_max7219:Inst_SPI|cont_bits[0]           ; reloj_1mhz   ; reloj_1mhz  ; 0.000        ; 0.080      ; 1.720      ;
; 1.428 ; spi_max7219:Inst_SPI|estado.INICIO_ARRANQUE ; spi_max7219:Inst_SPI|cs                     ; reloj_1mhz   ; reloj_1mhz  ; 0.000        ; 0.080      ; 1.720      ;
; 1.430 ; spi_max7219:Inst_SPI|paso_inicio[0]         ; spi_max7219:Inst_SPI|reg_desplazamiento[9]  ; reloj_1mhz   ; reloj_1mhz  ; 0.000        ; 0.080      ; 1.722      ;
; 1.442 ; spi_max7219:Inst_SPI|paso_inicio[0]         ; spi_max7219:Inst_SPI|reg_desplazamiento[8]  ; reloj_1mhz   ; reloj_1mhz  ; 0.000        ; 0.080      ; 1.734      ;
; 1.477 ; spi_max7219:Inst_SPI|estado.GUARDAR         ; spi_max7219:Inst_SPI|cont_fila[2]           ; reloj_1mhz   ; reloj_1mhz  ; 0.000        ; 0.080      ; 1.769      ;
; 1.477 ; spi_max7219:Inst_SPI|estado.ENVIAR_BITS     ; spi_max7219:Inst_SPI|din                    ; reloj_1mhz   ; reloj_1mhz  ; 0.000        ; 0.064      ; 1.753      ;
; 1.491 ; spi_max7219:Inst_SPI|cont_bits[3]           ; spi_max7219:Inst_SPI|estado.INICIO_ENVIO    ; reloj_1mhz   ; reloj_1mhz  ; 0.000        ; 0.081      ; 1.784      ;
; 1.502 ; spi_max7219:Inst_SPI|cont_bits[1]           ; spi_max7219:Inst_SPI|cont_bits[2]           ; reloj_1mhz   ; reloj_1mhz  ; 0.000        ; 0.096      ; 1.810      ;
; 1.508 ; spi_max7219:Inst_SPI|estado.ENVIAR_BITS     ; spi_max7219:Inst_SPI|cont_bits[0]           ; reloj_1mhz   ; reloj_1mhz  ; 0.000        ; 0.081      ; 1.801      ;
; 1.510 ; spi_max7219:Inst_SPI|paso_inicio[2]         ; spi_max7219:Inst_SPI|cs                     ; reloj_1mhz   ; reloj_1mhz  ; 0.000        ; 0.080      ; 1.802      ;
; 1.516 ; spi_max7219:Inst_SPI|cont_bits[2]           ; spi_max7219:Inst_SPI|estado.ENVIAR_BITS     ; reloj_1mhz   ; reloj_1mhz  ; 0.000        ; 0.081      ; 1.809      ;
; 1.518 ; spi_max7219:Inst_SPI|cont_bits[2]           ; spi_max7219:Inst_SPI|din                    ; reloj_1mhz   ; reloj_1mhz  ; 0.000        ; 0.064      ; 1.794      ;
; 1.525 ; spi_max7219:Inst_SPI|cont_bits[0]           ; spi_max7219:Inst_SPI|estado.ENVIAR_BITS     ; reloj_1mhz   ; reloj_1mhz  ; 0.000        ; 0.081      ; 1.818      ;
; 1.543 ; spi_max7219:Inst_SPI|cont_fila[0]           ; spi_max7219:Inst_SPI|cont_fila[2]           ; reloj_1mhz   ; reloj_1mhz  ; 0.000        ; 0.112      ; 1.867      ;
; 1.543 ; spi_max7219:Inst_SPI|cont_fila[0]           ; spi_max7219:Inst_SPI|cont_fila[3]           ; reloj_1mhz   ; reloj_1mhz  ; 0.000        ; 0.112      ; 1.867      ;
; 1.582 ; spi_max7219:Inst_SPI|estado.ENVIAR_BITS     ; spi_max7219:Inst_SPI|estado.GUARDAR         ; reloj_1mhz   ; reloj_1mhz  ; 0.000        ; 0.081      ; 1.875      ;
; 1.646 ; spi_max7219:Inst_SPI|cont_bits[3]           ; spi_max7219:Inst_SPI|cont_bits[0]           ; reloj_1mhz   ; reloj_1mhz  ; 0.000        ; 0.081      ; 1.939      ;
+-------+---------------------------------------------+---------------------------------------------+--------------+-------------+--------------+------------+------------+


-----------------------------------------------
; Slow 1200mV 85C Model Metastability Summary ;
-----------------------------------------------
No synchronizer chains to report.


+---------------------------------------------------+
; Slow 1200mV 0C Model Fmax Summary                 ;
+------------+-----------------+-------------+------+
; Fmax       ; Restricted Fmax ; Clock Name  ; Note ;
+------------+-----------------+-------------+------+
; 92.26 MHz  ; 92.26 MHz       ; reloj_juego ;      ;
; 184.16 MHz ; 184.16 MHz      ; reloj_50mhz ;      ;
; 223.26 MHz ; 223.26 MHz      ; reloj_1mhz  ;      ;
+------------+-----------------+-------------+------+
This panel reports FMAX for every clock in the design, regardless of the user-specified clock periods.  FMAX is only computed for paths where the source and destination registers or ports are driven by the same clock.  Paths of different clocks, including generated clocks, are ignored.  For paths between a clock and its inversion, FMAX is computed as if the rising and falling edges are scaled along with FMAX, such that the duty cycle (in terms of a percentage) is maintained. Altera recommends that you always use clock constraints and other slack reports for sign-off analysis.


+---------------------------------------+
; Slow 1200mV 0C Model Setup Summary    ;
+-------------+---------+---------------+
; Clock       ; Slack   ; End Point TNS ;
+-------------+---------+---------------+
; reloj_1mhz  ; -10.713 ; -120.975      ;
; reloj_juego ; -9.839  ; -3664.392     ;
; reloj_50mhz ; -5.890  ; -350.847      ;
+-------------+---------+---------------+


+-------------------------------------+
; Slow 1200mV 0C Model Hold Summary   ;
+-------------+-------+---------------+
; Clock       ; Slack ; End Point TNS ;
+-------------+-------+---------------+
; reloj_50mhz ; 0.381 ; 0.000         ;
; reloj_juego ; 0.401 ; 0.000         ;
; reloj_1mhz  ; 0.403 ; 0.000         ;
+-------------+-------+---------------+


-----------------------------------------
; Slow 1200mV 0C Model Recovery Summary ;
-----------------------------------------
No paths to report.


----------------------------------------
; Slow 1200mV 0C Model Removal Summary ;
----------------------------------------
No paths to report.


+--------------------------------------------------+
; Slow 1200mV 0C Model Minimum Pulse Width Summary ;
+-------------+--------+---------------------------+
; Clock       ; Slack  ; End Point TNS             ;
+-------------+--------+---------------------------+
; reloj_50mhz ; -3.000 ; -156.161                  ;
; reloj_juego ; -1.487 ; -605.209                  ;
; reloj_1mhz  ; -1.487 ; -55.019                   ;
+-------------+--------+---------------------------+


+-----------------------------------------------------------------------------------------------------------------------------------------------------------------------+
; Slow 1200mV 0C Model Setup: 'reloj_1mhz'                                                                                                                              ;
+---------+------------------------------------------+--------------------------------------------+--------------+-------------+--------------+------------+------------+
; Slack   ; From Node                                ; To Node                                    ; Launch Clock ; Latch Clock ; Relationship ; Clock Skew ; Data Delay ;
+---------+------------------------------------------+--------------------------------------------+--------------+-------------+--------------+------------+------------+
; -10.713 ; juego_vibora:Inst_Juego|tamano_vibora[2] ; spi_max7219:Inst_SPI|reg_desplazamiento[2] ; reloj_juego  ; reloj_1mhz  ; 0.500        ; 0.257      ; 11.472     ;
; -10.658 ; juego_vibora:Inst_Juego|tamano_vibora[2] ; spi_max7219:Inst_SPI|reg_desplazamiento[3] ; reloj_juego  ; reloj_1mhz  ; 0.500        ; 0.267      ; 11.427     ;
; -10.540 ; juego_vibora:Inst_Juego|tamano_vibora[3] ; spi_max7219:Inst_SPI|reg_desplazamiento[3] ; reloj_juego  ; reloj_1mhz  ; 0.500        ; 0.267      ; 11.309     ;
; -10.522 ; juego_vibora:Inst_Juego|tamano_vibora[5] ; spi_max7219:Inst_SPI|reg_desplazamiento[2] ; reloj_juego  ; reloj_1mhz  ; 0.500        ; 0.257      ; 11.281     ;
; -10.488 ; juego_vibora:Inst_Juego|tamano_vibora[1] ; spi_max7219:Inst_SPI|reg_desplazamiento[2] ; reloj_juego  ; reloj_1mhz  ; 0.500        ; 0.257      ; 11.247     ;
; -10.473 ; juego_vibora:Inst_Juego|tamano_vibora[3] ; spi_max7219:Inst_SPI|reg_desplazamiento[0] ; reloj_juego  ; reloj_1mhz  ; 0.500        ; 0.285      ; 11.260     ;
; -10.433 ; juego_vibora:Inst_Juego|tamano_vibora[1] ; spi_max7219:Inst_SPI|reg_desplazamiento[3] ; reloj_juego  ; reloj_1mhz  ; 0.500        ; 0.267      ; 11.202     ;
; -10.427 ; juego_vibora:Inst_Juego|tamano_vibora[4] ; spi_max7219:Inst_SPI|reg_desplazamiento[3] ; reloj_juego  ; reloj_1mhz  ; 0.500        ; 0.267      ; 11.196     ;
; -10.401 ; juego_vibora:Inst_Juego|vibora[28].y[1]  ; spi_max7219:Inst_SPI|reg_desplazamiento[3] ; reloj_juego  ; reloj_1mhz  ; 0.500        ; -0.173     ; 10.730     ;
; -10.401 ; juego_vibora:Inst_Juego|tamano_vibora[2] ; spi_max7219:Inst_SPI|reg_desplazamiento[0] ; reloj_juego  ; reloj_1mhz  ; 0.500        ; 0.285      ; 11.188     ;
; -10.350 ; juego_vibora:Inst_Juego|tamano_vibora[5] ; spi_max7219:Inst_SPI|reg_desplazamiento[3] ; reloj_juego  ; reloj_1mhz  ; 0.500        ; 0.267      ; 11.119     ;
; -10.350 ; juego_vibora:Inst_Juego|tamano_vibora[6] ; spi_max7219:Inst_SPI|reg_desplazamiento[2] ; reloj_juego  ; reloj_1mhz  ; 0.500        ; 0.257      ; 11.109     ;
; -10.321 ; juego_vibora:Inst_Juego|tamano_vibora[5] ; spi_max7219:Inst_SPI|reg_desplazamiento[6] ; reloj_juego  ; reloj_1mhz  ; 0.500        ; 0.262      ; 11.085     ;
; -10.318 ; juego_vibora:Inst_Juego|tamano_vibora[2] ; spi_max7219:Inst_SPI|reg_desplazamiento[7] ; reloj_juego  ; reloj_1mhz  ; 0.500        ; 0.262      ; 11.082     ;
; -10.311 ; juego_vibora:Inst_Juego|tamano_vibora[4] ; spi_max7219:Inst_SPI|reg_desplazamiento[2] ; reloj_juego  ; reloj_1mhz  ; 0.500        ; 0.257      ; 11.070     ;
; -10.308 ; juego_vibora:Inst_Juego|tamano_vibora[2] ; spi_max7219:Inst_SPI|reg_desplazamiento[4] ; reloj_juego  ; reloj_1mhz  ; 0.500        ; 0.263      ; 11.073     ;
; -10.303 ; juego_vibora:Inst_Juego|tamano_vibora[1] ; spi_max7219:Inst_SPI|reg_desplazamiento[7] ; reloj_juego  ; reloj_1mhz  ; 0.500        ; 0.262      ; 11.067     ;
; -10.291 ; juego_vibora:Inst_Juego|tamano_vibora[0] ; spi_max7219:Inst_SPI|reg_desplazamiento[2] ; reloj_juego  ; reloj_1mhz  ; 0.500        ; 0.258      ; 11.051     ;
; -10.286 ; juego_vibora:Inst_Juego|tamano_vibora[4] ; spi_max7219:Inst_SPI|reg_desplazamiento[1] ; reloj_juego  ; reloj_1mhz  ; 0.500        ; 0.275      ; 11.063     ;
; -10.284 ; juego_vibora:Inst_Juego|tamano_vibora[3] ; spi_max7219:Inst_SPI|reg_desplazamiento[2] ; reloj_juego  ; reloj_1mhz  ; 0.500        ; 0.257      ; 11.043     ;
; -10.272 ; juego_vibora:Inst_Juego|tamano_vibora[2] ; spi_max7219:Inst_SPI|reg_desplazamiento[5] ; reloj_juego  ; reloj_1mhz  ; 0.500        ; 0.284      ; 11.058     ;
; -10.259 ; juego_vibora:Inst_Juego|tamano_vibora[3] ; spi_max7219:Inst_SPI|reg_desplazamiento[1] ; reloj_juego  ; reloj_1mhz  ; 0.500        ; 0.275      ; 11.036     ;
; -10.246 ; juego_vibora:Inst_Juego|vibora[38].x[1]  ; spi_max7219:Inst_SPI|reg_desplazamiento[4] ; reloj_juego  ; reloj_1mhz  ; 0.500        ; -0.209     ; 10.539     ;
; -10.238 ; juego_vibora:Inst_Juego|tamano_vibora[3] ; spi_max7219:Inst_SPI|reg_desplazamiento[4] ; reloj_juego  ; reloj_1mhz  ; 0.500        ; 0.263      ; 11.003     ;
; -10.233 ; juego_vibora:Inst_Juego|tamano_vibora[2] ; spi_max7219:Inst_SPI|reg_desplazamiento[6] ; reloj_juego  ; reloj_1mhz  ; 0.500        ; 0.262      ; 10.997     ;
; -10.230 ; juego_vibora:Inst_Juego|tamano_vibora[5] ; spi_max7219:Inst_SPI|reg_desplazamiento[5] ; reloj_juego  ; reloj_1mhz  ; 0.500        ; 0.284      ; 11.016     ;
; -10.214 ; juego_vibora:Inst_Juego|tamano_vibora[1] ; spi_max7219:Inst_SPI|reg_desplazamiento[0] ; reloj_juego  ; reloj_1mhz  ; 0.500        ; 0.285      ; 11.001     ;
; -10.212 ; juego_vibora:Inst_Juego|vibora[20].y[0]  ; spi_max7219:Inst_SPI|reg_desplazamiento[0] ; reloj_juego  ; reloj_1mhz  ; 0.500        ; -0.137     ; 10.577     ;
; -10.211 ; juego_vibora:Inst_Juego|tamano_vibora[1] ; spi_max7219:Inst_SPI|reg_desplazamiento[6] ; reloj_juego  ; reloj_1mhz  ; 0.500        ; 0.262      ; 10.975     ;
; -10.201 ; juego_vibora:Inst_Juego|tamano_vibora[2] ; spi_max7219:Inst_SPI|reg_desplazamiento[1] ; reloj_juego  ; reloj_1mhz  ; 0.500        ; 0.275      ; 10.978     ;
; -10.200 ; juego_vibora:Inst_Juego|tamano_vibora[3] ; spi_max7219:Inst_SPI|reg_desplazamiento[6] ; reloj_juego  ; reloj_1mhz  ; 0.500        ; 0.262      ; 10.964     ;
; -10.191 ; juego_vibora:Inst_Juego|tamano_vibora[5] ; spi_max7219:Inst_SPI|reg_desplazamiento[0] ; reloj_juego  ; reloj_1mhz  ; 0.500        ; 0.285      ; 10.978     ;
; -10.190 ; juego_vibora:Inst_Juego|tamano_vibora[1] ; spi_max7219:Inst_SPI|reg_desplazamiento[1] ; reloj_juego  ; reloj_1mhz  ; 0.500        ; 0.275      ; 10.967     ;
; -10.184 ; juego_vibora:Inst_Juego|tamano_vibora[0] ; spi_max7219:Inst_SPI|reg_desplazamiento[3] ; reloj_juego  ; reloj_1mhz  ; 0.500        ; 0.268      ; 10.954     ;
; -10.178 ; juego_vibora:Inst_Juego|tamano_vibora[6] ; spi_max7219:Inst_SPI|reg_desplazamiento[3] ; reloj_juego  ; reloj_1mhz  ; 0.500        ; 0.267      ; 10.947     ;
; -10.178 ; juego_vibora:Inst_Juego|tamano_vibora[0] ; spi_max7219:Inst_SPI|reg_desplazamiento[7] ; reloj_juego  ; reloj_1mhz  ; 0.500        ; 0.263      ; 10.943     ;
; -10.149 ; juego_vibora:Inst_Juego|tamano_vibora[6] ; spi_max7219:Inst_SPI|reg_desplazamiento[6] ; reloj_juego  ; reloj_1mhz  ; 0.500        ; 0.262      ; 10.913     ;
; -10.148 ; juego_vibora:Inst_Juego|tamano_vibora[5] ; spi_max7219:Inst_SPI|reg_desplazamiento[4] ; reloj_juego  ; reloj_1mhz  ; 0.500        ; 0.263      ; 10.913     ;
; -10.137 ; juego_vibora:Inst_Juego|tamano_vibora[0] ; spi_max7219:Inst_SPI|reg_desplazamiento[6] ; reloj_juego  ; reloj_1mhz  ; 0.500        ; 0.263      ; 10.902     ;
; -10.132 ; juego_vibora:Inst_Juego|tamano_vibora[5] ; spi_max7219:Inst_SPI|reg_desplazamiento[1] ; reloj_juego  ; reloj_1mhz  ; 0.500        ; 0.275      ; 10.909     ;
; -10.098 ; juego_vibora:Inst_Juego|tamano_vibora[0] ; spi_max7219:Inst_SPI|reg_desplazamiento[1] ; reloj_juego  ; reloj_1mhz  ; 0.500        ; 0.276      ; 10.876     ;
; -10.092 ; juego_vibora:Inst_Juego|tamano_vibora[1] ; spi_max7219:Inst_SPI|reg_desplazamiento[5] ; reloj_juego  ; reloj_1mhz  ; 0.500        ; 0.284      ; 10.878     ;
; -10.087 ; juego_vibora:Inst_Juego|tamano_vibora[3] ; spi_max7219:Inst_SPI|reg_desplazamiento[7] ; reloj_juego  ; reloj_1mhz  ; 0.500        ; 0.262      ; 10.851     ;
; -10.076 ; juego_vibora:Inst_Juego|tamano_vibora[3] ; spi_max7219:Inst_SPI|reg_desplazamiento[5] ; reloj_juego  ; reloj_1mhz  ; 0.500        ; 0.284      ; 10.862     ;
; -10.058 ; juego_vibora:Inst_Juego|tamano_vibora[6] ; spi_max7219:Inst_SPI|reg_desplazamiento[5] ; reloj_juego  ; reloj_1mhz  ; 0.500        ; 0.284      ; 10.844     ;
; -10.045 ; juego_vibora:Inst_Juego|tamano_vibora[4] ; spi_max7219:Inst_SPI|reg_desplazamiento[4] ; reloj_juego  ; reloj_1mhz  ; 0.500        ; 0.263      ; 10.810     ;
; -10.040 ; juego_vibora:Inst_Juego|tamano_vibora[5] ; spi_max7219:Inst_SPI|reg_desplazamiento[7] ; reloj_juego  ; reloj_1mhz  ; 0.500        ; 0.262      ; 10.804     ;
; -10.032 ; juego_vibora:Inst_Juego|tamano_vibora[1] ; spi_max7219:Inst_SPI|reg_desplazamiento[4] ; reloj_juego  ; reloj_1mhz  ; 0.500        ; 0.263      ; 10.797     ;
; -10.021 ; juego_vibora:Inst_Juego|vibora[4].y[1]   ; spi_max7219:Inst_SPI|reg_desplazamiento[4] ; reloj_juego  ; reloj_1mhz  ; 0.500        ; -0.201     ; 10.322     ;
; -10.019 ; juego_vibora:Inst_Juego|tamano_vibora[6] ; spi_max7219:Inst_SPI|reg_desplazamiento[0] ; reloj_juego  ; reloj_1mhz  ; 0.500        ; 0.285      ; 10.806     ;
; -10.010 ; juego_vibora:Inst_Juego|tamano_vibora[0] ; spi_max7219:Inst_SPI|reg_desplazamiento[0] ; reloj_juego  ; reloj_1mhz  ; 0.500        ; 0.286      ; 10.798     ;
; -10.008 ; juego_vibora:Inst_Juego|vibora[17].y[2]  ; spi_max7219:Inst_SPI|reg_desplazamiento[1] ; reloj_juego  ; reloj_1mhz  ; 0.500        ; -0.236     ; 10.274     ;
; -9.999  ; juego_vibora:Inst_Juego|tamano_vibora[0] ; spi_max7219:Inst_SPI|reg_desplazamiento[5] ; reloj_juego  ; reloj_1mhz  ; 0.500        ; 0.285      ; 10.786     ;
; -9.991  ; juego_vibora:Inst_Juego|vibora[48].y[2]  ; spi_max7219:Inst_SPI|reg_desplazamiento[5] ; reloj_juego  ; reloj_1mhz  ; 0.500        ; -0.164     ; 10.329     ;
; -9.977  ; juego_vibora:Inst_Juego|vibora[28].y[0]  ; spi_max7219:Inst_SPI|reg_desplazamiento[3] ; reloj_juego  ; reloj_1mhz  ; 0.500        ; -0.173     ; 10.306     ;
; -9.976  ; juego_vibora:Inst_Juego|tamano_vibora[6] ; spi_max7219:Inst_SPI|reg_desplazamiento[4] ; reloj_juego  ; reloj_1mhz  ; 0.500        ; 0.263      ; 10.741     ;
; -9.960  ; juego_vibora:Inst_Juego|tamano_vibora[6] ; spi_max7219:Inst_SPI|reg_desplazamiento[1] ; reloj_juego  ; reloj_1mhz  ; 0.500        ; 0.275      ; 10.737     ;
; -9.957  ; juego_vibora:Inst_Juego|vibora[4].y[0]   ; spi_max7219:Inst_SPI|reg_desplazamiento[4] ; reloj_juego  ; reloj_1mhz  ; 0.500        ; -0.201     ; 10.258     ;
; -9.940  ; juego_vibora:Inst_Juego|vibora[49].y[2]  ; spi_max7219:Inst_SPI|reg_desplazamiento[1] ; reloj_juego  ; reloj_1mhz  ; 0.500        ; -0.193     ; 10.249     ;
; -9.935  ; juego_vibora:Inst_Juego|tamano_vibora[4] ; spi_max7219:Inst_SPI|reg_desplazamiento[0] ; reloj_juego  ; reloj_1mhz  ; 0.500        ; 0.285      ; 10.722     ;
; -9.935  ; juego_vibora:Inst_Juego|vibora[48].y[2]  ; spi_max7219:Inst_SPI|reg_desplazamiento[7] ; reloj_juego  ; reloj_1mhz  ; 0.500        ; -0.186     ; 10.251     ;
; -9.933  ; juego_vibora:Inst_Juego|vibora[34].y[0]  ; spi_max7219:Inst_SPI|reg_desplazamiento[6] ; reloj_juego  ; reloj_1mhz  ; 0.500        ; -0.209     ; 10.226     ;
; -9.922  ; juego_vibora:Inst_Juego|tamano_vibora[6] ; spi_max7219:Inst_SPI|reg_desplazamiento[7] ; reloj_juego  ; reloj_1mhz  ; 0.500        ; 0.262      ; 10.686     ;
; -9.904  ; juego_vibora:Inst_Juego|vibora[55].y[0]  ; spi_max7219:Inst_SPI|reg_desplazamiento[1] ; reloj_juego  ; reloj_1mhz  ; 0.500        ; -0.191     ; 10.215     ;
; -9.900  ; juego_vibora:Inst_Juego|vibora[53].y[0]  ; spi_max7219:Inst_SPI|reg_desplazamiento[1] ; reloj_juego  ; reloj_1mhz  ; 0.500        ; -0.183     ; 10.219     ;
; -9.900  ; juego_vibora:Inst_Juego|tamano_vibora[4] ; spi_max7219:Inst_SPI|reg_desplazamiento[7] ; reloj_juego  ; reloj_1mhz  ; 0.500        ; 0.262      ; 10.664     ;
; -9.898  ; juego_vibora:Inst_Juego|tamano_vibora[4] ; spi_max7219:Inst_SPI|reg_desplazamiento[5] ; reloj_juego  ; reloj_1mhz  ; 0.500        ; 0.284      ; 10.684     ;
; -9.878  ; juego_vibora:Inst_Juego|vibora[31].y[0]  ; spi_max7219:Inst_SPI|reg_desplazamiento[3] ; reloj_juego  ; reloj_1mhz  ; 0.500        ; -0.194     ; 10.186     ;
; -9.878  ; juego_vibora:Inst_Juego|vibora[28].y[1]  ; spi_max7219:Inst_SPI|reg_desplazamiento[0] ; reloj_juego  ; reloj_1mhz  ; 0.500        ; -0.155     ; 10.225     ;
; -9.867  ; juego_vibora:Inst_Juego|vibora[0].y[1]   ; spi_max7219:Inst_SPI|reg_desplazamiento[3] ; reloj_juego  ; reloj_1mhz  ; 0.500        ; 0.264      ; 10.633     ;
; -9.862  ; juego_vibora:Inst_Juego|tamano_vibora[0] ; spi_max7219:Inst_SPI|reg_desplazamiento[4] ; reloj_juego  ; reloj_1mhz  ; 0.500        ; 0.264      ; 10.628     ;
; -9.858  ; juego_vibora:Inst_Juego|tamano_vibora[4] ; spi_max7219:Inst_SPI|reg_desplazamiento[6] ; reloj_juego  ; reloj_1mhz  ; 0.500        ; 0.262      ; 10.622     ;
; -9.856  ; juego_vibora:Inst_Juego|vibora[17].y[2]  ; spi_max7219:Inst_SPI|reg_desplazamiento[4] ; reloj_juego  ; reloj_1mhz  ; 0.500        ; -0.248     ; 10.110     ;
; -9.852  ; juego_vibora:Inst_Juego|vibora[31].y[0]  ; spi_max7219:Inst_SPI|reg_desplazamiento[0] ; reloj_juego  ; reloj_1mhz  ; 0.500        ; -0.176     ; 10.178     ;
; -9.844  ; juego_vibora:Inst_Juego|vibora[33].y[1]  ; spi_max7219:Inst_SPI|reg_desplazamiento[6] ; reloj_juego  ; reloj_1mhz  ; 0.500        ; -0.214     ; 10.132     ;
; -9.827  ; juego_vibora:Inst_Juego|vibora[41].y[2]  ; spi_max7219:Inst_SPI|reg_desplazamiento[2] ; reloj_juego  ; reloj_1mhz  ; 0.500        ; -0.197     ; 10.132     ;
; -9.822  ; juego_vibora:Inst_Juego|vibora[38].x[1]  ; spi_max7219:Inst_SPI|reg_desplazamiento[2] ; reloj_juego  ; reloj_1mhz  ; 0.500        ; -0.215     ; 10.109     ;
; -9.819  ; juego_vibora:Inst_Juego|vibora[31].y[1]  ; spi_max7219:Inst_SPI|reg_desplazamiento[3] ; reloj_juego  ; reloj_1mhz  ; 0.500        ; -0.194     ; 10.127     ;
; -9.819  ; juego_vibora:Inst_Juego|vibora[31].y[0]  ; spi_max7219:Inst_SPI|reg_desplazamiento[5] ; reloj_juego  ; reloj_1mhz  ; 0.500        ; -0.177     ; 10.144     ;
; -9.817  ; juego_vibora:Inst_Juego|vibora[61].x[0]  ; spi_max7219:Inst_SPI|reg_desplazamiento[0] ; reloj_juego  ; reloj_1mhz  ; 0.500        ; -0.132     ; 10.187     ;
; -9.815  ; juego_vibora:Inst_Juego|vibora[17].y[2]  ; spi_max7219:Inst_SPI|reg_desplazamiento[0] ; reloj_juego  ; reloj_1mhz  ; 0.500        ; -0.226     ; 10.091     ;
; -9.812  ; juego_vibora:Inst_Juego|vibora[38].y[2]  ; spi_max7219:Inst_SPI|reg_desplazamiento[7] ; reloj_juego  ; reloj_1mhz  ; 0.500        ; -0.227     ; 10.087     ;
; -9.807  ; juego_vibora:Inst_Juego|vibora[60].y[2]  ; spi_max7219:Inst_SPI|reg_desplazamiento[2] ; reloj_juego  ; reloj_1mhz  ; 0.500        ; -0.197     ; 10.112     ;
; -9.801  ; juego_vibora:Inst_Juego|vibora[20].y[1]  ; spi_max7219:Inst_SPI|reg_desplazamiento[0] ; reloj_juego  ; reloj_1mhz  ; 0.500        ; -0.218     ; 10.085     ;
; -9.788  ; juego_vibora:Inst_Juego|vibora[39].y[1]  ; spi_max7219:Inst_SPI|reg_desplazamiento[4] ; reloj_juego  ; reloj_1mhz  ; 0.500        ; -0.183     ; 10.107     ;
; -9.788  ; juego_vibora:Inst_Juego|vibora[32].y[2]  ; spi_max7219:Inst_SPI|reg_desplazamiento[7] ; reloj_juego  ; reloj_1mhz  ; 0.500        ; -0.217     ; 10.073     ;
; -9.776  ; juego_vibora:Inst_Juego|vibora[18].x[2]  ; spi_max7219:Inst_SPI|reg_desplazamiento[1] ; reloj_juego  ; reloj_1mhz  ; 0.500        ; 0.275      ; 10.553     ;
; -9.771  ; juego_vibora:Inst_Juego|vibora[33].y[1]  ; spi_max7219:Inst_SPI|reg_desplazamiento[3] ; reloj_juego  ; reloj_1mhz  ; 0.500        ; -0.209     ; 10.064     ;
; -9.770  ; juego_vibora:Inst_Juego|vibora[33].y[2]  ; spi_max7219:Inst_SPI|reg_desplazamiento[4] ; reloj_juego  ; reloj_1mhz  ; 0.500        ; -0.213     ; 10.059     ;
; -9.768  ; juego_vibora:Inst_Juego|vibora[34].y[0]  ; spi_max7219:Inst_SPI|reg_desplazamiento[3] ; reloj_juego  ; reloj_1mhz  ; 0.500        ; -0.204     ; 10.066     ;
; -9.766  ; juego_vibora:Inst_Juego|vibora[33].y[2]  ; spi_max7219:Inst_SPI|reg_desplazamiento[6] ; reloj_juego  ; reloj_1mhz  ; 0.500        ; -0.214     ; 10.054     ;
; -9.749  ; juego_vibora:Inst_Juego|vibora[38].y[1]  ; spi_max7219:Inst_SPI|reg_desplazamiento[4] ; reloj_juego  ; reloj_1mhz  ; 0.500        ; -0.226     ; 10.025     ;
; -9.745  ; juego_vibora:Inst_Juego|vibora[0].y[2]   ; spi_max7219:Inst_SPI|reg_desplazamiento[3] ; reloj_juego  ; reloj_1mhz  ; 0.500        ; 0.265      ; 10.512     ;
; -9.739  ; juego_vibora:Inst_Juego|vibora[12].y[2]  ; spi_max7219:Inst_SPI|reg_desplazamiento[2] ; reloj_juego  ; reloj_1mhz  ; 0.500        ; -0.244     ; 9.997      ;
; -9.734  ; juego_vibora:Inst_Juego|vibora[4].y[2]   ; spi_max7219:Inst_SPI|reg_desplazamiento[4] ; reloj_juego  ; reloj_1mhz  ; 0.500        ; -0.201     ; 10.035     ;
; -9.732  ; juego_vibora:Inst_Juego|vibora[12].y[0]  ; spi_max7219:Inst_SPI|reg_desplazamiento[2] ; reloj_juego  ; reloj_1mhz  ; 0.500        ; -0.244     ; 9.990      ;
; -9.722  ; juego_vibora:Inst_Juego|vibora[63].y[2]  ; spi_max7219:Inst_SPI|reg_desplazamiento[7] ; reloj_juego  ; reloj_1mhz  ; 0.500        ; -0.207     ; 10.017     ;
; -9.719  ; juego_vibora:Inst_Juego|vibora[39].x[0]  ; spi_max7219:Inst_SPI|reg_desplazamiento[6] ; reloj_juego  ; reloj_1mhz  ; 0.500        ; -0.184     ; 10.037     ;
; -9.717  ; juego_vibora:Inst_Juego|vibora[5].y[2]   ; spi_max7219:Inst_SPI|reg_desplazamiento[7] ; reloj_juego  ; reloj_1mhz  ; 0.500        ; -0.218     ; 10.001     ;
; -9.716  ; juego_vibora:Inst_Juego|vibora[28].y[1]  ; spi_max7219:Inst_SPI|reg_desplazamiento[4] ; reloj_juego  ; reloj_1mhz  ; 0.500        ; -0.177     ; 10.041     ;
+---------+------------------------------------------+--------------------------------------------+--------------+-------------+--------------+------------+------------+


+-------------------------------------------------------------------------------------------------------------------------------------------------------------------+
; Slow 1200mV 0C Model Setup: 'reloj_juego'                                                                                                                         ;
+--------+------------------------------------------+-----------------------------------------+--------------+-------------+--------------+------------+------------+
; Slack  ; From Node                                ; To Node                                 ; Launch Clock ; Latch Clock ; Relationship ; Clock Skew ; Data Delay ;
+--------+------------------------------------------+-----------------------------------------+--------------+-------------+--------------+------------+------------+
; -9.839 ; juego_vibora:Inst_Juego|dir_actual[0]    ; juego_vibora:Inst_Juego|vibora[10].y[2] ; reloj_juego  ; reloj_juego ; 1.000        ; 0.363      ; 11.204     ;
; -9.693 ; juego_vibora:Inst_Juego|dir_actual[0]    ; juego_vibora:Inst_Juego|vibora[36].x[2] ; reloj_juego  ; reloj_juego ; 1.000        ; -0.065     ; 10.630     ;
; -9.674 ; juego_vibora:Inst_Juego|dir_actual[0]    ; juego_vibora:Inst_Juego|pos_comida.x[2] ; reloj_juego  ; reloj_juego ; 1.000        ; -0.078     ; 10.598     ;
; -9.674 ; juego_vibora:Inst_Juego|dir_actual[0]    ; juego_vibora:Inst_Juego|pos_comida.y[2] ; reloj_juego  ; reloj_juego ; 1.000        ; -0.078     ; 10.598     ;
; -9.674 ; juego_vibora:Inst_Juego|dir_actual[0]    ; juego_vibora:Inst_Juego|pos_comida.y[0] ; reloj_juego  ; reloj_juego ; 1.000        ; -0.078     ; 10.598     ;
; -9.674 ; juego_vibora:Inst_Juego|dir_actual[0]    ; juego_vibora:Inst_Juego|pos_comida.y[1] ; reloj_juego  ; reloj_juego ; 1.000        ; -0.078     ; 10.598     ;
; -9.674 ; juego_vibora:Inst_Juego|dir_actual[0]    ; juego_vibora:Inst_Juego|pos_comida.x[0] ; reloj_juego  ; reloj_juego ; 1.000        ; -0.078     ; 10.598     ;
; -9.674 ; juego_vibora:Inst_Juego|dir_actual[0]    ; juego_vibora:Inst_Juego|pos_comida.x[1] ; reloj_juego  ; reloj_juego ; 1.000        ; -0.078     ; 10.598     ;
; -9.662 ; juego_vibora:Inst_Juego|dir_actual[0]    ; juego_vibora:Inst_Juego|vibora[3].y[2]  ; reloj_juego  ; reloj_juego ; 1.000        ; -0.064     ; 10.600     ;
; -9.603 ; juego_vibora:Inst_Juego|tamano_vibora[2] ; juego_vibora:Inst_Juego|vibora[10].y[2] ; reloj_juego  ; reloj_juego ; 1.000        ; 0.366      ; 10.971     ;
; -9.590 ; juego_vibora:Inst_Juego|vibora[0].y[0]   ; juego_vibora:Inst_Juego|vibora[10].y[2] ; reloj_juego  ; reloj_juego ; 1.000        ; 0.363      ; 10.955     ;
; -9.569 ; juego_vibora:Inst_Juego|vibora[0].y[2]   ; juego_vibora:Inst_Juego|vibora[10].y[2] ; reloj_juego  ; reloj_juego ; 1.000        ; 0.364      ; 10.935     ;
; -9.546 ; juego_vibora:Inst_Juego|dir_actual[0]    ; juego_vibora:Inst_Juego|vibora[18].y[0] ; reloj_juego  ; reloj_juego ; 1.000        ; -0.081     ; 10.467     ;
; -9.546 ; juego_vibora:Inst_Juego|dir_actual[0]    ; juego_vibora:Inst_Juego|vibora[18].y[2] ; reloj_juego  ; reloj_juego ; 1.000        ; -0.081     ; 10.467     ;
; -9.546 ; juego_vibora:Inst_Juego|dir_actual[0]    ; juego_vibora:Inst_Juego|vibora[18].x[2] ; reloj_juego  ; reloj_juego ; 1.000        ; -0.081     ; 10.467     ;
; -9.546 ; juego_vibora:Inst_Juego|dir_actual[0]    ; juego_vibora:Inst_Juego|vibora[18].x[0] ; reloj_juego  ; reloj_juego ; 1.000        ; -0.081     ; 10.467     ;
; -9.546 ; juego_vibora:Inst_Juego|dir_actual[0]    ; juego_vibora:Inst_Juego|vibora[18].y[1] ; reloj_juego  ; reloj_juego ; 1.000        ; -0.081     ; 10.467     ;
; -9.546 ; juego_vibora:Inst_Juego|dir_actual[0]    ; juego_vibora:Inst_Juego|vibora[18].x[1] ; reloj_juego  ; reloj_juego ; 1.000        ; -0.081     ; 10.467     ;
; -9.543 ; juego_vibora:Inst_Juego|dir_actual[0]    ; juego_vibora:Inst_Juego|vibora[14].y[2] ; reloj_juego  ; reloj_juego ; 1.000        ; 0.400      ; 10.945     ;
; -9.543 ; juego_vibora:Inst_Juego|dir_actual[0]    ; juego_vibora:Inst_Juego|vibora[14].x[2] ; reloj_juego  ; reloj_juego ; 1.000        ; 0.400      ; 10.945     ;
; -9.543 ; juego_vibora:Inst_Juego|dir_actual[0]    ; juego_vibora:Inst_Juego|vibora[14].x[0] ; reloj_juego  ; reloj_juego ; 1.000        ; 0.400      ; 10.945     ;
; -9.543 ; juego_vibora:Inst_Juego|dir_actual[0]    ; juego_vibora:Inst_Juego|vibora[14].y[1] ; reloj_juego  ; reloj_juego ; 1.000        ; 0.400      ; 10.945     ;
; -9.543 ; juego_vibora:Inst_Juego|dir_actual[0]    ; juego_vibora:Inst_Juego|vibora[14].x[1] ; reloj_juego  ; reloj_juego ; 1.000        ; 0.400      ; 10.945     ;
; -9.543 ; juego_vibora:Inst_Juego|dir_actual[0]    ; juego_vibora:Inst_Juego|vibora[14].y[0] ; reloj_juego  ; reloj_juego ; 1.000        ; 0.400      ; 10.945     ;
; -9.542 ; juego_vibora:Inst_Juego|dir_actual[0]    ; juego_vibora:Inst_Juego|vibora[32].y[0] ; reloj_juego  ; reloj_juego ; 1.000        ; -0.066     ; 10.478     ;
; -9.529 ; juego_vibora:Inst_Juego|dir_actual[0]    ; juego_vibora:Inst_Juego|vibora[4].y[2]  ; reloj_juego  ; reloj_juego ; 1.000        ; 0.365      ; 10.896     ;
; -9.529 ; juego_vibora:Inst_Juego|dir_actual[0]    ; juego_vibora:Inst_Juego|vibora[4].x[2]  ; reloj_juego  ; reloj_juego ; 1.000        ; 0.365      ; 10.896     ;
; -9.529 ; juego_vibora:Inst_Juego|dir_actual[0]    ; juego_vibora:Inst_Juego|vibora[4].x[0]  ; reloj_juego  ; reloj_juego ; 1.000        ; 0.365      ; 10.896     ;
; -9.529 ; juego_vibora:Inst_Juego|dir_actual[0]    ; juego_vibora:Inst_Juego|vibora[4].y[1]  ; reloj_juego  ; reloj_juego ; 1.000        ; 0.365      ; 10.896     ;
; -9.529 ; juego_vibora:Inst_Juego|dir_actual[0]    ; juego_vibora:Inst_Juego|vibora[4].x[1]  ; reloj_juego  ; reloj_juego ; 1.000        ; 0.365      ; 10.896     ;
; -9.529 ; juego_vibora:Inst_Juego|dir_actual[0]    ; juego_vibora:Inst_Juego|vibora[4].y[0]  ; reloj_juego  ; reloj_juego ; 1.000        ; 0.365      ; 10.896     ;
; -9.518 ; juego_vibora:Inst_Juego|dir_actual[0]    ; juego_vibora:Inst_Juego|vibora[54].x[2] ; reloj_juego  ; reloj_juego ; 1.000        ; 0.380      ; 10.900     ;
; -9.518 ; juego_vibora:Inst_Juego|dir_actual[0]    ; juego_vibora:Inst_Juego|vibora[54].y[2] ; reloj_juego  ; reloj_juego ; 1.000        ; 0.380      ; 10.900     ;
; -9.518 ; juego_vibora:Inst_Juego|dir_actual[0]    ; juego_vibora:Inst_Juego|vibora[54].y[0] ; reloj_juego  ; reloj_juego ; 1.000        ; 0.380      ; 10.900     ;
; -9.518 ; juego_vibora:Inst_Juego|dir_actual[0]    ; juego_vibora:Inst_Juego|vibora[54].y[1] ; reloj_juego  ; reloj_juego ; 1.000        ; 0.380      ; 10.900     ;
; -9.518 ; juego_vibora:Inst_Juego|dir_actual[0]    ; juego_vibora:Inst_Juego|vibora[54].x[1] ; reloj_juego  ; reloj_juego ; 1.000        ; 0.380      ; 10.900     ;
; -9.518 ; juego_vibora:Inst_Juego|dir_actual[0]    ; juego_vibora:Inst_Juego|vibora[54].x[0] ; reloj_juego  ; reloj_juego ; 1.000        ; 0.380      ; 10.900     ;
; -9.503 ; juego_vibora:Inst_Juego|vibora[0].x[0]   ; juego_vibora:Inst_Juego|vibora[10].y[2] ; reloj_juego  ; reloj_juego ; 1.000        ; 0.363      ; 10.868     ;
; -9.502 ; juego_vibora:Inst_Juego|dir_actual[0]    ; juego_vibora:Inst_Juego|vibora[20].y[0] ; reloj_juego  ; reloj_juego ; 1.000        ; 0.324      ; 10.828     ;
; -9.490 ; juego_vibora:Inst_Juego|dir_actual[0]    ; juego_vibora:Inst_Juego|vibora[38].x[1] ; reloj_juego  ; reloj_juego ; 1.000        ; 0.377      ; 10.869     ;
; -9.457 ; juego_vibora:Inst_Juego|tamano_vibora[2] ; juego_vibora:Inst_Juego|vibora[36].x[2] ; reloj_juego  ; reloj_juego ; 1.000        ; -0.062     ; 10.397     ;
; -9.448 ; juego_vibora:Inst_Juego|dir_actual[0]    ; juego_vibora:Inst_Juego|vibora[48].x[1] ; reloj_juego  ; reloj_juego ; 1.000        ; 0.367      ; 10.817     ;
; -9.444 ; juego_vibora:Inst_Juego|vibora[0].y[0]   ; juego_vibora:Inst_Juego|vibora[36].x[2] ; reloj_juego  ; reloj_juego ; 1.000        ; -0.065     ; 10.381     ;
; -9.443 ; juego_vibora:Inst_Juego|dir_actual[0]    ; juego_vibora:Inst_Juego|vibora[19].y[0] ; reloj_juego  ; reloj_juego ; 1.000        ; -0.078     ; 10.367     ;
; -9.443 ; juego_vibora:Inst_Juego|tamano_vibora[5] ; juego_vibora:Inst_Juego|vibora[10].y[2] ; reloj_juego  ; reloj_juego ; 1.000        ; 0.366      ; 10.811     ;
; -9.438 ; juego_vibora:Inst_Juego|tamano_vibora[2] ; juego_vibora:Inst_Juego|pos_comida.x[2] ; reloj_juego  ; reloj_juego ; 1.000        ; -0.075     ; 10.365     ;
; -9.438 ; juego_vibora:Inst_Juego|tamano_vibora[2] ; juego_vibora:Inst_Juego|pos_comida.y[2] ; reloj_juego  ; reloj_juego ; 1.000        ; -0.075     ; 10.365     ;
; -9.438 ; juego_vibora:Inst_Juego|tamano_vibora[2] ; juego_vibora:Inst_Juego|pos_comida.y[0] ; reloj_juego  ; reloj_juego ; 1.000        ; -0.075     ; 10.365     ;
; -9.438 ; juego_vibora:Inst_Juego|tamano_vibora[2] ; juego_vibora:Inst_Juego|pos_comida.y[1] ; reloj_juego  ; reloj_juego ; 1.000        ; -0.075     ; 10.365     ;
; -9.438 ; juego_vibora:Inst_Juego|tamano_vibora[2] ; juego_vibora:Inst_Juego|pos_comida.x[0] ; reloj_juego  ; reloj_juego ; 1.000        ; -0.075     ; 10.365     ;
; -9.438 ; juego_vibora:Inst_Juego|tamano_vibora[2] ; juego_vibora:Inst_Juego|pos_comida.x[1] ; reloj_juego  ; reloj_juego ; 1.000        ; -0.075     ; 10.365     ;
; -9.429 ; juego_vibora:Inst_Juego|dir_actual[0]    ; juego_vibora:Inst_Juego|vibora[26].y[2] ; reloj_juego  ; reloj_juego ; 1.000        ; -0.103     ; 10.328     ;
; -9.426 ; juego_vibora:Inst_Juego|tamano_vibora[2] ; juego_vibora:Inst_Juego|vibora[3].y[2]  ; reloj_juego  ; reloj_juego ; 1.000        ; -0.061     ; 10.367     ;
; -9.425 ; juego_vibora:Inst_Juego|vibora[0].y[0]   ; juego_vibora:Inst_Juego|pos_comida.x[2] ; reloj_juego  ; reloj_juego ; 1.000        ; -0.078     ; 10.349     ;
; -9.425 ; juego_vibora:Inst_Juego|vibora[0].y[0]   ; juego_vibora:Inst_Juego|pos_comida.y[2] ; reloj_juego  ; reloj_juego ; 1.000        ; -0.078     ; 10.349     ;
; -9.425 ; juego_vibora:Inst_Juego|vibora[0].y[0]   ; juego_vibora:Inst_Juego|pos_comida.y[0] ; reloj_juego  ; reloj_juego ; 1.000        ; -0.078     ; 10.349     ;
; -9.425 ; juego_vibora:Inst_Juego|vibora[0].y[0]   ; juego_vibora:Inst_Juego|pos_comida.y[1] ; reloj_juego  ; reloj_juego ; 1.000        ; -0.078     ; 10.349     ;
; -9.425 ; juego_vibora:Inst_Juego|vibora[0].y[0]   ; juego_vibora:Inst_Juego|pos_comida.x[0] ; reloj_juego  ; reloj_juego ; 1.000        ; -0.078     ; 10.349     ;
; -9.425 ; juego_vibora:Inst_Juego|vibora[0].y[0]   ; juego_vibora:Inst_Juego|pos_comida.x[1] ; reloj_juego  ; reloj_juego ; 1.000        ; -0.078     ; 10.349     ;
; -9.423 ; juego_vibora:Inst_Juego|vibora[0].y[2]   ; juego_vibora:Inst_Juego|vibora[36].x[2] ; reloj_juego  ; reloj_juego ; 1.000        ; -0.064     ; 10.361     ;
; -9.413 ; juego_vibora:Inst_Juego|vibora[0].y[0]   ; juego_vibora:Inst_Juego|vibora[3].y[2]  ; reloj_juego  ; reloj_juego ; 1.000        ; -0.064     ; 10.351     ;
; -9.410 ; juego_vibora:Inst_Juego|vibora[0].y[1]   ; juego_vibora:Inst_Juego|vibora[10].y[2] ; reloj_juego  ; reloj_juego ; 1.000        ; 0.363      ; 10.775     ;
; -9.404 ; juego_vibora:Inst_Juego|vibora[0].y[2]   ; juego_vibora:Inst_Juego|pos_comida.x[2] ; reloj_juego  ; reloj_juego ; 1.000        ; -0.077     ; 10.329     ;
; -9.404 ; juego_vibora:Inst_Juego|vibora[0].y[2]   ; juego_vibora:Inst_Juego|pos_comida.y[2] ; reloj_juego  ; reloj_juego ; 1.000        ; -0.077     ; 10.329     ;
; -9.404 ; juego_vibora:Inst_Juego|vibora[0].y[2]   ; juego_vibora:Inst_Juego|pos_comida.y[0] ; reloj_juego  ; reloj_juego ; 1.000        ; -0.077     ; 10.329     ;
; -9.404 ; juego_vibora:Inst_Juego|vibora[0].y[2]   ; juego_vibora:Inst_Juego|pos_comida.y[1] ; reloj_juego  ; reloj_juego ; 1.000        ; -0.077     ; 10.329     ;
; -9.404 ; juego_vibora:Inst_Juego|vibora[0].y[2]   ; juego_vibora:Inst_Juego|pos_comida.x[0] ; reloj_juego  ; reloj_juego ; 1.000        ; -0.077     ; 10.329     ;
; -9.404 ; juego_vibora:Inst_Juego|vibora[0].y[2]   ; juego_vibora:Inst_Juego|pos_comida.x[1] ; reloj_juego  ; reloj_juego ; 1.000        ; -0.077     ; 10.329     ;
; -9.396 ; juego_vibora:Inst_Juego|tamano_vibora[3] ; juego_vibora:Inst_Juego|vibora[10].y[2] ; reloj_juego  ; reloj_juego ; 1.000        ; 0.366      ; 10.764     ;
; -9.396 ; juego_vibora:Inst_Juego|vibora[0].x[1]   ; juego_vibora:Inst_Juego|vibora[10].y[2] ; reloj_juego  ; reloj_juego ; 1.000        ; 0.363      ; 10.761     ;
; -9.392 ; juego_vibora:Inst_Juego|vibora[0].y[2]   ; juego_vibora:Inst_Juego|vibora[3].y[2]  ; reloj_juego  ; reloj_juego ; 1.000        ; -0.063     ; 10.331     ;
; -9.383 ; juego_vibora:Inst_Juego|dir_actual[0]    ; juego_vibora:Inst_Juego|vibora[13].y[2] ; reloj_juego  ; reloj_juego ; 1.000        ; 0.398      ; 10.783     ;
; -9.383 ; juego_vibora:Inst_Juego|dir_actual[0]    ; juego_vibora:Inst_Juego|vibora[13].x[2] ; reloj_juego  ; reloj_juego ; 1.000        ; 0.398      ; 10.783     ;
; -9.383 ; juego_vibora:Inst_Juego|dir_actual[0]    ; juego_vibora:Inst_Juego|vibora[13].x[0] ; reloj_juego  ; reloj_juego ; 1.000        ; 0.398      ; 10.783     ;
; -9.383 ; juego_vibora:Inst_Juego|dir_actual[0]    ; juego_vibora:Inst_Juego|vibora[13].y[1] ; reloj_juego  ; reloj_juego ; 1.000        ; 0.398      ; 10.783     ;
; -9.383 ; juego_vibora:Inst_Juego|dir_actual[0]    ; juego_vibora:Inst_Juego|vibora[13].x[1] ; reloj_juego  ; reloj_juego ; 1.000        ; 0.398      ; 10.783     ;
; -9.383 ; juego_vibora:Inst_Juego|dir_actual[0]    ; juego_vibora:Inst_Juego|vibora[13].y[0] ; reloj_juego  ; reloj_juego ; 1.000        ; 0.398      ; 10.783     ;
; -9.378 ; juego_vibora:Inst_Juego|tamano_vibora[1] ; juego_vibora:Inst_Juego|vibora[10].y[2] ; reloj_juego  ; reloj_juego ; 1.000        ; 0.366      ; 10.746     ;
; -9.365 ; juego_vibora:Inst_Juego|dir_actual[1]    ; juego_vibora:Inst_Juego|vibora[10].y[2] ; reloj_juego  ; reloj_juego ; 1.000        ; 0.363      ; 10.730     ;
; -9.357 ; juego_vibora:Inst_Juego|vibora[0].x[0]   ; juego_vibora:Inst_Juego|vibora[36].x[2] ; reloj_juego  ; reloj_juego ; 1.000        ; -0.065     ; 10.294     ;
; -9.344 ; juego_vibora:Inst_Juego|dir_actual[0]    ; juego_vibora:Inst_Juego|vibora[50].y[1] ; reloj_juego  ; reloj_juego ; 1.000        ; 0.370      ; 10.716     ;
; -9.338 ; juego_vibora:Inst_Juego|vibora[0].x[0]   ; juego_vibora:Inst_Juego|pos_comida.x[2] ; reloj_juego  ; reloj_juego ; 1.000        ; -0.078     ; 10.262     ;
; -9.338 ; juego_vibora:Inst_Juego|vibora[0].x[0]   ; juego_vibora:Inst_Juego|pos_comida.y[2] ; reloj_juego  ; reloj_juego ; 1.000        ; -0.078     ; 10.262     ;
; -9.338 ; juego_vibora:Inst_Juego|vibora[0].x[0]   ; juego_vibora:Inst_Juego|pos_comida.y[0] ; reloj_juego  ; reloj_juego ; 1.000        ; -0.078     ; 10.262     ;
; -9.338 ; juego_vibora:Inst_Juego|vibora[0].x[0]   ; juego_vibora:Inst_Juego|pos_comida.y[1] ; reloj_juego  ; reloj_juego ; 1.000        ; -0.078     ; 10.262     ;
; -9.338 ; juego_vibora:Inst_Juego|vibora[0].x[0]   ; juego_vibora:Inst_Juego|pos_comida.x[0] ; reloj_juego  ; reloj_juego ; 1.000        ; -0.078     ; 10.262     ;
; -9.338 ; juego_vibora:Inst_Juego|vibora[0].x[0]   ; juego_vibora:Inst_Juego|pos_comida.x[1] ; reloj_juego  ; reloj_juego ; 1.000        ; -0.078     ; 10.262     ;
; -9.336 ; juego_vibora:Inst_Juego|dir_actual[0]    ; juego_vibora:Inst_Juego|vibora[56].x[2] ; reloj_juego  ; reloj_juego ; 1.000        ; 0.361      ; 10.699     ;
; -9.336 ; juego_vibora:Inst_Juego|dir_actual[0]    ; juego_vibora:Inst_Juego|vibora[56].y[2] ; reloj_juego  ; reloj_juego ; 1.000        ; 0.361      ; 10.699     ;
; -9.336 ; juego_vibora:Inst_Juego|dir_actual[0]    ; juego_vibora:Inst_Juego|vibora[56].y[0] ; reloj_juego  ; reloj_juego ; 1.000        ; 0.361      ; 10.699     ;
; -9.336 ; juego_vibora:Inst_Juego|dir_actual[0]    ; juego_vibora:Inst_Juego|vibora[56].y[1] ; reloj_juego  ; reloj_juego ; 1.000        ; 0.361      ; 10.699     ;
; -9.336 ; juego_vibora:Inst_Juego|dir_actual[0]    ; juego_vibora:Inst_Juego|vibora[56].x[1] ; reloj_juego  ; reloj_juego ; 1.000        ; 0.361      ; 10.699     ;
; -9.336 ; juego_vibora:Inst_Juego|dir_actual[0]    ; juego_vibora:Inst_Juego|vibora[56].x[0] ; reloj_juego  ; reloj_juego ; 1.000        ; 0.361      ; 10.699     ;
; -9.335 ; juego_vibora:Inst_Juego|dir_actual[0]    ; juego_vibora:Inst_Juego|vibora[10].x[2] ; reloj_juego  ; reloj_juego ; 1.000        ; 0.397      ; 10.734     ;
; -9.335 ; juego_vibora:Inst_Juego|dir_actual[0]    ; juego_vibora:Inst_Juego|vibora[10].x[0] ; reloj_juego  ; reloj_juego ; 1.000        ; 0.397      ; 10.734     ;
; -9.335 ; juego_vibora:Inst_Juego|dir_actual[0]    ; juego_vibora:Inst_Juego|vibora[10].y[1] ; reloj_juego  ; reloj_juego ; 1.000        ; 0.397      ; 10.734     ;
; -9.335 ; juego_vibora:Inst_Juego|dir_actual[0]    ; juego_vibora:Inst_Juego|vibora[10].x[1] ; reloj_juego  ; reloj_juego ; 1.000        ; 0.397      ; 10.734     ;
; -9.335 ; juego_vibora:Inst_Juego|dir_actual[0]    ; juego_vibora:Inst_Juego|vibora[10].y[0] ; reloj_juego  ; reloj_juego ; 1.000        ; 0.397      ; 10.734     ;
; -9.333 ; juego_vibora:Inst_Juego|dir_actual[0]    ; juego_vibora:Inst_Juego|vibora[43].y[2] ; reloj_juego  ; reloj_juego ; 1.000        ; 0.365      ; 10.700     ;
; -9.333 ; juego_vibora:Inst_Juego|dir_actual[0]    ; juego_vibora:Inst_Juego|vibora[43].x[2] ; reloj_juego  ; reloj_juego ; 1.000        ; 0.365      ; 10.700     ;
+--------+------------------------------------------+-----------------------------------------+--------------+-------------+--------------+------------+------------+


+-----------------------------------------------------------------------------------------------------------------------------------------------------------------------+
; Slow 1200mV 0C Model Setup: 'reloj_50mhz'                                                                                                                             ;
+--------+------------------------------------------+---------------------------------------------+--------------+-------------+--------------+------------+------------+
; Slack  ; From Node                                ; To Node                                     ; Launch Clock ; Latch Clock ; Relationship ; Clock Skew ; Data Delay ;
+--------+------------------------------------------+---------------------------------------------+--------------+-------------+--------------+------------+------------+
; -5.890 ; juego_vibora:Inst_Juego|tamano_vibora[0] ; efectos_sonido:Inst_Audio|max_tono[5]       ; reloj_juego  ; reloj_50mhz ; 1.000        ; -0.295     ; 6.587      ;
; -5.890 ; juego_vibora:Inst_Juego|tamano_vibora[0] ; efectos_sonido:Inst_Audio|max_tono[13]      ; reloj_juego  ; reloj_50mhz ; 1.000        ; -0.295     ; 6.587      ;
; -5.890 ; juego_vibora:Inst_Juego|tamano_vibora[0] ; efectos_sonido:Inst_Audio|max_tono[10]      ; reloj_juego  ; reloj_50mhz ; 1.000        ; -0.295     ; 6.587      ;
; -5.848 ; juego_vibora:Inst_Juego|tamano_vibora[1] ; efectos_sonido:Inst_Audio|max_tono[5]       ; reloj_juego  ; reloj_50mhz ; 1.000        ; -0.296     ; 6.544      ;
; -5.848 ; juego_vibora:Inst_Juego|tamano_vibora[1] ; efectos_sonido:Inst_Audio|max_tono[13]      ; reloj_juego  ; reloj_50mhz ; 1.000        ; -0.296     ; 6.544      ;
; -5.848 ; juego_vibora:Inst_Juego|tamano_vibora[1] ; efectos_sonido:Inst_Audio|max_tono[10]      ; reloj_juego  ; reloj_50mhz ; 1.000        ; -0.296     ; 6.544      ;
; -5.758 ; juego_vibora:Inst_Juego|tamano_vibora[2] ; efectos_sonido:Inst_Audio|max_tono[5]       ; reloj_juego  ; reloj_50mhz ; 1.000        ; -0.296     ; 6.454      ;
; -5.758 ; juego_vibora:Inst_Juego|tamano_vibora[2] ; efectos_sonido:Inst_Audio|max_tono[13]      ; reloj_juego  ; reloj_50mhz ; 1.000        ; -0.296     ; 6.454      ;
; -5.758 ; juego_vibora:Inst_Juego|tamano_vibora[2] ; efectos_sonido:Inst_Audio|max_tono[10]      ; reloj_juego  ; reloj_50mhz ; 1.000        ; -0.296     ; 6.454      ;
; -5.734 ; juego_vibora:Inst_Juego|tamano_vibora[3] ; efectos_sonido:Inst_Audio|max_tono[5]       ; reloj_juego  ; reloj_50mhz ; 1.000        ; -0.296     ; 6.430      ;
; -5.734 ; juego_vibora:Inst_Juego|tamano_vibora[3] ; efectos_sonido:Inst_Audio|max_tono[13]      ; reloj_juego  ; reloj_50mhz ; 1.000        ; -0.296     ; 6.430      ;
; -5.734 ; juego_vibora:Inst_Juego|tamano_vibora[3] ; efectos_sonido:Inst_Audio|max_tono[10]      ; reloj_juego  ; reloj_50mhz ; 1.000        ; -0.296     ; 6.430      ;
; -5.622 ; juego_vibora:Inst_Juego|tamano_vibora[4] ; efectos_sonido:Inst_Audio|max_tono[5]       ; reloj_juego  ; reloj_50mhz ; 1.000        ; -0.296     ; 6.318      ;
; -5.622 ; juego_vibora:Inst_Juego|tamano_vibora[4] ; efectos_sonido:Inst_Audio|max_tono[13]      ; reloj_juego  ; reloj_50mhz ; 1.000        ; -0.296     ; 6.318      ;
; -5.622 ; juego_vibora:Inst_Juego|tamano_vibora[4] ; efectos_sonido:Inst_Audio|max_tono[10]      ; reloj_juego  ; reloj_50mhz ; 1.000        ; -0.296     ; 6.318      ;
; -5.509 ; juego_vibora:Inst_Juego|tamano_vibora[0] ; efectos_sonido:Inst_Audio|duracion[24]      ; reloj_juego  ; reloj_50mhz ; 1.000        ; 0.117      ; 6.618      ;
; -5.478 ; juego_vibora:Inst_Juego|tamano_vibora[5] ; efectos_sonido:Inst_Audio|max_tono[5]       ; reloj_juego  ; reloj_50mhz ; 1.000        ; -0.296     ; 6.174      ;
; -5.478 ; juego_vibora:Inst_Juego|tamano_vibora[5] ; efectos_sonido:Inst_Audio|max_tono[13]      ; reloj_juego  ; reloj_50mhz ; 1.000        ; -0.296     ; 6.174      ;
; -5.478 ; juego_vibora:Inst_Juego|tamano_vibora[5] ; efectos_sonido:Inst_Audio|max_tono[10]      ; reloj_juego  ; reloj_50mhz ; 1.000        ; -0.296     ; 6.174      ;
; -5.467 ; juego_vibora:Inst_Juego|tamano_vibora[1] ; efectos_sonido:Inst_Audio|duracion[24]      ; reloj_juego  ; reloj_50mhz ; 1.000        ; 0.116      ; 6.575      ;
; -5.377 ; juego_vibora:Inst_Juego|tamano_vibora[2] ; efectos_sonido:Inst_Audio|duracion[24]      ; reloj_juego  ; reloj_50mhz ; 1.000        ; 0.116      ; 6.485      ;
; -5.366 ; juego_vibora:Inst_Juego|tamano_vibora[0] ; efectos_sonido:Inst_Audio|duracion[11]      ; reloj_juego  ; reloj_50mhz ; 1.000        ; 0.116      ; 6.474      ;
; -5.353 ; juego_vibora:Inst_Juego|tamano_vibora[3] ; efectos_sonido:Inst_Audio|duracion[24]      ; reloj_juego  ; reloj_50mhz ; 1.000        ; 0.116      ; 6.461      ;
; -5.337 ; juego_vibora:Inst_Juego|tamano_vibora[0] ; efectos_sonido:Inst_Audio|duracion[23]      ; reloj_juego  ; reloj_50mhz ; 1.000        ; 0.117      ; 6.446      ;
; -5.295 ; juego_vibora:Inst_Juego|tamano_vibora[1] ; efectos_sonido:Inst_Audio|duracion[23]      ; reloj_juego  ; reloj_50mhz ; 1.000        ; 0.116      ; 6.403      ;
; -5.273 ; juego_vibora:Inst_Juego|tamano_vibora[2] ; efectos_sonido:Inst_Audio|duracion[11]      ; reloj_juego  ; reloj_50mhz ; 1.000        ; 0.115      ; 6.380      ;
; -5.268 ; juego_vibora:Inst_Juego|tamano_vibora[1] ; efectos_sonido:Inst_Audio|duracion[11]      ; reloj_juego  ; reloj_50mhz ; 1.000        ; 0.115      ; 6.375      ;
; -5.241 ; juego_vibora:Inst_Juego|tamano_vibora[4] ; efectos_sonido:Inst_Audio|duracion[24]      ; reloj_juego  ; reloj_50mhz ; 1.000        ; 0.116      ; 6.349      ;
; -5.237 ; juego_vibora:Inst_Juego|tamano_vibora[0] ; efectos_sonido:Inst_Audio|ultimo_puntaje[0] ; reloj_juego  ; reloj_50mhz ; 1.000        ; 0.109      ; 6.338      ;
; -5.237 ; juego_vibora:Inst_Juego|tamano_vibora[0] ; efectos_sonido:Inst_Audio|ultimo_puntaje[1] ; reloj_juego  ; reloj_50mhz ; 1.000        ; 0.109      ; 6.338      ;
; -5.237 ; juego_vibora:Inst_Juego|tamano_vibora[0] ; efectos_sonido:Inst_Audio|ultimo_puntaje[2] ; reloj_juego  ; reloj_50mhz ; 1.000        ; 0.109      ; 6.338      ;
; -5.237 ; juego_vibora:Inst_Juego|tamano_vibora[0] ; efectos_sonido:Inst_Audio|ultimo_puntaje[3] ; reloj_juego  ; reloj_50mhz ; 1.000        ; 0.109      ; 6.338      ;
; -5.237 ; juego_vibora:Inst_Juego|tamano_vibora[0] ; efectos_sonido:Inst_Audio|ultimo_puntaje[4] ; reloj_juego  ; reloj_50mhz ; 1.000        ; 0.109      ; 6.338      ;
; -5.237 ; juego_vibora:Inst_Juego|tamano_vibora[0] ; efectos_sonido:Inst_Audio|ultimo_puntaje[5] ; reloj_juego  ; reloj_50mhz ; 1.000        ; 0.109      ; 6.338      ;
; -5.237 ; juego_vibora:Inst_Juego|tamano_vibora[0] ; efectos_sonido:Inst_Audio|ultimo_puntaje[6] ; reloj_juego  ; reloj_50mhz ; 1.000        ; 0.109      ; 6.338      ;
; -5.205 ; juego_vibora:Inst_Juego|tamano_vibora[2] ; efectos_sonido:Inst_Audio|duracion[23]      ; reloj_juego  ; reloj_50mhz ; 1.000        ; 0.116      ; 6.313      ;
; -5.197 ; juego_vibora:Inst_Juego|tamano_vibora[0] ; efectos_sonido:Inst_Audio|duracion[3]       ; reloj_juego  ; reloj_50mhz ; 1.000        ; 0.187      ; 6.376      ;
; -5.197 ; juego_vibora:Inst_Juego|tamano_vibora[0] ; efectos_sonido:Inst_Audio|duracion[0]       ; reloj_juego  ; reloj_50mhz ; 1.000        ; 0.187      ; 6.376      ;
; -5.197 ; juego_vibora:Inst_Juego|tamano_vibora[0] ; efectos_sonido:Inst_Audio|duracion[5]       ; reloj_juego  ; reloj_50mhz ; 1.000        ; -0.296     ; 5.893      ;
; -5.195 ; juego_vibora:Inst_Juego|tamano_vibora[1] ; efectos_sonido:Inst_Audio|ultimo_puntaje[0] ; reloj_juego  ; reloj_50mhz ; 1.000        ; 0.108      ; 6.295      ;
; -5.195 ; juego_vibora:Inst_Juego|tamano_vibora[1] ; efectos_sonido:Inst_Audio|ultimo_puntaje[1] ; reloj_juego  ; reloj_50mhz ; 1.000        ; 0.108      ; 6.295      ;
; -5.195 ; juego_vibora:Inst_Juego|tamano_vibora[1] ; efectos_sonido:Inst_Audio|ultimo_puntaje[2] ; reloj_juego  ; reloj_50mhz ; 1.000        ; 0.108      ; 6.295      ;
; -5.195 ; juego_vibora:Inst_Juego|tamano_vibora[1] ; efectos_sonido:Inst_Audio|ultimo_puntaje[3] ; reloj_juego  ; reloj_50mhz ; 1.000        ; 0.108      ; 6.295      ;
; -5.195 ; juego_vibora:Inst_Juego|tamano_vibora[1] ; efectos_sonido:Inst_Audio|ultimo_puntaje[4] ; reloj_juego  ; reloj_50mhz ; 1.000        ; 0.108      ; 6.295      ;
; -5.195 ; juego_vibora:Inst_Juego|tamano_vibora[1] ; efectos_sonido:Inst_Audio|ultimo_puntaje[5] ; reloj_juego  ; reloj_50mhz ; 1.000        ; 0.108      ; 6.295      ;
; -5.195 ; juego_vibora:Inst_Juego|tamano_vibora[1] ; efectos_sonido:Inst_Audio|ultimo_puntaje[6] ; reloj_juego  ; reloj_50mhz ; 1.000        ; 0.108      ; 6.295      ;
; -5.194 ; juego_vibora:Inst_Juego|tamano_vibora[0] ; efectos_sonido:Inst_Audio|duracion[8]       ; reloj_juego  ; reloj_50mhz ; 1.000        ; -0.296     ; 5.890      ;
; -5.194 ; juego_vibora:Inst_Juego|tamano_vibora[0] ; efectos_sonido:Inst_Audio|duracion[12]      ; reloj_juego  ; reloj_50mhz ; 1.000        ; -0.296     ; 5.890      ;
; -5.194 ; juego_vibora:Inst_Juego|tamano_vibora[0] ; efectos_sonido:Inst_Audio|duracion[17]      ; reloj_juego  ; reloj_50mhz ; 1.000        ; -0.296     ; 5.890      ;
; -5.194 ; juego_vibora:Inst_Juego|tamano_vibora[0] ; efectos_sonido:Inst_Audio|duracion[22]      ; reloj_juego  ; reloj_50mhz ; 1.000        ; -0.296     ; 5.890      ;
; -5.193 ; juego_vibora:Inst_Juego|tamano_vibora[0] ; efectos_sonido:Inst_Audio|duracion[9]       ; reloj_juego  ; reloj_50mhz ; 1.000        ; -0.296     ; 5.889      ;
; -5.181 ; juego_vibora:Inst_Juego|tamano_vibora[3] ; efectos_sonido:Inst_Audio|duracion[23]      ; reloj_juego  ; reloj_50mhz ; 1.000        ; 0.116      ; 6.289      ;
; -5.175 ; juego_vibora:Inst_Juego|tamano_vibora[0] ; efectos_sonido:Inst_Audio|duracion[6]       ; reloj_juego  ; reloj_50mhz ; 1.000        ; 0.116      ; 6.283      ;
; -5.175 ; juego_vibora:Inst_Juego|tamano_vibora[0] ; efectos_sonido:Inst_Audio|duracion[7]       ; reloj_juego  ; reloj_50mhz ; 1.000        ; 0.116      ; 6.283      ;
; -5.167 ; juego_vibora:Inst_Juego|tamano_vibora[3] ; efectos_sonido:Inst_Audio|duracion[11]      ; reloj_juego  ; reloj_50mhz ; 1.000        ; 0.115      ; 6.274      ;
; -5.155 ; juego_vibora:Inst_Juego|tamano_vibora[1] ; efectos_sonido:Inst_Audio|duracion[5]       ; reloj_juego  ; reloj_50mhz ; 1.000        ; -0.297     ; 5.850      ;
; -5.152 ; juego_vibora:Inst_Juego|tamano_vibora[1] ; efectos_sonido:Inst_Audio|duracion[8]       ; reloj_juego  ; reloj_50mhz ; 1.000        ; -0.297     ; 5.847      ;
; -5.152 ; juego_vibora:Inst_Juego|tamano_vibora[1] ; efectos_sonido:Inst_Audio|duracion[12]      ; reloj_juego  ; reloj_50mhz ; 1.000        ; -0.297     ; 5.847      ;
; -5.152 ; juego_vibora:Inst_Juego|tamano_vibora[1] ; efectos_sonido:Inst_Audio|duracion[17]      ; reloj_juego  ; reloj_50mhz ; 1.000        ; -0.297     ; 5.847      ;
; -5.152 ; juego_vibora:Inst_Juego|tamano_vibora[1] ; efectos_sonido:Inst_Audio|duracion[22]      ; reloj_juego  ; reloj_50mhz ; 1.000        ; -0.297     ; 5.847      ;
; -5.151 ; juego_vibora:Inst_Juego|tamano_vibora[1] ; efectos_sonido:Inst_Audio|duracion[9]       ; reloj_juego  ; reloj_50mhz ; 1.000        ; -0.297     ; 5.846      ;
; -5.143 ; juego_vibora:Inst_Juego|tamano_vibora[0] ; efectos_sonido:Inst_Audio|duracion[1]       ; reloj_juego  ; reloj_50mhz ; 1.000        ; 0.187      ; 6.322      ;
; -5.143 ; juego_vibora:Inst_Juego|tamano_vibora[0] ; efectos_sonido:Inst_Audio|duracion[2]       ; reloj_juego  ; reloj_50mhz ; 1.000        ; 0.187      ; 6.322      ;
; -5.141 ; juego_vibora:Inst_Juego|tamano_vibora[0] ; efectos_sonido:Inst_Audio|duracion[15]      ; reloj_juego  ; reloj_50mhz ; 1.000        ; 0.115      ; 6.248      ;
; -5.141 ; juego_vibora:Inst_Juego|tamano_vibora[0] ; efectos_sonido:Inst_Audio|duracion[16]      ; reloj_juego  ; reloj_50mhz ; 1.000        ; 0.115      ; 6.248      ;
; -5.141 ; juego_vibora:Inst_Juego|tamano_vibora[0] ; efectos_sonido:Inst_Audio|duracion[18]      ; reloj_juego  ; reloj_50mhz ; 1.000        ; 0.115      ; 6.248      ;
; -5.137 ; juego_vibora:Inst_Juego|tamano_vibora[4] ; efectos_sonido:Inst_Audio|duracion[11]      ; reloj_juego  ; reloj_50mhz ; 1.000        ; 0.115      ; 6.244      ;
; -5.131 ; juego_vibora:Inst_Juego|tamano_vibora[1] ; efectos_sonido:Inst_Audio|duracion[6]       ; reloj_juego  ; reloj_50mhz ; 1.000        ; 0.115      ; 6.238      ;
; -5.131 ; juego_vibora:Inst_Juego|tamano_vibora[1] ; efectos_sonido:Inst_Audio|duracion[7]       ; reloj_juego  ; reloj_50mhz ; 1.000        ; 0.115      ; 6.238      ;
; -5.105 ; juego_vibora:Inst_Juego|tamano_vibora[2] ; efectos_sonido:Inst_Audio|ultimo_puntaje[0] ; reloj_juego  ; reloj_50mhz ; 1.000        ; 0.108      ; 6.205      ;
; -5.105 ; juego_vibora:Inst_Juego|tamano_vibora[2] ; efectos_sonido:Inst_Audio|ultimo_puntaje[1] ; reloj_juego  ; reloj_50mhz ; 1.000        ; 0.108      ; 6.205      ;
; -5.105 ; juego_vibora:Inst_Juego|tamano_vibora[2] ; efectos_sonido:Inst_Audio|ultimo_puntaje[2] ; reloj_juego  ; reloj_50mhz ; 1.000        ; 0.108      ; 6.205      ;
; -5.105 ; juego_vibora:Inst_Juego|tamano_vibora[2] ; efectos_sonido:Inst_Audio|ultimo_puntaje[3] ; reloj_juego  ; reloj_50mhz ; 1.000        ; 0.108      ; 6.205      ;
; -5.105 ; juego_vibora:Inst_Juego|tamano_vibora[2] ; efectos_sonido:Inst_Audio|ultimo_puntaje[4] ; reloj_juego  ; reloj_50mhz ; 1.000        ; 0.108      ; 6.205      ;
; -5.105 ; juego_vibora:Inst_Juego|tamano_vibora[2] ; efectos_sonido:Inst_Audio|ultimo_puntaje[5] ; reloj_juego  ; reloj_50mhz ; 1.000        ; 0.108      ; 6.205      ;
; -5.105 ; juego_vibora:Inst_Juego|tamano_vibora[2] ; efectos_sonido:Inst_Audio|ultimo_puntaje[6] ; reloj_juego  ; reloj_50mhz ; 1.000        ; 0.108      ; 6.205      ;
; -5.104 ; juego_vibora:Inst_Juego|tamano_vibora[2] ; efectos_sonido:Inst_Audio|duracion[3]       ; reloj_juego  ; reloj_50mhz ; 1.000        ; 0.186      ; 6.282      ;
; -5.104 ; juego_vibora:Inst_Juego|tamano_vibora[2] ; efectos_sonido:Inst_Audio|duracion[0]       ; reloj_juego  ; reloj_50mhz ; 1.000        ; 0.186      ; 6.282      ;
; -5.099 ; juego_vibora:Inst_Juego|tamano_vibora[1] ; efectos_sonido:Inst_Audio|duracion[3]       ; reloj_juego  ; reloj_50mhz ; 1.000        ; 0.186      ; 6.277      ;
; -5.099 ; juego_vibora:Inst_Juego|tamano_vibora[1] ; efectos_sonido:Inst_Audio|duracion[0]       ; reloj_juego  ; reloj_50mhz ; 1.000        ; 0.186      ; 6.277      ;
; -5.097 ; juego_vibora:Inst_Juego|tamano_vibora[5] ; efectos_sonido:Inst_Audio|duracion[24]      ; reloj_juego  ; reloj_50mhz ; 1.000        ; 0.116      ; 6.205      ;
; -5.082 ; juego_vibora:Inst_Juego|tamano_vibora[2] ; efectos_sonido:Inst_Audio|duracion[6]       ; reloj_juego  ; reloj_50mhz ; 1.000        ; 0.115      ; 6.189      ;
; -5.082 ; juego_vibora:Inst_Juego|tamano_vibora[2] ; efectos_sonido:Inst_Audio|duracion[7]       ; reloj_juego  ; reloj_50mhz ; 1.000        ; 0.115      ; 6.189      ;
; -5.081 ; juego_vibora:Inst_Juego|tamano_vibora[3] ; efectos_sonido:Inst_Audio|ultimo_puntaje[0] ; reloj_juego  ; reloj_50mhz ; 1.000        ; 0.108      ; 6.181      ;
; -5.081 ; juego_vibora:Inst_Juego|tamano_vibora[3] ; efectos_sonido:Inst_Audio|ultimo_puntaje[1] ; reloj_juego  ; reloj_50mhz ; 1.000        ; 0.108      ; 6.181      ;
; -5.081 ; juego_vibora:Inst_Juego|tamano_vibora[3] ; efectos_sonido:Inst_Audio|ultimo_puntaje[2] ; reloj_juego  ; reloj_50mhz ; 1.000        ; 0.108      ; 6.181      ;
; -5.081 ; juego_vibora:Inst_Juego|tamano_vibora[3] ; efectos_sonido:Inst_Audio|ultimo_puntaje[3] ; reloj_juego  ; reloj_50mhz ; 1.000        ; 0.108      ; 6.181      ;
; -5.081 ; juego_vibora:Inst_Juego|tamano_vibora[3] ; efectos_sonido:Inst_Audio|ultimo_puntaje[4] ; reloj_juego  ; reloj_50mhz ; 1.000        ; 0.108      ; 6.181      ;
; -5.081 ; juego_vibora:Inst_Juego|tamano_vibora[3] ; efectos_sonido:Inst_Audio|ultimo_puntaje[5] ; reloj_juego  ; reloj_50mhz ; 1.000        ; 0.108      ; 6.181      ;
; -5.081 ; juego_vibora:Inst_Juego|tamano_vibora[3] ; efectos_sonido:Inst_Audio|ultimo_puntaje[6] ; reloj_juego  ; reloj_50mhz ; 1.000        ; 0.108      ; 6.181      ;
; -5.079 ; juego_vibora:Inst_Juego|tamano_vibora[1] ; efectos_sonido:Inst_Audio|duracion[15]      ; reloj_juego  ; reloj_50mhz ; 1.000        ; 0.114      ; 6.185      ;
; -5.079 ; juego_vibora:Inst_Juego|tamano_vibora[1] ; efectos_sonido:Inst_Audio|duracion[16]      ; reloj_juego  ; reloj_50mhz ; 1.000        ; 0.114      ; 6.185      ;
; -5.079 ; juego_vibora:Inst_Juego|tamano_vibora[1] ; efectos_sonido:Inst_Audio|duracion[18]      ; reloj_juego  ; reloj_50mhz ; 1.000        ; 0.114      ; 6.185      ;
; -5.069 ; juego_vibora:Inst_Juego|tamano_vibora[4] ; efectos_sonido:Inst_Audio|duracion[23]      ; reloj_juego  ; reloj_50mhz ; 1.000        ; 0.116      ; 6.177      ;
; -5.065 ; juego_vibora:Inst_Juego|tamano_vibora[2] ; efectos_sonido:Inst_Audio|duracion[5]       ; reloj_juego  ; reloj_50mhz ; 1.000        ; -0.297     ; 5.760      ;
; -5.064 ; juego_vibora:Inst_Juego|tamano_vibora[0] ; efectos_sonido:Inst_Audio|duracion[4]       ; reloj_juego  ; reloj_50mhz ; 1.000        ; -0.296     ; 5.760      ;
; -5.064 ; juego_vibora:Inst_Juego|tamano_vibora[1] ; efectos_sonido:Inst_Audio|duracion[1]       ; reloj_juego  ; reloj_50mhz ; 1.000        ; 0.186      ; 6.242      ;
; -5.063 ; juego_vibora:Inst_Juego|tamano_vibora[1] ; efectos_sonido:Inst_Audio|duracion[2]       ; reloj_juego  ; reloj_50mhz ; 1.000        ; 0.186      ; 6.241      ;
; -5.062 ; juego_vibora:Inst_Juego|tamano_vibora[2] ; efectos_sonido:Inst_Audio|duracion[8]       ; reloj_juego  ; reloj_50mhz ; 1.000        ; -0.297     ; 5.757      ;
; -5.062 ; juego_vibora:Inst_Juego|tamano_vibora[2] ; efectos_sonido:Inst_Audio|duracion[12]      ; reloj_juego  ; reloj_50mhz ; 1.000        ; -0.297     ; 5.757      ;
+--------+------------------------------------------+---------------------------------------------+--------------+-------------+--------------+------------+------------+


+-------------------------------------------------------------------------------------------------------------------------------------------------------------------------------+
; Slow 1200mV 0C Model Hold: 'reloj_50mhz'                                                                                                                                      ;
+-------+------------------------------------------------+------------------------------------------------+--------------+-------------+--------------+------------+------------+
; Slack ; From Node                                      ; To Node                                        ; Launch Clock ; Latch Clock ; Relationship ; Clock Skew ; Data Delay ;
+-------+------------------------------------------------+------------------------------------------------+--------------+-------------+--------------+------------+------------+
; 0.381 ; efectos_sonido:Inst_Audio|duracion[0]          ; efectos_sonido:Inst_Audio|duracion[0]          ; reloj_50mhz  ; reloj_50mhz ; 0.000        ; 0.093      ; 0.669      ;
; 0.381 ; efectos_sonido:Inst_Audio|duracion[1]          ; efectos_sonido:Inst_Audio|duracion[1]          ; reloj_50mhz  ; reloj_50mhz ; 0.000        ; 0.093      ; 0.669      ;
; 0.381 ; efectos_sonido:Inst_Audio|duracion[2]          ; efectos_sonido:Inst_Audio|duracion[2]          ; reloj_50mhz  ; reloj_50mhz ; 0.000        ; 0.093      ; 0.669      ;
; 0.381 ; efectos_sonido:Inst_Audio|duracion[3]          ; efectos_sonido:Inst_Audio|duracion[3]          ; reloj_50mhz  ; reloj_50mhz ; 0.000        ; 0.093      ; 0.669      ;
; 0.384 ; efectos_sonido:Inst_Audio|reproduciendo        ; efectos_sonido:Inst_Audio|reproduciendo        ; reloj_50mhz  ; reloj_50mhz ; 0.000        ; 0.090      ; 0.669      ;
; 0.385 ; efectos_sonido:Inst_Audio|duracion[10]         ; efectos_sonido:Inst_Audio|duracion[10]         ; reloj_50mhz  ; reloj_50mhz ; 0.000        ; 0.089      ; 0.669      ;
; 0.385 ; efectos_sonido:Inst_Audio|duracion[14]         ; efectos_sonido:Inst_Audio|duracion[14]         ; reloj_50mhz  ; reloj_50mhz ; 0.000        ; 0.089      ; 0.669      ;
; 0.385 ; efectos_sonido:Inst_Audio|duracion[19]         ; efectos_sonido:Inst_Audio|duracion[19]         ; reloj_50mhz  ; reloj_50mhz ; 0.000        ; 0.089      ; 0.669      ;
; 0.385 ; efectos_sonido:Inst_Audio|duracion[20]         ; efectos_sonido:Inst_Audio|duracion[20]         ; reloj_50mhz  ; reloj_50mhz ; 0.000        ; 0.089      ; 0.669      ;
; 0.385 ; efectos_sonido:Inst_Audio|duracion[21]         ; efectos_sonido:Inst_Audio|duracion[21]         ; reloj_50mhz  ; reloj_50mhz ; 0.000        ; 0.089      ; 0.669      ;
; 0.402 ; efectos_sonido:Inst_Audio|reg_zumbador         ; efectos_sonido:Inst_Audio|reg_zumbador         ; reloj_50mhz  ; reloj_50mhz ; 0.000        ; 0.072      ; 0.669      ;
; 0.402 ; efectos_sonido:Inst_Audio|duracion[4]          ; efectos_sonido:Inst_Audio|duracion[4]          ; reloj_50mhz  ; reloj_50mhz ; 0.000        ; 0.072      ; 0.669      ;
; 0.402 ; efectos_sonido:Inst_Audio|duracion[5]          ; efectos_sonido:Inst_Audio|duracion[5]          ; reloj_50mhz  ; reloj_50mhz ; 0.000        ; 0.072      ; 0.669      ;
; 0.402 ; efectos_sonido:Inst_Audio|duracion[8]          ; efectos_sonido:Inst_Audio|duracion[8]          ; reloj_50mhz  ; reloj_50mhz ; 0.000        ; 0.072      ; 0.669      ;
; 0.402 ; efectos_sonido:Inst_Audio|duracion[9]          ; efectos_sonido:Inst_Audio|duracion[9]          ; reloj_50mhz  ; reloj_50mhz ; 0.000        ; 0.072      ; 0.669      ;
; 0.402 ; efectos_sonido:Inst_Audio|duracion[12]         ; efectos_sonido:Inst_Audio|duracion[12]         ; reloj_50mhz  ; reloj_50mhz ; 0.000        ; 0.072      ; 0.669      ;
; 0.402 ; efectos_sonido:Inst_Audio|duracion[13]         ; efectos_sonido:Inst_Audio|duracion[13]         ; reloj_50mhz  ; reloj_50mhz ; 0.000        ; 0.072      ; 0.669      ;
; 0.402 ; efectos_sonido:Inst_Audio|duracion[17]         ; efectos_sonido:Inst_Audio|duracion[17]         ; reloj_50mhz  ; reloj_50mhz ; 0.000        ; 0.072      ; 0.669      ;
; 0.402 ; efectos_sonido:Inst_Audio|duracion[22]         ; efectos_sonido:Inst_Audio|duracion[22]         ; reloj_50mhz  ; reloj_50mhz ; 0.000        ; 0.072      ; 0.669      ;
; 0.415 ; div_1mhz[4]                                    ; div_1mhz[4]                                    ; reloj_50mhz  ; reloj_50mhz ; 0.000        ; 0.074      ; 0.684      ;
; 0.451 ; efectos_sonido:Inst_Audio|div_tono[16]         ; efectos_sonido:Inst_Audio|div_tono[16]         ; reloj_50mhz  ; reloj_50mhz ; 0.000        ; 0.091      ; 0.737      ;
; 0.483 ; div_1mhz[4]                                    ; div_1mhz[3]                                    ; reloj_50mhz  ; reloj_50mhz ; 0.000        ; 0.074      ; 0.752      ;
; 0.483 ; div_1mhz[4]                                    ; div_1mhz[1]                                    ; reloj_50mhz  ; reloj_50mhz ; 0.000        ; 0.074      ; 0.752      ;
; 0.555 ; efectos_sonido:Inst_Audio|div_tono[8]          ; efectos_sonido:Inst_Audio|div_tono[9]          ; reloj_50mhz  ; reloj_50mhz ; 0.000        ; 0.545      ; 1.295      ;
; 0.572 ; efectos_sonido:Inst_Audio|div_tono[8]          ; efectos_sonido:Inst_Audio|div_tono[10]         ; reloj_50mhz  ; reloj_50mhz ; 0.000        ; 0.545      ; 1.312      ;
; 0.650 ; efectos_sonido:Inst_Audio|div_tono[7]          ; efectos_sonido:Inst_Audio|div_tono[9]          ; reloj_50mhz  ; reloj_50mhz ; 0.000        ; 0.542      ; 1.387      ;
; 0.655 ; efectos_sonido:Inst_Audio|duracion[18]         ; efectos_sonido:Inst_Audio|duracion[18]         ; reloj_50mhz  ; reloj_50mhz ; 0.000        ; 0.090      ; 0.940      ;
; 0.656 ; efectos_sonido:Inst_Audio|duracion[16]         ; efectos_sonido:Inst_Audio|duracion[16]         ; reloj_50mhz  ; reloj_50mhz ; 0.000        ; 0.090      ; 0.941      ;
; 0.677 ; efectos_sonido:Inst_Audio|div_tono[8]          ; efectos_sonido:Inst_Audio|div_tono[11]         ; reloj_50mhz  ; reloj_50mhz ; 0.000        ; 0.545      ; 1.417      ;
; 0.679 ; efectos_sonido:Inst_Audio|div_tono[7]          ; efectos_sonido:Inst_Audio|div_tono[10]         ; reloj_50mhz  ; reloj_50mhz ; 0.000        ; 0.542      ; 1.416      ;
; 0.681 ; efectos_sonido:Inst_Audio|div_tono[6]          ; efectos_sonido:Inst_Audio|div_tono[9]          ; reloj_50mhz  ; reloj_50mhz ; 0.000        ; 0.542      ; 1.418      ;
; 0.683 ; display_puntaje:Inst_Puntaje|cont_refresco[14] ; display_puntaje:Inst_Puntaje|cont_refresco[14] ; reloj_50mhz  ; reloj_50mhz ; 0.000        ; 0.074      ; 0.952      ;
; 0.683 ; display_puntaje:Inst_Puntaje|cont_refresco[6]  ; display_puntaje:Inst_Puntaje|cont_refresco[6]  ; reloj_50mhz  ; reloj_50mhz ; 0.000        ; 0.074      ; 0.952      ;
; 0.683 ; display_puntaje:Inst_Puntaje|cont_refresco[4]  ; display_puntaje:Inst_Puntaje|cont_refresco[4]  ; reloj_50mhz  ; reloj_50mhz ; 0.000        ; 0.074      ; 0.952      ;
; 0.684 ; display_puntaje:Inst_Puntaje|cont_refresco[12] ; display_puntaje:Inst_Puntaje|cont_refresco[12] ; reloj_50mhz  ; reloj_50mhz ; 0.000        ; 0.074      ; 0.953      ;
; 0.684 ; display_puntaje:Inst_Puntaje|cont_refresco[2]  ; display_puntaje:Inst_Puntaje|cont_refresco[2]  ; reloj_50mhz  ; reloj_50mhz ; 0.000        ; 0.074      ; 0.953      ;
; 0.685 ; display_puntaje:Inst_Puntaje|cont_refresco[7]  ; display_puntaje:Inst_Puntaje|cont_refresco[7]  ; reloj_50mhz  ; reloj_50mhz ; 0.000        ; 0.074      ; 0.954      ;
; 0.686 ; display_puntaje:Inst_Puntaje|cont_refresco[10] ; display_puntaje:Inst_Puntaje|cont_refresco[10] ; reloj_50mhz  ; reloj_50mhz ; 0.000        ; 0.074      ; 0.955      ;
; 0.686 ; display_puntaje:Inst_Puntaje|cont_refresco[8]  ; display_puntaje:Inst_Puntaje|cont_refresco[8]  ; reloj_50mhz  ; reloj_50mhz ; 0.000        ; 0.074      ; 0.955      ;
; 0.687 ; efectos_sonido:Inst_Audio|div_tono[11]         ; efectos_sonido:Inst_Audio|div_tono[11]         ; reloj_50mhz  ; reloj_50mhz ; 0.000        ; 0.091      ; 0.973      ;
; 0.688 ; efectos_sonido:Inst_Audio|div_tono[1]          ; efectos_sonido:Inst_Audio|div_tono[1]          ; reloj_50mhz  ; reloj_50mhz ; 0.000        ; 0.072      ; 0.955      ;
; 0.688 ; efectos_sonido:Inst_Audio|div_tono[13]         ; efectos_sonido:Inst_Audio|div_tono[13]         ; reloj_50mhz  ; reloj_50mhz ; 0.000        ; 0.091      ; 0.974      ;
; 0.688 ; display_puntaje:Inst_Puntaje|cont_refresco[3]  ; display_puntaje:Inst_Puntaje|cont_refresco[3]  ; reloj_50mhz  ; reloj_50mhz ; 0.000        ; 0.074      ; 0.957      ;
; 0.689 ; display_puntaje:Inst_Puntaje|cont_refresco[13] ; display_puntaje:Inst_Puntaje|cont_refresco[13] ; reloj_50mhz  ; reloj_50mhz ; 0.000        ; 0.074      ; 0.958      ;
; 0.689 ; display_puntaje:Inst_Puntaje|cont_refresco[11] ; display_puntaje:Inst_Puntaje|cont_refresco[11] ; reloj_50mhz  ; reloj_50mhz ; 0.000        ; 0.074      ; 0.958      ;
; 0.689 ; display_puntaje:Inst_Puntaje|cont_refresco[9]  ; display_puntaje:Inst_Puntaje|cont_refresco[9]  ; reloj_50mhz  ; reloj_50mhz ; 0.000        ; 0.074      ; 0.958      ;
; 0.689 ; display_puntaje:Inst_Puntaje|cont_refresco[5]  ; display_puntaje:Inst_Puntaje|cont_refresco[5]  ; reloj_50mhz  ; reloj_50mhz ; 0.000        ; 0.074      ; 0.958      ;
; 0.689 ; efectos_sonido:Inst_Audio|div_tono[9]          ; efectos_sonido:Inst_Audio|div_tono[9]          ; reloj_50mhz  ; reloj_50mhz ; 0.000        ; 0.091      ; 0.975      ;
; 0.690 ; efectos_sonido:Inst_Audio|div_tono[14]         ; efectos_sonido:Inst_Audio|div_tono[14]         ; reloj_50mhz  ; reloj_50mhz ; 0.000        ; 0.091      ; 0.976      ;
; 0.691 ; efectos_sonido:Inst_Audio|div_tono[15]         ; efectos_sonido:Inst_Audio|div_tono[15]         ; reloj_50mhz  ; reloj_50mhz ; 0.000        ; 0.091      ; 0.977      ;
; 0.691 ; efectos_sonido:Inst_Audio|div_tono[2]          ; efectos_sonido:Inst_Audio|div_tono[2]          ; reloj_50mhz  ; reloj_50mhz ; 0.000        ; 0.072      ; 0.958      ;
; 0.693 ; efectos_sonido:Inst_Audio|div_tono[12]         ; efectos_sonido:Inst_Audio|div_tono[12]         ; reloj_50mhz  ; reloj_50mhz ; 0.000        ; 0.091      ; 0.979      ;
; 0.693 ; efectos_sonido:Inst_Audio|div_tono[10]         ; efectos_sonido:Inst_Audio|div_tono[10]         ; reloj_50mhz  ; reloj_50mhz ; 0.000        ; 0.091      ; 0.979      ;
; 0.694 ; efectos_sonido:Inst_Audio|div_tono[8]          ; efectos_sonido:Inst_Audio|div_tono[12]         ; reloj_50mhz  ; reloj_50mhz ; 0.000        ; 0.545      ; 1.434      ;
; 0.695 ; div_1mhz[2]                                    ; div_1mhz[2]                                    ; reloj_50mhz  ; reloj_50mhz ; 0.000        ; 0.074      ; 0.964      ;
; 0.697 ; efectos_sonido:Inst_Audio|div_tono[6]          ; efectos_sonido:Inst_Audio|div_tono[10]         ; reloj_50mhz  ; reloj_50mhz ; 0.000        ; 0.542      ; 1.434      ;
; 0.705 ; div_juego[15]                                  ; div_juego[15]                                  ; reloj_50mhz  ; reloj_50mhz ; 0.000        ; 0.072      ; 0.972      ;
; 0.705 ; div_juego[7]                                   ; div_juego[7]                                   ; reloj_50mhz  ; reloj_50mhz ; 0.000        ; 0.072      ; 0.972      ;
; 0.705 ; div_juego[1]                                   ; div_juego[1]                                   ; reloj_50mhz  ; reloj_50mhz ; 0.000        ; 0.072      ; 0.972      ;
; 0.705 ; efectos_sonido:Inst_Audio|div_tono[7]          ; efectos_sonido:Inst_Audio|div_tono[7]          ; reloj_50mhz  ; reloj_50mhz ; 0.000        ; 0.072      ; 0.972      ;
; 0.706 ; efectos_sonido:Inst_Audio|div_tono[3]          ; efectos_sonido:Inst_Audio|div_tono[3]          ; reloj_50mhz  ; reloj_50mhz ; 0.000        ; 0.072      ; 0.973      ;
; 0.706 ; efectos_sonido:Inst_Audio|div_tono[5]          ; efectos_sonido:Inst_Audio|div_tono[5]          ; reloj_50mhz  ; reloj_50mhz ; 0.000        ; 0.072      ; 0.973      ;
; 0.706 ; display_puntaje:Inst_Puntaje|cont_refresco[16] ; display_puntaje:Inst_Puntaje|cont_refresco[16] ; reloj_50mhz  ; reloj_50mhz ; 0.000        ; 0.074      ; 0.975      ;
; 0.707 ; div_juego[13]                                  ; div_juego[13]                                  ; reloj_50mhz  ; reloj_50mhz ; 0.000        ; 0.072      ; 0.974      ;
; 0.707 ; div_juego[2]                                   ; div_juego[2]                                   ; reloj_50mhz  ; reloj_50mhz ; 0.000        ; 0.072      ; 0.974      ;
; 0.708 ; div_juego[5]                                   ; div_juego[5]                                   ; reloj_50mhz  ; reloj_50mhz ; 0.000        ; 0.072      ; 0.975      ;
; 0.708 ; div_juego[3]                                   ; div_juego[3]                                   ; reloj_50mhz  ; reloj_50mhz ; 0.000        ; 0.072      ; 0.975      ;
; 0.709 ; div_juego[21]                                  ; div_juego[21]                                  ; reloj_50mhz  ; reloj_50mhz ; 0.000        ; 0.072      ; 0.976      ;
; 0.709 ; div_juego[23]                                  ; div_juego[23]                                  ; reloj_50mhz  ; reloj_50mhz ; 0.000        ; 0.072      ; 0.976      ;
; 0.710 ; display_puntaje:Inst_Puntaje|cont_refresco[15] ; display_puntaje:Inst_Puntaje|cont_refresco[15] ; reloj_50mhz  ; reloj_50mhz ; 0.000        ; 0.074      ; 0.979      ;
; 0.711 ; div_juego[8]                                   ; div_juego[8]                                   ; reloj_50mhz  ; reloj_50mhz ; 0.000        ; 0.072      ; 0.978      ;
; 0.711 ; div_juego[6]                                   ; div_juego[6]                                   ; reloj_50mhz  ; reloj_50mhz ; 0.000        ; 0.072      ; 0.978      ;
; 0.711 ; efectos_sonido:Inst_Audio|div_tono[6]          ; efectos_sonido:Inst_Audio|div_tono[6]          ; reloj_50mhz  ; reloj_50mhz ; 0.000        ; 0.072      ; 0.978      ;
; 0.711 ; efectos_sonido:Inst_Audio|div_tono[8]          ; efectos_sonido:Inst_Audio|div_tono[8]          ; reloj_50mhz  ; reloj_50mhz ; 0.000        ; 0.072      ; 0.978      ;
; 0.712 ; efectos_sonido:Inst_Audio|div_tono[4]          ; efectos_sonido:Inst_Audio|div_tono[4]          ; reloj_50mhz  ; reloj_50mhz ; 0.000        ; 0.072      ; 0.979      ;
; 0.715 ; efectos_sonido:Inst_Audio|div_tono[0]          ; efectos_sonido:Inst_Audio|div_tono[0]          ; reloj_50mhz  ; reloj_50mhz ; 0.000        ; 0.072      ; 0.982      ;
; 0.717 ; div_1mhz[5]                                    ; div_1mhz[5]                                    ; reloj_50mhz  ; reloj_50mhz ; 0.000        ; 0.074      ; 0.986      ;
; 0.725 ; div_1mhz[5]                                    ; div_1mhz[3]                                    ; reloj_50mhz  ; reloj_50mhz ; 0.000        ; 0.074      ; 0.994      ;
; 0.726 ; div_1mhz[5]                                    ; div_1mhz[4]                                    ; reloj_50mhz  ; reloj_50mhz ; 0.000        ; 0.074      ; 0.995      ;
; 0.727 ; div_1mhz[5]                                    ; div_1mhz[1]                                    ; reloj_50mhz  ; reloj_50mhz ; 0.000        ; 0.074      ; 0.996      ;
; 0.742 ; div_1mhz[0]                                    ; div_1mhz[0]                                    ; reloj_50mhz  ; reloj_50mhz ; 0.000        ; 0.074      ; 1.011      ;
; 0.772 ; efectos_sonido:Inst_Audio|div_tono[7]          ; efectos_sonido:Inst_Audio|div_tono[11]         ; reloj_50mhz  ; reloj_50mhz ; 0.000        ; 0.542      ; 1.509      ;
; 0.773 ; efectos_sonido:Inst_Audio|div_tono[5]          ; efectos_sonido:Inst_Audio|div_tono[9]          ; reloj_50mhz  ; reloj_50mhz ; 0.000        ; 0.542      ; 1.510      ;
; 0.799 ; efectos_sonido:Inst_Audio|div_tono[8]          ; efectos_sonido:Inst_Audio|div_tono[13]         ; reloj_50mhz  ; reloj_50mhz ; 0.000        ; 0.545      ; 1.539      ;
; 0.801 ; efectos_sonido:Inst_Audio|div_tono[7]          ; efectos_sonido:Inst_Audio|div_tono[12]         ; reloj_50mhz  ; reloj_50mhz ; 0.000        ; 0.542      ; 1.538      ;
; 0.802 ; efectos_sonido:Inst_Audio|div_tono[5]          ; efectos_sonido:Inst_Audio|div_tono[10]         ; reloj_50mhz  ; reloj_50mhz ; 0.000        ; 0.542      ; 1.539      ;
; 0.803 ; efectos_sonido:Inst_Audio|div_tono[6]          ; efectos_sonido:Inst_Audio|div_tono[11]         ; reloj_50mhz  ; reloj_50mhz ; 0.000        ; 0.542      ; 1.540      ;
; 0.803 ; efectos_sonido:Inst_Audio|div_tono[4]          ; efectos_sonido:Inst_Audio|div_tono[9]          ; reloj_50mhz  ; reloj_50mhz ; 0.000        ; 0.542      ; 1.540      ;
; 0.816 ; efectos_sonido:Inst_Audio|div_tono[8]          ; efectos_sonido:Inst_Audio|div_tono[14]         ; reloj_50mhz  ; reloj_50mhz ; 0.000        ; 0.545      ; 1.556      ;
; 0.819 ; efectos_sonido:Inst_Audio|div_tono[6]          ; efectos_sonido:Inst_Audio|div_tono[12]         ; reloj_50mhz  ; reloj_50mhz ; 0.000        ; 0.542      ; 1.556      ;
; 0.820 ; efectos_sonido:Inst_Audio|div_tono[4]          ; efectos_sonido:Inst_Audio|div_tono[10]         ; reloj_50mhz  ; reloj_50mhz ; 0.000        ; 0.542      ; 1.557      ;
; 0.837 ; reloj_juego                                    ; reloj_juego                                    ; reloj_juego  ; reloj_50mhz ; 0.000        ; 2.383      ; 3.685      ;
; 0.850 ; efectos_sonido:Inst_Audio|duracion[15]         ; efectos_sonido:Inst_Audio|duracion[15]         ; reloj_50mhz  ; reloj_50mhz ; 0.000        ; 0.090      ; 1.135      ;
; 0.873 ; display_puntaje:Inst_Puntaje|cont_refresco[1]  ; display_puntaje:Inst_Puntaje|cont_refresco[1]  ; reloj_50mhz  ; reloj_50mhz ; 0.000        ; 0.074      ; 1.142      ;
; 0.882 ; div_1mhz[0]                                    ; display_puntaje:Inst_Puntaje|cont_refresco[1]  ; reloj_50mhz  ; reloj_50mhz ; 0.000        ; 0.074      ; 1.151      ;
; 0.886 ; efectos_sonido:Inst_Audio|duracion[11]         ; efectos_sonido:Inst_Audio|duracion[11]         ; reloj_50mhz  ; reloj_50mhz ; 0.000        ; 0.090      ; 1.171      ;
; 0.894 ; efectos_sonido:Inst_Audio|div_tono[7]          ; efectos_sonido:Inst_Audio|div_tono[13]         ; reloj_50mhz  ; reloj_50mhz ; 0.000        ; 0.542      ; 1.631      ;
; 0.895 ; efectos_sonido:Inst_Audio|div_tono[5]          ; efectos_sonido:Inst_Audio|div_tono[11]         ; reloj_50mhz  ; reloj_50mhz ; 0.000        ; 0.542      ; 1.632      ;
; 0.895 ; efectos_sonido:Inst_Audio|div_tono[3]          ; efectos_sonido:Inst_Audio|div_tono[9]          ; reloj_50mhz  ; reloj_50mhz ; 0.000        ; 0.542      ; 1.632      ;
; 0.904 ; efectos_sonido:Inst_Audio|div_tono[2]          ; efectos_sonido:Inst_Audio|div_tono[9]          ; reloj_50mhz  ; reloj_50mhz ; 0.000        ; 0.542      ; 1.641      ;
+-------+------------------------------------------------+------------------------------------------------+--------------+-------------+--------------+------------+------------+


+-------------------------------------------------------------------------------------------------------------------------------------------------------------------+
; Slow 1200mV 0C Model Hold: 'reloj_juego'                                                                                                                          ;
+-------+------------------------------------------+------------------------------------------+--------------+-------------+--------------+------------+------------+
; Slack ; From Node                                ; To Node                                  ; Launch Clock ; Latch Clock ; Relationship ; Clock Skew ; Data Delay ;
+-------+------------------------------------------+------------------------------------------+--------------+-------------+--------------+------------+------------+
; 0.401 ; juego_vibora:Inst_Juego|tamano_vibora[0] ; juego_vibora:Inst_Juego|tamano_vibora[0] ; reloj_juego  ; reloj_juego ; 0.000        ; 0.073      ; 0.669      ;
; 0.401 ; juego_vibora:Inst_Juego|dir_actual[1]    ; juego_vibora:Inst_Juego|dir_actual[1]    ; reloj_juego  ; reloj_juego ; 0.000        ; 0.073      ; 0.669      ;
; 0.401 ; juego_vibora:Inst_Juego|dir_actual[0]    ; juego_vibora:Inst_Juego|dir_actual[0]    ; reloj_juego  ; reloj_juego ; 0.000        ; 0.073      ; 0.669      ;
; 0.647 ; juego_vibora:Inst_Juego|vibora[32].y[0]  ; juego_vibora:Inst_Juego|vibora[33].y[0]  ; reloj_juego  ; reloj_juego ; 0.000        ; 0.539      ; 1.381      ;
; 0.674 ; juego_vibora:Inst_Juego|vibora[36].x[2]  ; juego_vibora:Inst_Juego|vibora[37].x[2]  ; reloj_juego  ; reloj_juego ; 0.000        ; 0.074      ; 0.943      ;
; 0.675 ; juego_vibora:Inst_Juego|vibora[47].x[2]  ; juego_vibora:Inst_Juego|vibora[48].x[2]  ; reloj_juego  ; reloj_juego ; 0.000        ; 0.072      ; 0.942      ;
; 0.681 ; juego_vibora:Inst_Juego|vibora[47].y[1]  ; juego_vibora:Inst_Juego|vibora[48].y[1]  ; reloj_juego  ; reloj_juego ; 0.000        ; 0.072      ; 0.948      ;
; 0.698 ; juego_vibora:Inst_Juego|vibora[38].y[2]  ; juego_vibora:Inst_Juego|vibora[39].y[2]  ; reloj_juego  ; reloj_juego ; 0.000        ; 0.050      ; 0.943      ;
; 0.705 ; juego_vibora:Inst_Juego|vibora[38].y[1]  ; juego_vibora:Inst_Juego|vibora[39].y[1]  ; reloj_juego  ; reloj_juego ; 0.000        ; 0.050      ; 0.950      ;
; 0.727 ; juego_vibora:Inst_Juego|vibora[38].y[0]  ; juego_vibora:Inst_Juego|vibora[39].y[0]  ; reloj_juego  ; reloj_juego ; 0.000        ; 0.050      ; 0.972      ;
; 0.731 ; juego_vibora:Inst_Juego|tamano_vibora[2] ; juego_vibora:Inst_Juego|tamano_vibora[2] ; reloj_juego  ; reloj_juego ; 0.000        ; 0.073      ; 0.999      ;
; 0.751 ; juego_vibora:Inst_Juego|tamano_vibora[4] ; juego_vibora:Inst_Juego|tamano_vibora[4] ; reloj_juego  ; reloj_juego ; 0.000        ; 0.073      ; 1.019      ;
; 0.754 ; juego_vibora:Inst_Juego|tamano_vibora[5] ; juego_vibora:Inst_Juego|tamano_vibora[5] ; reloj_juego  ; reloj_juego ; 0.000        ; 0.073      ; 1.022      ;
; 0.756 ; juego_vibora:Inst_Juego|tamano_vibora[3] ; juego_vibora:Inst_Juego|tamano_vibora[3] ; reloj_juego  ; reloj_juego ; 0.000        ; 0.073      ; 1.024      ;
; 0.756 ; juego_vibora:Inst_Juego|tamano_vibora[1] ; juego_vibora:Inst_Juego|tamano_vibora[1] ; reloj_juego  ; reloj_juego ; 0.000        ; 0.073      ; 1.024      ;
; 0.760 ; juego_vibora:Inst_Juego|vibora[30].y[2]  ; juego_vibora:Inst_Juego|vibora[31].y[2]  ; reloj_juego  ; reloj_juego ; 0.000        ; 0.523      ; 1.478      ;
; 0.760 ; juego_vibora:Inst_Juego|vibora[26].y[2]  ; juego_vibora:Inst_Juego|vibora[27].y[2]  ; reloj_juego  ; reloj_juego ; 0.000        ; 0.546      ; 1.501      ;
; 0.764 ; juego_vibora:Inst_Juego|tamano_vibora[0] ; juego_vibora:Inst_Juego|record_maximo[0] ; reloj_juego  ; reloj_juego ; 0.000        ; 0.073      ; 1.032      ;
; 0.770 ; juego_vibora:Inst_Juego|tamano_vibora[6] ; juego_vibora:Inst_Juego|tamano_vibora[6] ; reloj_juego  ; reloj_juego ; 0.000        ; 0.073      ; 1.038      ;
; 0.789 ; juego_vibora:Inst_Juego|vibora[1].x[0]   ; juego_vibora:Inst_Juego|vibora[2].x[0]   ; reloj_juego  ; reloj_juego ; 0.000        ; 0.550      ; 1.534      ;
; 0.790 ; juego_vibora:Inst_Juego|vibora[30].y[1]  ; juego_vibora:Inst_Juego|vibora[31].y[1]  ; reloj_juego  ; reloj_juego ; 0.000        ; 0.523      ; 1.508      ;
; 0.804 ; juego_vibora:Inst_Juego|vibora[18].y[2]  ; juego_vibora:Inst_Juego|vibora[19].y[2]  ; reloj_juego  ; reloj_juego ; 0.000        ; 0.543      ; 1.542      ;
; 0.829 ; juego_vibora:Inst_Juego|vibora[19].x[0]  ; juego_vibora:Inst_Juego|vibora[20].x[0]  ; reloj_juego  ; reloj_juego ; 0.000        ; 0.125      ; 1.149      ;
; 0.831 ; juego_vibora:Inst_Juego|vibora[24].y[2]  ; juego_vibora:Inst_Juego|vibora[25].y[2]  ; reloj_juego  ; reloj_juego ; 0.000        ; 0.092      ; 1.118      ;
; 0.839 ; juego_vibora:Inst_Juego|vibora[19].x[1]  ; juego_vibora:Inst_Juego|vibora[20].x[1]  ; reloj_juego  ; reloj_juego ; 0.000        ; 0.125      ; 1.159      ;
; 0.839 ; juego_vibora:Inst_Juego|vibora[49].x[1]  ; juego_vibora:Inst_Juego|vibora[50].x[1]  ; reloj_juego  ; reloj_juego ; 0.000        ; 0.090      ; 1.124      ;
; 0.845 ; juego_vibora:Inst_Juego|vibora[40].x[0]  ; juego_vibora:Inst_Juego|vibora[41].x[0]  ; reloj_juego  ; reloj_juego ; 0.000        ; 0.092      ; 1.132      ;
; 0.848 ; juego_vibora:Inst_Juego|vibora[24].x[0]  ; juego_vibora:Inst_Juego|vibora[25].x[0]  ; reloj_juego  ; reloj_juego ; 0.000        ; 0.092      ; 1.135      ;
; 0.848 ; juego_vibora:Inst_Juego|vibora[7].y[0]   ; juego_vibora:Inst_Juego|vibora[8].y[0]   ; reloj_juego  ; reloj_juego ; 0.000        ; 0.093      ; 1.136      ;
; 0.851 ; juego_vibora:Inst_Juego|vibora[12].y[1]  ; juego_vibora:Inst_Juego|vibora[13].y[1]  ; reloj_juego  ; reloj_juego ; 0.000        ; 0.091      ; 1.137      ;
; 0.856 ; juego_vibora:Inst_Juego|vibora[51].y[2]  ; juego_vibora:Inst_Juego|vibora[52].y[2]  ; reloj_juego  ; reloj_juego ; 0.000        ; 0.087      ; 1.138      ;
; 0.856 ; juego_vibora:Inst_Juego|vibora[33].x[1]  ; juego_vibora:Inst_Juego|vibora[34].x[1]  ; reloj_juego  ; reloj_juego ; 0.000        ; 0.087      ; 1.138      ;
; 0.864 ; juego_vibora:Inst_Juego|vibora[51].y[1]  ; juego_vibora:Inst_Juego|vibora[52].y[1]  ; reloj_juego  ; reloj_juego ; 0.000        ; 0.087      ; 1.146      ;
; 0.866 ; juego_vibora:Inst_Juego|vibora[41].y[1]  ; juego_vibora:Inst_Juego|vibora[42].y[1]  ; reloj_juego  ; reloj_juego ; 0.000        ; 0.074      ; 1.135      ;
; 0.868 ; juego_vibora:Inst_Juego|vibora[51].x[2]  ; juego_vibora:Inst_Juego|vibora[52].x[2]  ; reloj_juego  ; reloj_juego ; 0.000        ; 0.087      ; 1.150      ;
; 0.868 ; juego_vibora:Inst_Juego|vibora[42].x[2]  ; juego_vibora:Inst_Juego|vibora[43].x[2]  ; reloj_juego  ; reloj_juego ; 0.000        ; 0.092      ; 1.155      ;
; 0.876 ; juego_vibora:Inst_Juego|vibora[7].x[2]   ; juego_vibora:Inst_Juego|vibora[8].x[2]   ; reloj_juego  ; reloj_juego ; 0.000        ; 0.093      ; 1.164      ;
; 0.878 ; juego_vibora:Inst_Juego|vibora[24].y[0]  ; juego_vibora:Inst_Juego|vibora[25].y[0]  ; reloj_juego  ; reloj_juego ; 0.000        ; 0.092      ; 1.165      ;
; 0.878 ; juego_vibora:Inst_Juego|rand_y[2]        ; juego_vibora:Inst_Juego|pos_comida.y[2]  ; reloj_1mhz   ; reloj_juego ; 0.000        ; -0.376     ; 0.717      ;
; 0.881 ; juego_vibora:Inst_Juego|vibora[40].x[1]  ; juego_vibora:Inst_Juego|vibora[41].x[1]  ; reloj_juego  ; reloj_juego ; 0.000        ; 0.092      ; 1.168      ;
; 0.885 ; juego_vibora:Inst_Juego|rand_y[1]        ; juego_vibora:Inst_Juego|pos_comida.y[1]  ; reloj_1mhz   ; reloj_juego ; 0.000        ; -0.376     ; 0.724      ;
; 0.889 ; juego_vibora:Inst_Juego|vibora[18].y[1]  ; juego_vibora:Inst_Juego|vibora[19].y[1]  ; reloj_juego  ; reloj_juego ; 0.000        ; 0.543      ; 1.627      ;
; 0.891 ; juego_vibora:Inst_Juego|vibora[38].x[2]  ; juego_vibora:Inst_Juego|vibora[39].x[2]  ; reloj_juego  ; reloj_juego ; 0.000        ; 0.050      ; 1.136      ;
; 0.891 ; juego_vibora:Inst_Juego|rand_x[2]        ; juego_vibora:Inst_Juego|pos_comida.x[2]  ; reloj_1mhz   ; reloj_juego ; 0.000        ; -0.376     ; 0.730      ;
; 0.892 ; juego_vibora:Inst_Juego|vibora[33].y[2]  ; juego_vibora:Inst_Juego|vibora[34].y[2]  ; reloj_juego  ; reloj_juego ; 0.000        ; 0.087      ; 1.174      ;
; 0.897 ; juego_vibora:Inst_Juego|rand_x[1]        ; juego_vibora:Inst_Juego|pos_comida.x[1]  ; reloj_1mhz   ; reloj_juego ; 0.000        ; -0.376     ; 0.736      ;
; 0.931 ; juego_vibora:Inst_Juego|vibora[37].y[2]  ; juego_vibora:Inst_Juego|vibora[38].y[2]  ; reloj_juego  ; reloj_juego ; 0.000        ; 0.551      ; 1.677      ;
; 0.940 ; juego_vibora:Inst_Juego|vibora[30].x[0]  ; juego_vibora:Inst_Juego|vibora[31].x[0]  ; reloj_juego  ; reloj_juego ; 0.000        ; 0.072      ; 1.207      ;
; 0.940 ; juego_vibora:Inst_Juego|tamano_vibora[4] ; juego_vibora:Inst_Juego|record_maximo[4] ; reloj_juego  ; reloj_juego ; 0.000        ; 0.072      ; 1.207      ;
; 0.945 ; juego_vibora:Inst_Juego|tamano_vibora[2] ; juego_vibora:Inst_Juego|record_maximo[2] ; reloj_juego  ; reloj_juego ; 0.000        ; 0.072      ; 1.212      ;
; 0.957 ; juego_vibora:Inst_Juego|vibora[37].y[1]  ; juego_vibora:Inst_Juego|vibora[38].y[1]  ; reloj_juego  ; reloj_juego ; 0.000        ; 0.551      ; 1.703      ;
; 0.965 ; juego_vibora:Inst_Juego|tamano_vibora[3] ; juego_vibora:Inst_Juego|record_maximo[3] ; reloj_juego  ; reloj_juego ; 0.000        ; 0.072      ; 1.232      ;
; 0.972 ; juego_vibora:Inst_Juego|tamano_vibora[1] ; juego_vibora:Inst_Juego|record_maximo[1] ; reloj_juego  ; reloj_juego ; 0.000        ; 0.072      ; 1.239      ;
; 0.983 ; juego_vibora:Inst_Juego|vibora[30].x[1]  ; juego_vibora:Inst_Juego|vibora[31].x[1]  ; reloj_juego  ; reloj_juego ; 0.000        ; 0.072      ; 1.250      ;
; 0.983 ; juego_vibora:Inst_Juego|tamano_vibora[6] ; juego_vibora:Inst_Juego|record_maximo[6] ; reloj_juego  ; reloj_juego ; 0.000        ; 0.072      ; 1.250      ;
; 0.990 ; juego_vibora:Inst_Juego|vibora[9].y[2]   ; juego_vibora:Inst_Juego|vibora[10].y[2]  ; reloj_juego  ; reloj_juego ; 0.000        ; 0.068      ; 1.253      ;
; 0.992 ; juego_vibora:Inst_Juego|tamano_vibora[5] ; juego_vibora:Inst_Juego|record_maximo[5] ; reloj_juego  ; reloj_juego ; 0.000        ; 0.072      ; 1.259      ;
; 1.024 ; juego_vibora:Inst_Juego|vibora[48].x[2]  ; juego_vibora:Inst_Juego|vibora[49].x[2]  ; reloj_juego  ; reloj_juego ; 0.000        ; 0.553      ; 1.772      ;
; 1.025 ; juego_vibora:Inst_Juego|vibora[12].x[0]  ; juego_vibora:Inst_Juego|vibora[13].x[0]  ; reloj_juego  ; reloj_juego ; 0.000        ; 0.091      ; 1.311      ;
; 1.034 ; juego_vibora:Inst_Juego|vibora[28].x[1]  ; juego_vibora:Inst_Juego|vibora[29].x[1]  ; reloj_juego  ; reloj_juego ; 0.000        ; 0.099      ; 1.328      ;
; 1.036 ; juego_vibora:Inst_Juego|vibora[58].y[0]  ; juego_vibora:Inst_Juego|vibora[59].y[0]  ; reloj_juego  ; reloj_juego ; 0.000        ; 0.104      ; 1.335      ;
; 1.039 ; juego_vibora:Inst_Juego|vibora[6].y[1]   ; juego_vibora:Inst_Juego|vibora[7].y[1]   ; reloj_juego  ; reloj_juego ; 0.000        ; 0.089      ; 1.323      ;
; 1.041 ; juego_vibora:Inst_Juego|vibora[6].y[2]   ; juego_vibora:Inst_Juego|vibora[7].y[2]   ; reloj_juego  ; reloj_juego ; 0.000        ; 0.089      ; 1.325      ;
; 1.046 ; juego_vibora:Inst_Juego|vibora[60].x[2]  ; juego_vibora:Inst_Juego|vibora[61].x[2]  ; reloj_juego  ; reloj_juego ; 0.000        ; 0.086      ; 1.327      ;
; 1.053 ; juego_vibora:Inst_Juego|vibora[12].y[2]  ; juego_vibora:Inst_Juego|vibora[13].y[2]  ; reloj_juego  ; reloj_juego ; 0.000        ; 0.091      ; 1.339      ;
; 1.054 ; juego_vibora:Inst_Juego|tamano_vibora[6] ; juego_vibora:Inst_Juego|tamano_vibora[0] ; reloj_juego  ; reloj_juego ; 0.000        ; 0.072      ; 1.321      ;
; 1.055 ; juego_vibora:Inst_Juego|vibora[56].y[0]  ; juego_vibora:Inst_Juego|vibora[57].y[0]  ; reloj_juego  ; reloj_juego ; 0.000        ; 0.087      ; 1.337      ;
; 1.055 ; juego_vibora:Inst_Juego|tamano_vibora[2] ; juego_vibora:Inst_Juego|tamano_vibora[3] ; reloj_juego  ; reloj_juego ; 0.000        ; 0.073      ; 1.323      ;
; 1.056 ; juego_vibora:Inst_Juego|vibora[33].y[0]  ; juego_vibora:Inst_Juego|vibora[34].y[0]  ; reloj_juego  ; reloj_juego ; 0.000        ; 0.087      ; 1.338      ;
; 1.062 ; juego_vibora:Inst_Juego|vibora[13].x[0]  ; juego_vibora:Inst_Juego|vibora[14].x[0]  ; reloj_juego  ; reloj_juego ; 0.000        ; 0.095      ; 1.352      ;
; 1.064 ; juego_vibora:Inst_Juego|vibora[2].y[2]   ; juego_vibora:Inst_Juego|vibora[3].y[2]   ; reloj_juego  ; reloj_juego ; 0.000        ; 0.075      ; 1.334      ;
; 1.065 ; juego_vibora:Inst_Juego|vibora[32].y[1]  ; juego_vibora:Inst_Juego|vibora[33].y[1]  ; reloj_juego  ; reloj_juego ; 0.000        ; 0.089      ; 1.349      ;
; 1.066 ; juego_vibora:Inst_Juego|vibora[28].y[1]  ; juego_vibora:Inst_Juego|vibora[29].y[1]  ; reloj_juego  ; reloj_juego ; 0.000        ; 0.099      ; 1.360      ;
; 1.069 ; juego_vibora:Inst_Juego|vibora[24].y[1]  ; juego_vibora:Inst_Juego|vibora[25].y[1]  ; reloj_juego  ; reloj_juego ; 0.000        ; 0.092      ; 1.356      ;
; 1.069 ; juego_vibora:Inst_Juego|vibora[45].x[0]  ; juego_vibora:Inst_Juego|vibora[46].x[0]  ; reloj_juego  ; reloj_juego ; 0.000        ; 0.071      ; 1.335      ;
; 1.070 ; juego_vibora:Inst_Juego|vibora[42].y[1]  ; juego_vibora:Inst_Juego|vibora[43].y[1]  ; reloj_juego  ; reloj_juego ; 0.000        ; 0.539      ; 1.804      ;
; 1.072 ; juego_vibora:Inst_Juego|vibora[26].y[1]  ; juego_vibora:Inst_Juego|vibora[27].y[1]  ; reloj_juego  ; reloj_juego ; 0.000        ; 0.095      ; 1.362      ;
; 1.073 ; juego_vibora:Inst_Juego|vibora[46].y[0]  ; juego_vibora:Inst_Juego|vibora[47].y[0]  ; reloj_juego  ; reloj_juego ; 0.000        ; 0.070      ; 1.338      ;
; 1.073 ; juego_vibora:Inst_Juego|tamano_vibora[4] ; juego_vibora:Inst_Juego|tamano_vibora[5] ; reloj_juego  ; reloj_juego ; 0.000        ; 0.073      ; 1.341      ;
; 1.073 ; juego_vibora:Inst_Juego|tamano_vibora[5] ; juego_vibora:Inst_Juego|tamano_vibora[6] ; reloj_juego  ; reloj_juego ; 0.000        ; 0.073      ; 1.341      ;
; 1.074 ; juego_vibora:Inst_Juego|vibora[10].y[0]  ; juego_vibora:Inst_Juego|vibora[11].y[0]  ; reloj_juego  ; reloj_juego ; 0.000        ; 0.093      ; 1.362      ;
; 1.075 ; juego_vibora:Inst_Juego|tamano_vibora[3] ; juego_vibora:Inst_Juego|tamano_vibora[4] ; reloj_juego  ; reloj_juego ; 0.000        ; 0.073      ; 1.343      ;
; 1.077 ; juego_vibora:Inst_Juego|vibora[33].x[2]  ; juego_vibora:Inst_Juego|vibora[34].x[2]  ; reloj_juego  ; reloj_juego ; 0.000        ; 0.087      ; 1.359      ;
; 1.079 ; juego_vibora:Inst_Juego|vibora[46].y[2]  ; juego_vibora:Inst_Juego|vibora[47].y[2]  ; reloj_juego  ; reloj_juego ; 0.000        ; 0.070      ; 1.344      ;
; 1.080 ; juego_vibora:Inst_Juego|tamano_vibora[1] ; juego_vibora:Inst_Juego|tamano_vibora[2] ; reloj_juego  ; reloj_juego ; 0.000        ; 0.073      ; 1.348      ;
; 1.081 ; juego_vibora:Inst_Juego|vibora[6].x[2]   ; juego_vibora:Inst_Juego|vibora[7].x[2]   ; reloj_juego  ; reloj_juego ; 0.000        ; 0.089      ; 1.365      ;
; 1.082 ; juego_vibora:Inst_Juego|vibora[7].x[1]   ; juego_vibora:Inst_Juego|vibora[8].x[1]   ; reloj_juego  ; reloj_juego ; 0.000        ; 0.093      ; 1.370      ;
; 1.082 ; juego_vibora:Inst_Juego|vibora[45].y[1]  ; juego_vibora:Inst_Juego|vibora[46].y[1]  ; reloj_juego  ; reloj_juego ; 0.000        ; 0.071      ; 1.348      ;
; 1.083 ; juego_vibora:Inst_Juego|vibora[10].x[2]  ; juego_vibora:Inst_Juego|vibora[11].x[2]  ; reloj_juego  ; reloj_juego ; 0.000        ; 0.093      ; 1.371      ;
; 1.085 ; juego_vibora:Inst_Juego|vibora[41].x[2]  ; juego_vibora:Inst_Juego|vibora[42].x[2]  ; reloj_juego  ; reloj_juego ; 0.000        ; 0.097      ; 1.377      ;
; 1.086 ; juego_vibora:Inst_Juego|tamano_vibora[0] ; juego_vibora:Inst_Juego|record_maximo[1] ; reloj_juego  ; reloj_juego ; 0.000        ; 0.073      ; 1.354      ;
; 1.087 ; juego_vibora:Inst_Juego|vibora[46].x[0]  ; juego_vibora:Inst_Juego|vibora[47].x[0]  ; reloj_juego  ; reloj_juego ; 0.000        ; 0.070      ; 1.352      ;
; 1.088 ; juego_vibora:Inst_Juego|vibora[26].y[0]  ; juego_vibora:Inst_Juego|vibora[27].y[0]  ; reloj_juego  ; reloj_juego ; 0.000        ; 0.095      ; 1.378      ;
; 1.089 ; juego_vibora:Inst_Juego|vibora[18].y[0]  ; juego_vibora:Inst_Juego|vibora[19].y[0]  ; reloj_juego  ; reloj_juego ; 0.000        ; 0.076      ; 1.360      ;
; 1.089 ; juego_vibora:Inst_Juego|vibora[48].y[1]  ; juego_vibora:Inst_Juego|vibora[49].y[1]  ; reloj_juego  ; reloj_juego ; 0.000        ; 0.553      ; 1.837      ;
; 1.090 ; juego_vibora:Inst_Juego|vibora[56].x[1]  ; juego_vibora:Inst_Juego|vibora[57].x[1]  ; reloj_juego  ; reloj_juego ; 0.000        ; 0.087      ; 1.372      ;
; 1.090 ; juego_vibora:Inst_Juego|vibora[0].y[0]   ; juego_vibora:Inst_Juego|vibora[0].y[0]   ; reloj_juego  ; reloj_juego ; 0.000        ; 0.073      ; 1.358      ;
; 1.090 ; juego_vibora:Inst_Juego|tamano_vibora[3] ; juego_vibora:Inst_Juego|tamano_vibora[5] ; reloj_juego  ; reloj_juego ; 0.000        ; 0.073      ; 1.358      ;
; 1.091 ; juego_vibora:Inst_Juego|vibora[6].y[0]   ; juego_vibora:Inst_Juego|vibora[7].y[0]   ; reloj_juego  ; reloj_juego ; 0.000        ; 0.089      ; 1.375      ;
; 1.093 ; juego_vibora:Inst_Juego|vibora[11].x[2]  ; juego_vibora:Inst_Juego|vibora[12].x[2]  ; reloj_juego  ; reloj_juego ; 0.000        ; 0.096      ; 1.384      ;
+-------+------------------------------------------+------------------------------------------+--------------+-------------+--------------+------------+------------+


+-------------------------------------------------------------------------------------------------------------------------------------------------------------------------+
; Slow 1200mV 0C Model Hold: 'reloj_1mhz'                                                                                                                                 ;
+-------+---------------------------------------------+---------------------------------------------+--------------+-------------+--------------+------------+------------+
; Slack ; From Node                                   ; To Node                                     ; Launch Clock ; Latch Clock ; Relationship ; Clock Skew ; Data Delay ;
+-------+---------------------------------------------+---------------------------------------------+--------------+-------------+--------------+------------+------------+
; 0.403 ; juego_vibora:Inst_Juego|rand_y[2]           ; juego_vibora:Inst_Juego|rand_y[2]           ; reloj_1mhz   ; reloj_1mhz  ; 0.000        ; 0.071      ; 0.669      ;
; 0.403 ; juego_vibora:Inst_Juego|rand_y[1]           ; juego_vibora:Inst_Juego|rand_y[1]           ; reloj_1mhz   ; reloj_1mhz  ; 0.000        ; 0.071      ; 0.669      ;
; 0.403 ; juego_vibora:Inst_Juego|rand_x[2]           ; juego_vibora:Inst_Juego|rand_x[2]           ; reloj_1mhz   ; reloj_1mhz  ; 0.000        ; 0.071      ; 0.669      ;
; 0.403 ; juego_vibora:Inst_Juego|rand_x[1]           ; juego_vibora:Inst_Juego|rand_x[1]           ; reloj_1mhz   ; reloj_1mhz  ; 0.000        ; 0.071      ; 0.669      ;
; 0.404 ; spi_max7219:Inst_SPI|reg_desplazamiento[6]  ; spi_max7219:Inst_SPI|reg_desplazamiento[6]  ; reloj_1mhz   ; reloj_1mhz  ; 0.000        ; 0.070      ; 0.669      ;
; 0.404 ; spi_max7219:Inst_SPI|reg_desplazamiento[5]  ; spi_max7219:Inst_SPI|reg_desplazamiento[5]  ; reloj_1mhz   ; reloj_1mhz  ; 0.000        ; 0.070      ; 0.669      ;
; 0.404 ; spi_max7219:Inst_SPI|cs                     ; spi_max7219:Inst_SPI|cs                     ; reloj_1mhz   ; reloj_1mhz  ; 0.000        ; 0.070      ; 0.669      ;
; 0.404 ; spi_max7219:Inst_SPI|reg_desplazamiento[3]  ; spi_max7219:Inst_SPI|reg_desplazamiento[3]  ; reloj_1mhz   ; reloj_1mhz  ; 0.000        ; 0.070      ; 0.669      ;
; 0.404 ; spi_max7219:Inst_SPI|reg_desplazamiento[0]  ; spi_max7219:Inst_SPI|reg_desplazamiento[0]  ; reloj_1mhz   ; reloj_1mhz  ; 0.000        ; 0.070      ; 0.669      ;
; 0.404 ; spi_max7219:Inst_SPI|reg_desplazamiento[11] ; spi_max7219:Inst_SPI|reg_desplazamiento[11] ; reloj_1mhz   ; reloj_1mhz  ; 0.000        ; 0.070      ; 0.669      ;
; 0.404 ; spi_max7219:Inst_SPI|cont_fila[3]           ; spi_max7219:Inst_SPI|cont_fila[3]           ; reloj_1mhz   ; reloj_1mhz  ; 0.000        ; 0.070      ; 0.669      ;
; 0.404 ; spi_max7219:Inst_SPI|cont_fila[2]           ; spi_max7219:Inst_SPI|cont_fila[2]           ; reloj_1mhz   ; reloj_1mhz  ; 0.000        ; 0.070      ; 0.669      ;
; 0.404 ; spi_max7219:Inst_SPI|cont_bits[3]           ; spi_max7219:Inst_SPI|cont_bits[3]           ; reloj_1mhz   ; reloj_1mhz  ; 0.000        ; 0.070      ; 0.669      ;
; 0.404 ; spi_max7219:Inst_SPI|estado.ENVIAR_BITS     ; spi_max7219:Inst_SPI|estado.ENVIAR_BITS     ; reloj_1mhz   ; reloj_1mhz  ; 0.000        ; 0.070      ; 0.669      ;
; 0.404 ; spi_max7219:Inst_SPI|estado.INICIO_ENVIO    ; spi_max7219:Inst_SPI|estado.INICIO_ENVIO    ; reloj_1mhz   ; reloj_1mhz  ; 0.000        ; 0.070      ; 0.669      ;
; 0.404 ; spi_max7219:Inst_SPI|cont_bits[0]           ; spi_max7219:Inst_SPI|cont_bits[0]           ; reloj_1mhz   ; reloj_1mhz  ; 0.000        ; 0.070      ; 0.669      ;
; 0.404 ; spi_max7219:Inst_SPI|cont_bits[2]           ; spi_max7219:Inst_SPI|cont_bits[2]           ; reloj_1mhz   ; reloj_1mhz  ; 0.000        ; 0.070      ; 0.669      ;
; 0.404 ; spi_max7219:Inst_SPI|estado.GUARDAR         ; spi_max7219:Inst_SPI|estado.GUARDAR         ; reloj_1mhz   ; reloj_1mhz  ; 0.000        ; 0.070      ; 0.669      ;
; 0.404 ; spi_max7219:Inst_SPI|paso_inicio[2]         ; spi_max7219:Inst_SPI|paso_inicio[2]         ; reloj_1mhz   ; reloj_1mhz  ; 0.000        ; 0.070      ; 0.669      ;
; 0.404 ; spi_max7219:Inst_SPI|paso_inicio[1]         ; spi_max7219:Inst_SPI|paso_inicio[1]         ; reloj_1mhz   ; reloj_1mhz  ; 0.000        ; 0.070      ; 0.669      ;
; 0.404 ; spi_max7219:Inst_SPI|paso_inicio[0]         ; spi_max7219:Inst_SPI|paso_inicio[0]         ; reloj_1mhz   ; reloj_1mhz  ; 0.000        ; 0.070      ; 0.669      ;
; 0.405 ; spi_max7219:Inst_SPI|reg_desplazamiento[2]  ; spi_max7219:Inst_SPI|reg_desplazamiento[2]  ; reloj_1mhz   ; reloj_1mhz  ; 0.000        ; 0.069      ; 0.669      ;
; 0.405 ; spi_max7219:Inst_SPI|reg_desplazamiento[1]  ; spi_max7219:Inst_SPI|reg_desplazamiento[1]  ; reloj_1mhz   ; reloj_1mhz  ; 0.000        ; 0.069      ; 0.669      ;
; 0.405 ; spi_max7219:Inst_SPI|reg_desplazamiento[7]  ; spi_max7219:Inst_SPI|reg_desplazamiento[7]  ; reloj_1mhz   ; reloj_1mhz  ; 0.000        ; 0.069      ; 0.669      ;
; 0.405 ; spi_max7219:Inst_SPI|cont_fila[1]           ; spi_max7219:Inst_SPI|cont_fila[1]           ; reloj_1mhz   ; reloj_1mhz  ; 0.000        ; 0.069      ; 0.669      ;
; 0.405 ; spi_max7219:Inst_SPI|din                    ; spi_max7219:Inst_SPI|din                    ; reloj_1mhz   ; reloj_1mhz  ; 0.000        ; 0.069      ; 0.669      ;
; 0.405 ; spi_max7219:Inst_SPI|reg_desplazamiento[4]  ; spi_max7219:Inst_SPI|reg_desplazamiento[4]  ; reloj_1mhz   ; reloj_1mhz  ; 0.000        ; 0.069      ; 0.669      ;
; 0.405 ; spi_max7219:Inst_SPI|cont_bits[1]           ; spi_max7219:Inst_SPI|cont_bits[1]           ; reloj_1mhz   ; reloj_1mhz  ; 0.000        ; 0.069      ; 0.669      ;
; 0.420 ; spi_max7219:Inst_SPI|cont_fila[0]           ; spi_max7219:Inst_SPI|cont_fila[0]           ; reloj_1mhz   ; reloj_1mhz  ; 0.000        ; 0.069      ; 0.684      ;
; 0.470 ; juego_vibora:Inst_Juego|rand_x[1]           ; juego_vibora:Inst_Juego|rand_x[2]           ; reloj_1mhz   ; reloj_1mhz  ; 0.000        ; 0.071      ; 0.736      ;
; 0.493 ; spi_max7219:Inst_SPI|paso_inicio[1]         ; spi_max7219:Inst_SPI|paso_inicio[2]         ; reloj_1mhz   ; reloj_1mhz  ; 0.000        ; 0.070      ; 0.758      ;
; 0.509 ; spi_max7219:Inst_SPI|paso_inicio[2]         ; spi_max7219:Inst_SPI|paso_inicio[0]         ; reloj_1mhz   ; reloj_1mhz  ; 0.000        ; 0.070      ; 0.774      ;
; 0.518 ; spi_max7219:Inst_SPI|cont_fila[0]           ; spi_max7219:Inst_SPI|cont_fila[1]           ; reloj_1mhz   ; reloj_1mhz  ; 0.000        ; 0.069      ; 0.782      ;
; 0.528 ; spi_max7219:Inst_SPI|estado.GUARDAR         ; spi_max7219:Inst_SPI|estado.ESPERA          ; reloj_1mhz   ; reloj_1mhz  ; 0.000        ; 0.070      ; 0.793      ;
; 0.532 ; spi_max7219:Inst_SPI|paso_inicio[2]         ; spi_max7219:Inst_SPI|estado.INICIO_ARRANQUE ; reloj_1mhz   ; reloj_1mhz  ; 0.000        ; 0.070      ; 0.797      ;
; 0.619 ; spi_max7219:Inst_SPI|cont_fila[3]           ; spi_max7219:Inst_SPI|reg_desplazamiento[11] ; reloj_1mhz   ; reloj_1mhz  ; 0.000        ; 0.070      ; 0.884      ;
; 0.653 ; spi_max7219:Inst_SPI|paso_inicio[0]         ; spi_max7219:Inst_SPI|paso_inicio[1]         ; reloj_1mhz   ; reloj_1mhz  ; 0.000        ; 0.070      ; 0.918      ;
; 0.657 ; juego_vibora:Inst_Juego|rand_x[0]           ; juego_vibora:Inst_Juego|rand_x[1]           ; reloj_1mhz   ; reloj_1mhz  ; 0.000        ; 0.071      ; 0.923      ;
; 0.699 ; juego_vibora:Inst_Juego|rand_y[1]           ; juego_vibora:Inst_Juego|rand_y[2]           ; reloj_1mhz   ; reloj_1mhz  ; 0.000        ; 0.071      ; 0.965      ;
; 0.745 ; spi_max7219:Inst_SPI|cont_fila[2]           ; spi_max7219:Inst_SPI|cont_fila[3]           ; reloj_1mhz   ; reloj_1mhz  ; 0.000        ; 0.070      ; 1.010      ;
; 0.752 ; spi_max7219:Inst_SPI|estado.GUARDAR         ; spi_max7219:Inst_SPI|paso_inicio[2]         ; reloj_1mhz   ; reloj_1mhz  ; 0.000        ; 0.070      ; 1.017      ;
; 0.757 ; spi_max7219:Inst_SPI|paso_inicio[2]         ; spi_max7219:Inst_SPI|estado.ESPERA          ; reloj_1mhz   ; reloj_1mhz  ; 0.000        ; 0.070      ; 1.022      ;
; 0.767 ; spi_max7219:Inst_SPI|estado.INICIO_ENVIO    ; spi_max7219:Inst_SPI|estado.GUARDAR         ; reloj_1mhz   ; reloj_1mhz  ; 0.000        ; 0.070      ; 1.032      ;
; 0.774 ; spi_max7219:Inst_SPI|estado.GUARDAR         ; spi_max7219:Inst_SPI|paso_inicio[1]         ; reloj_1mhz   ; reloj_1mhz  ; 0.000        ; 0.070      ; 1.039      ;
; 0.777 ; spi_max7219:Inst_SPI|estado.GUARDAR         ; spi_max7219:Inst_SPI|cs                     ; reloj_1mhz   ; reloj_1mhz  ; 0.000        ; 0.070      ; 1.042      ;
; 0.777 ; spi_max7219:Inst_SPI|estado.INICIO_ARRANQUE ; spi_max7219:Inst_SPI|estado.INICIO_ENVIO    ; reloj_1mhz   ; reloj_1mhz  ; 0.000        ; 0.070      ; 1.042      ;
; 0.780 ; spi_max7219:Inst_SPI|paso_inicio[2]         ; spi_max7219:Inst_SPI|estado.INICIO_ENVIO    ; reloj_1mhz   ; reloj_1mhz  ; 0.000        ; 0.070      ; 1.045      ;
; 0.809 ; juego_vibora:Inst_Juego|rand_x[2]           ; juego_vibora:Inst_Juego|rand_y[0]           ; reloj_1mhz   ; reloj_1mhz  ; 0.000        ; 0.071      ; 1.075      ;
; 0.809 ; spi_max7219:Inst_SPI|estado.GUARDAR         ; spi_max7219:Inst_SPI|paso_inicio[0]         ; reloj_1mhz   ; reloj_1mhz  ; 0.000        ; 0.070      ; 1.074      ;
; 0.827 ; spi_max7219:Inst_SPI|estado.GUARDAR         ; spi_max7219:Inst_SPI|estado.INICIO_ARRANQUE ; reloj_1mhz   ; reloj_1mhz  ; 0.000        ; 0.070      ; 1.092      ;
; 0.829 ; spi_max7219:Inst_SPI|cont_bits[0]           ; spi_max7219:Inst_SPI|cont_bits[2]           ; reloj_1mhz   ; reloj_1mhz  ; 0.000        ; 0.070      ; 1.094      ;
; 0.846 ; spi_max7219:Inst_SPI|estado.INICIO_ARRANQUE ; spi_max7219:Inst_SPI|reg_desplazamiento[11] ; reloj_1mhz   ; reloj_1mhz  ; 0.000        ; 0.070      ; 1.111      ;
; 0.849 ; spi_max7219:Inst_SPI|estado.INICIO_ARRANQUE ; spi_max7219:Inst_SPI|estado.ESPERA          ; reloj_1mhz   ; reloj_1mhz  ; 0.000        ; 0.070      ; 1.114      ;
; 0.852 ; spi_max7219:Inst_SPI|estado.ESPERA          ; spi_max7219:Inst_SPI|estado.CARGAR_FILA     ; reloj_1mhz   ; reloj_1mhz  ; 0.000        ; 0.070      ; 1.117      ;
; 0.861 ; juego_vibora:Inst_Juego|rand_x[1]           ; juego_vibora:Inst_Juego|rand_y[1]           ; reloj_1mhz   ; reloj_1mhz  ; 0.000        ; 0.071      ; 1.127      ;
; 0.863 ; juego_vibora:Inst_Juego|rand_x[1]           ; juego_vibora:Inst_Juego|rand_y[2]           ; reloj_1mhz   ; reloj_1mhz  ; 0.000        ; 0.071      ; 1.129      ;
; 0.891 ; spi_max7219:Inst_SPI|estado.ESPERA          ; spi_max7219:Inst_SPI|cs                     ; reloj_1mhz   ; reloj_1mhz  ; 0.000        ; 0.070      ; 1.156      ;
; 0.894 ; juego_vibora:Inst_Juego|rand_x[0]           ; juego_vibora:Inst_Juego|rand_x[2]           ; reloj_1mhz   ; reloj_1mhz  ; 0.000        ; 0.071      ; 1.160      ;
; 0.917 ; spi_max7219:Inst_SPI|paso_inicio[0]         ; spi_max7219:Inst_SPI|paso_inicio[2]         ; reloj_1mhz   ; reloj_1mhz  ; 0.000        ; 0.070      ; 1.182      ;
; 0.943 ; juego_vibora:Inst_Juego|rand_y[0]           ; juego_vibora:Inst_Juego|rand_y[0]           ; reloj_1mhz   ; reloj_1mhz  ; 0.000        ; 0.071      ; 1.209      ;
; 0.957 ; spi_max7219:Inst_SPI|paso_inicio[2]         ; spi_max7219:Inst_SPI|paso_inicio[1]         ; reloj_1mhz   ; reloj_1mhz  ; 0.000        ; 0.070      ; 1.222      ;
; 0.972 ; juego_vibora:Inst_Juego|rand_x[0]           ; juego_vibora:Inst_Juego|rand_x[0]           ; reloj_1mhz   ; reloj_1mhz  ; 0.000        ; 0.071      ; 1.238      ;
; 1.008 ; juego_vibora:Inst_Juego|rand_x[0]           ; juego_vibora:Inst_Juego|rand_y[1]           ; reloj_1mhz   ; reloj_1mhz  ; 0.000        ; 0.071      ; 1.274      ;
; 1.010 ; juego_vibora:Inst_Juego|rand_x[0]           ; juego_vibora:Inst_Juego|rand_y[2]           ; reloj_1mhz   ; reloj_1mhz  ; 0.000        ; 0.071      ; 1.276      ;
; 1.024 ; spi_max7219:Inst_SPI|cont_bits[0]           ; spi_max7219:Inst_SPI|cont_bits[1]           ; reloj_1mhz   ; reloj_1mhz  ; 0.000        ; 0.056      ; 1.275      ;
; 1.070 ; juego_vibora:Inst_Juego|rand_x[2]           ; juego_vibora:Inst_Juego|rand_y[1]           ; reloj_1mhz   ; reloj_1mhz  ; 0.000        ; 0.071      ; 1.336      ;
; 1.072 ; juego_vibora:Inst_Juego|rand_x[2]           ; juego_vibora:Inst_Juego|rand_y[2]           ; reloj_1mhz   ; reloj_1mhz  ; 0.000        ; 0.071      ; 1.338      ;
; 1.077 ; juego_vibora:Inst_Juego|rand_y[0]           ; juego_vibora:Inst_Juego|rand_y[1]           ; reloj_1mhz   ; reloj_1mhz  ; 0.000        ; 0.071      ; 1.343      ;
; 1.079 ; juego_vibora:Inst_Juego|rand_y[0]           ; juego_vibora:Inst_Juego|rand_y[2]           ; reloj_1mhz   ; reloj_1mhz  ; 0.000        ; 0.071      ; 1.345      ;
; 1.094 ; juego_vibora:Inst_Juego|rand_x[1]           ; juego_vibora:Inst_Juego|rand_y[0]           ; reloj_1mhz   ; reloj_1mhz  ; 0.000        ; 0.071      ; 1.360      ;
; 1.113 ; juego_vibora:Inst_Juego|rand_x[0]           ; juego_vibora:Inst_Juego|rand_y[0]           ; reloj_1mhz   ; reloj_1mhz  ; 0.000        ; 0.071      ; 1.379      ;
; 1.145 ; spi_max7219:Inst_SPI|cont_bits[3]           ; spi_max7219:Inst_SPI|din                    ; reloj_1mhz   ; reloj_1mhz  ; 0.000        ; 0.056      ; 1.396      ;
; 1.190 ; spi_max7219:Inst_SPI|cont_bits[3]           ; spi_max7219:Inst_SPI|estado.ENVIAR_BITS     ; reloj_1mhz   ; reloj_1mhz  ; 0.000        ; 0.070      ; 1.455      ;
; 1.208 ; spi_max7219:Inst_SPI|cont_bits[1]           ; spi_max7219:Inst_SPI|cont_bits[3]           ; reloj_1mhz   ; reloj_1mhz  ; 0.000        ; 0.083      ; 1.486      ;
; 1.237 ; spi_max7219:Inst_SPI|estado.CARGAR_FILA     ; spi_max7219:Inst_SPI|reg_desplazamiento[9]  ; reloj_1mhz   ; reloj_1mhz  ; 0.000        ; 0.069      ; 1.501      ;
; 1.238 ; spi_max7219:Inst_SPI|estado.CARGAR_FILA     ; spi_max7219:Inst_SPI|reg_desplazamiento[8]  ; reloj_1mhz   ; reloj_1mhz  ; 0.000        ; 0.069      ; 1.502      ;
; 1.240 ; spi_max7219:Inst_SPI|estado.CARGAR_FILA     ; spi_max7219:Inst_SPI|reg_desplazamiento[10] ; reloj_1mhz   ; reloj_1mhz  ; 0.000        ; 0.069      ; 1.504      ;
; 1.246 ; spi_max7219:Inst_SPI|estado.CARGAR_FILA     ; spi_max7219:Inst_SPI|estado.ENVIAR_BITS     ; reloj_1mhz   ; reloj_1mhz  ; 0.000        ; 0.069      ; 1.510      ;
; 1.255 ; spi_max7219:Inst_SPI|paso_inicio[1]         ; spi_max7219:Inst_SPI|reg_desplazamiento[9]  ; reloj_1mhz   ; reloj_1mhz  ; 0.000        ; 0.069      ; 1.519      ;
; 1.259 ; spi_max7219:Inst_SPI|estado.CARGAR_FILA     ; spi_max7219:Inst_SPI|reg_desplazamiento[11] ; reloj_1mhz   ; reloj_1mhz  ; 0.000        ; 0.070      ; 1.524      ;
; 1.276 ; spi_max7219:Inst_SPI|paso_inicio[1]         ; spi_max7219:Inst_SPI|reg_desplazamiento[10] ; reloj_1mhz   ; reloj_1mhz  ; 0.000        ; 0.069      ; 1.540      ;
; 1.278 ; spi_max7219:Inst_SPI|estado.INICIO_ARRANQUE ; spi_max7219:Inst_SPI|cont_bits[0]           ; reloj_1mhz   ; reloj_1mhz  ; 0.000        ; 0.069      ; 1.542      ;
; 1.283 ; spi_max7219:Inst_SPI|paso_inicio[0]         ; spi_max7219:Inst_SPI|reg_desplazamiento[9]  ; reloj_1mhz   ; reloj_1mhz  ; 0.000        ; 0.069      ; 1.547      ;
; 1.303 ; spi_max7219:Inst_SPI|paso_inicio[0]         ; spi_max7219:Inst_SPI|reg_desplazamiento[8]  ; reloj_1mhz   ; reloj_1mhz  ; 0.000        ; 0.069      ; 1.567      ;
; 1.311 ; spi_max7219:Inst_SPI|estado.INICIO_ENVIO    ; spi_max7219:Inst_SPI|cs                     ; reloj_1mhz   ; reloj_1mhz  ; 0.000        ; 0.070      ; 1.576      ;
; 1.313 ; spi_max7219:Inst_SPI|paso_inicio[0]         ; spi_max7219:Inst_SPI|reg_desplazamiento[10] ; reloj_1mhz   ; reloj_1mhz  ; 0.000        ; 0.069      ; 1.577      ;
; 1.319 ; spi_max7219:Inst_SPI|estado.INICIO_ARRANQUE ; spi_max7219:Inst_SPI|cs                     ; reloj_1mhz   ; reloj_1mhz  ; 0.000        ; 0.070      ; 1.584      ;
; 1.341 ; spi_max7219:Inst_SPI|cont_bits[3]           ; spi_max7219:Inst_SPI|estado.INICIO_ENVIO    ; reloj_1mhz   ; reloj_1mhz  ; 0.000        ; 0.071      ; 1.607      ;
; 1.350 ; spi_max7219:Inst_SPI|estado.ENVIAR_BITS     ; spi_max7219:Inst_SPI|din                    ; reloj_1mhz   ; reloj_1mhz  ; 0.000        ; 0.056      ; 1.601      ;
; 1.352 ; spi_max7219:Inst_SPI|paso_inicio[2]         ; spi_max7219:Inst_SPI|cs                     ; reloj_1mhz   ; reloj_1mhz  ; 0.000        ; 0.070      ; 1.617      ;
; 1.355 ; spi_max7219:Inst_SPI|cont_bits[1]           ; spi_max7219:Inst_SPI|cont_bits[2]           ; reloj_1mhz   ; reloj_1mhz  ; 0.000        ; 0.083      ; 1.633      ;
; 1.381 ; spi_max7219:Inst_SPI|estado.GUARDAR         ; spi_max7219:Inst_SPI|cont_fila[2]           ; reloj_1mhz   ; reloj_1mhz  ; 0.000        ; 0.070      ; 1.646      ;
; 1.386 ; spi_max7219:Inst_SPI|cont_fila[0]           ; spi_max7219:Inst_SPI|cont_fila[2]           ; reloj_1mhz   ; reloj_1mhz  ; 0.000        ; 0.097      ; 1.678      ;
; 1.386 ; spi_max7219:Inst_SPI|cont_fila[0]           ; spi_max7219:Inst_SPI|cont_fila[3]           ; reloj_1mhz   ; reloj_1mhz  ; 0.000        ; 0.097      ; 1.678      ;
; 1.394 ; spi_max7219:Inst_SPI|cont_bits[2]           ; spi_max7219:Inst_SPI|din                    ; reloj_1mhz   ; reloj_1mhz  ; 0.000        ; 0.056      ; 1.645      ;
; 1.395 ; spi_max7219:Inst_SPI|estado.ENVIAR_BITS     ; spi_max7219:Inst_SPI|cont_bits[0]           ; reloj_1mhz   ; reloj_1mhz  ; 0.000        ; 0.070      ; 1.660      ;
; 1.421 ; spi_max7219:Inst_SPI|estado.ENVIAR_BITS     ; spi_max7219:Inst_SPI|estado.GUARDAR         ; reloj_1mhz   ; reloj_1mhz  ; 0.000        ; 0.071      ; 1.687      ;
; 1.422 ; spi_max7219:Inst_SPI|cont_bits[2]           ; spi_max7219:Inst_SPI|estado.ENVIAR_BITS     ; reloj_1mhz   ; reloj_1mhz  ; 0.000        ; 0.070      ; 1.687      ;
; 1.429 ; spi_max7219:Inst_SPI|cont_bits[0]           ; spi_max7219:Inst_SPI|estado.ENVIAR_BITS     ; reloj_1mhz   ; reloj_1mhz  ; 0.000        ; 0.070      ; 1.694      ;
; 1.529 ; spi_max7219:Inst_SPI|paso_inicio[2]         ; spi_max7219:Inst_SPI|reg_desplazamiento[11] ; reloj_1mhz   ; reloj_1mhz  ; 0.000        ; 0.070      ; 1.794      ;
+-------+---------------------------------------------+---------------------------------------------+--------------+-------------+--------------+------------+------------+


----------------------------------------------
; Slow 1200mV 0C Model Metastability Summary ;
----------------------------------------------
No synchronizer chains to report.


+--------------------------------------+
; Fast 1200mV 0C Model Setup Summary   ;
+-------------+--------+---------------+
; Clock       ; Slack  ; End Point TNS ;
+-------------+--------+---------------+
; reloj_1mhz  ; -4.689 ; -43.765       ;
; reloj_juego ; -4.246 ; -1525.771     ;
; reloj_50mhz ; -2.354 ; -114.662      ;
+-------------+--------+---------------+


+-------------------------------------+
; Fast 1200mV 0C Model Hold Summary   ;
+-------------+-------+---------------+
; Clock       ; Slack ; End Point TNS ;
+-------------+-------+---------------+
; reloj_50mhz ; 0.178 ; 0.000         ;
; reloj_1mhz  ; 0.184 ; 0.000         ;
; reloj_juego ; 0.186 ; 0.000         ;
+-------------+-------+---------------+


-----------------------------------------
; Fast 1200mV 0C Model Recovery Summary ;
-----------------------------------------
No paths to report.


----------------------------------------
; Fast 1200mV 0C Model Removal Summary ;
----------------------------------------
No paths to report.


+--------------------------------------------------+
; Fast 1200mV 0C Model Minimum Pulse Width Summary ;
+-------------+--------+---------------------------+
; Clock       ; Slack  ; End Point TNS             ;
+-------------+--------+---------------------------+
; reloj_50mhz ; -3.000 ; -113.262                  ;
; reloj_juego ; -1.000 ; -407.000                  ;
; reloj_1mhz  ; -1.000 ; -37.000                   ;
+-------------+--------+---------------------------+


+----------------------------------------------------------------------------------------------------------------------------------------------------------------------+
; Fast 1200mV 0C Model Setup: 'reloj_1mhz'                                                                                                                             ;
+--------+------------------------------------------+--------------------------------------------+--------------+-------------+--------------+------------+------------+
; Slack  ; From Node                                ; To Node                                    ; Launch Clock ; Latch Clock ; Relationship ; Clock Skew ; Data Delay ;
+--------+------------------------------------------+--------------------------------------------+--------------+-------------+--------------+------------+------------+
; -4.689 ; juego_vibora:Inst_Juego|tamano_vibora[2] ; spi_max7219:Inst_SPI|reg_desplazamiento[2] ; reloj_juego  ; reloj_1mhz  ; 0.500        ; 0.252      ; 5.428      ;
; -4.672 ; juego_vibora:Inst_Juego|tamano_vibora[5] ; spi_max7219:Inst_SPI|reg_desplazamiento[2] ; reloj_juego  ; reloj_1mhz  ; 0.500        ; 0.252      ; 5.411      ;
; -4.630 ; juego_vibora:Inst_Juego|tamano_vibora[2] ; spi_max7219:Inst_SPI|reg_desplazamiento[3] ; reloj_juego  ; reloj_1mhz  ; 0.500        ; 0.260      ; 5.377      ;
; -4.604 ; juego_vibora:Inst_Juego|tamano_vibora[2] ; spi_max7219:Inst_SPI|reg_desplazamiento[0] ; reloj_juego  ; reloj_1mhz  ; 0.500        ; 0.273      ; 5.364      ;
; -4.602 ; juego_vibora:Inst_Juego|tamano_vibora[6] ; spi_max7219:Inst_SPI|reg_desplazamiento[2] ; reloj_juego  ; reloj_1mhz  ; 0.500        ; 0.252      ; 5.341      ;
; -4.584 ; juego_vibora:Inst_Juego|tamano_vibora[4] ; spi_max7219:Inst_SPI|reg_desplazamiento[2] ; reloj_juego  ; reloj_1mhz  ; 0.500        ; 0.252      ; 5.323      ;
; -4.578 ; juego_vibora:Inst_Juego|tamano_vibora[3] ; spi_max7219:Inst_SPI|reg_desplazamiento[0] ; reloj_juego  ; reloj_1mhz  ; 0.500        ; 0.273      ; 5.338      ;
; -4.572 ; juego_vibora:Inst_Juego|tamano_vibora[1] ; spi_max7219:Inst_SPI|reg_desplazamiento[2] ; reloj_juego  ; reloj_1mhz  ; 0.500        ; 0.252      ; 5.311      ;
; -4.568 ; juego_vibora:Inst_Juego|vibora[16].y[1]  ; spi_max7219:Inst_SPI|reg_desplazamiento[2] ; reloj_juego  ; reloj_1mhz  ; 0.500        ; 0.053      ; 5.108      ;
; -4.540 ; juego_vibora:Inst_Juego|tamano_vibora[3] ; spi_max7219:Inst_SPI|reg_desplazamiento[3] ; reloj_juego  ; reloj_1mhz  ; 0.500        ; 0.260      ; 5.287      ;
; -4.526 ; juego_vibora:Inst_Juego|tamano_vibora[0] ; spi_max7219:Inst_SPI|reg_desplazamiento[2] ; reloj_juego  ; reloj_1mhz  ; 0.500        ; 0.253      ; 5.266      ;
; -4.515 ; juego_vibora:Inst_Juego|tamano_vibora[5] ; spi_max7219:Inst_SPI|reg_desplazamiento[3] ; reloj_juego  ; reloj_1mhz  ; 0.500        ; 0.260      ; 5.262      ;
; -4.501 ; juego_vibora:Inst_Juego|tamano_vibora[2] ; spi_max7219:Inst_SPI|reg_desplazamiento[6] ; reloj_juego  ; reloj_1mhz  ; 0.500        ; 0.257      ; 5.245      ;
; -4.496 ; juego_vibora:Inst_Juego|tamano_vibora[1] ; spi_max7219:Inst_SPI|reg_desplazamiento[3] ; reloj_juego  ; reloj_1mhz  ; 0.500        ; 0.260      ; 5.243      ;
; -4.495 ; juego_vibora:Inst_Juego|vibora[38].x[1]  ; spi_max7219:Inst_SPI|reg_desplazamiento[4] ; reloj_juego  ; reloj_1mhz  ; 0.500        ; 0.049      ; 5.031      ;
; -4.491 ; juego_vibora:Inst_Juego|vibora[28].y[1]  ; spi_max7219:Inst_SPI|reg_desplazamiento[3] ; reloj_juego  ; reloj_1mhz  ; 0.500        ; 0.072      ; 5.050      ;
; -4.488 ; juego_vibora:Inst_Juego|tamano_vibora[3] ; spi_max7219:Inst_SPI|reg_desplazamiento[2] ; reloj_juego  ; reloj_1mhz  ; 0.500        ; 0.252      ; 5.227      ;
; -4.481 ; juego_vibora:Inst_Juego|tamano_vibora[5] ; spi_max7219:Inst_SPI|reg_desplazamiento[6] ; reloj_juego  ; reloj_1mhz  ; 0.500        ; 0.257      ; 5.225      ;
; -4.480 ; juego_vibora:Inst_Juego|tamano_vibora[3] ; spi_max7219:Inst_SPI|reg_desplazamiento[6] ; reloj_juego  ; reloj_1mhz  ; 0.500        ; 0.257      ; 5.224      ;
; -4.461 ; juego_vibora:Inst_Juego|tamano_vibora[6] ; spi_max7219:Inst_SPI|reg_desplazamiento[1] ; reloj_juego  ; reloj_1mhz  ; 0.500        ; 0.264      ; 5.212      ;
; -4.457 ; juego_vibora:Inst_Juego|tamano_vibora[6] ; spi_max7219:Inst_SPI|reg_desplazamiento[3] ; reloj_juego  ; reloj_1mhz  ; 0.500        ; 0.260      ; 5.204      ;
; -4.444 ; juego_vibora:Inst_Juego|tamano_vibora[2] ; spi_max7219:Inst_SPI|reg_desplazamiento[4] ; reloj_juego  ; reloj_1mhz  ; 0.500        ; 0.255      ; 5.186      ;
; -4.443 ; juego_vibora:Inst_Juego|tamano_vibora[2] ; spi_max7219:Inst_SPI|reg_desplazamiento[1] ; reloj_juego  ; reloj_1mhz  ; 0.500        ; 0.264      ; 5.194      ;
; -4.439 ; juego_vibora:Inst_Juego|tamano_vibora[2] ; spi_max7219:Inst_SPI|reg_desplazamiento[5] ; reloj_juego  ; reloj_1mhz  ; 0.500        ; 0.273      ; 5.199      ;
; -4.435 ; juego_vibora:Inst_Juego|tamano_vibora[6] ; spi_max7219:Inst_SPI|reg_desplazamiento[7] ; reloj_juego  ; reloj_1mhz  ; 0.500        ; 0.258      ; 5.180      ;
; -4.431 ; juego_vibora:Inst_Juego|tamano_vibora[1] ; spi_max7219:Inst_SPI|reg_desplazamiento[6] ; reloj_juego  ; reloj_1mhz  ; 0.500        ; 0.257      ; 5.175      ;
; -4.431 ; juego_vibora:Inst_Juego|tamano_vibora[3] ; spi_max7219:Inst_SPI|reg_desplazamiento[1] ; reloj_juego  ; reloj_1mhz  ; 0.500        ; 0.264      ; 5.182      ;
; -4.431 ; juego_vibora:Inst_Juego|tamano_vibora[4] ; spi_max7219:Inst_SPI|reg_desplazamiento[4] ; reloj_juego  ; reloj_1mhz  ; 0.500        ; 0.255      ; 5.173      ;
; -4.423 ; juego_vibora:Inst_Juego|tamano_vibora[5] ; spi_max7219:Inst_SPI|reg_desplazamiento[1] ; reloj_juego  ; reloj_1mhz  ; 0.500        ; 0.264      ; 5.174      ;
; -4.418 ; juego_vibora:Inst_Juego|tamano_vibora[3] ; spi_max7219:Inst_SPI|reg_desplazamiento[4] ; reloj_juego  ; reloj_1mhz  ; 0.500        ; 0.255      ; 5.160      ;
; -4.418 ; juego_vibora:Inst_Juego|tamano_vibora[5] ; spi_max7219:Inst_SPI|reg_desplazamiento[5] ; reloj_juego  ; reloj_1mhz  ; 0.500        ; 0.273      ; 5.178      ;
; -4.415 ; juego_vibora:Inst_Juego|tamano_vibora[4] ; spi_max7219:Inst_SPI|reg_desplazamiento[1] ; reloj_juego  ; reloj_1mhz  ; 0.500        ; 0.264      ; 5.166      ;
; -4.414 ; juego_vibora:Inst_Juego|tamano_vibora[4] ; spi_max7219:Inst_SPI|reg_desplazamiento[3] ; reloj_juego  ; reloj_1mhz  ; 0.500        ; 0.260      ; 5.161      ;
; -4.413 ; juego_vibora:Inst_Juego|tamano_vibora[3] ; spi_max7219:Inst_SPI|reg_desplazamiento[5] ; reloj_juego  ; reloj_1mhz  ; 0.500        ; 0.273      ; 5.173      ;
; -4.411 ; juego_vibora:Inst_Juego|tamano_vibora[6] ; spi_max7219:Inst_SPI|reg_desplazamiento[6] ; reloj_juego  ; reloj_1mhz  ; 0.500        ; 0.257      ; 5.155      ;
; -4.408 ; juego_vibora:Inst_Juego|tamano_vibora[1] ; spi_max7219:Inst_SPI|reg_desplazamiento[0] ; reloj_juego  ; reloj_1mhz  ; 0.500        ; 0.273      ; 5.168      ;
; -4.402 ; juego_vibora:Inst_Juego|tamano_vibora[5] ; spi_max7219:Inst_SPI|reg_desplazamiento[0] ; reloj_juego  ; reloj_1mhz  ; 0.500        ; 0.273      ; 5.162      ;
; -4.402 ; juego_vibora:Inst_Juego|tamano_vibora[2] ; spi_max7219:Inst_SPI|reg_desplazamiento[7] ; reloj_juego  ; reloj_1mhz  ; 0.500        ; 0.258      ; 5.147      ;
; -4.397 ; juego_vibora:Inst_Juego|tamano_vibora[5] ; spi_max7219:Inst_SPI|reg_desplazamiento[7] ; reloj_juego  ; reloj_1mhz  ; 0.500        ; 0.258      ; 5.142      ;
; -4.391 ; juego_vibora:Inst_Juego|vibora[17].y[2]  ; spi_max7219:Inst_SPI|reg_desplazamiento[1] ; reloj_juego  ; reloj_1mhz  ; 0.500        ; 0.049      ; 4.927      ;
; -4.388 ; juego_vibora:Inst_Juego|vibora[48].y[2]  ; spi_max7219:Inst_SPI|reg_desplazamiento[7] ; reloj_juego  ; reloj_1mhz  ; 0.500        ; 0.066      ; 4.941      ;
; -4.373 ; juego_vibora:Inst_Juego|tamano_vibora[1] ; spi_max7219:Inst_SPI|reg_desplazamiento[1] ; reloj_juego  ; reloj_1mhz  ; 0.500        ; 0.264      ; 5.124      ;
; -4.367 ; juego_vibora:Inst_Juego|tamano_vibora[0] ; spi_max7219:Inst_SPI|reg_desplazamiento[6] ; reloj_juego  ; reloj_1mhz  ; 0.500        ; 0.258      ; 5.112      ;
; -4.365 ; juego_vibora:Inst_Juego|tamano_vibora[3] ; spi_max7219:Inst_SPI|reg_desplazamiento[7] ; reloj_juego  ; reloj_1mhz  ; 0.500        ; 0.258      ; 5.110      ;
; -4.364 ; juego_vibora:Inst_Juego|vibora[48].y[2]  ; spi_max7219:Inst_SPI|reg_desplazamiento[5] ; reloj_juego  ; reloj_1mhz  ; 0.500        ; 0.081      ; 4.932      ;
; -4.354 ; juego_vibora:Inst_Juego|tamano_vibora[0] ; spi_max7219:Inst_SPI|reg_desplazamiento[3] ; reloj_juego  ; reloj_1mhz  ; 0.500        ; 0.261      ; 5.102      ;
; -4.348 ; juego_vibora:Inst_Juego|tamano_vibora[6] ; spi_max7219:Inst_SPI|reg_desplazamiento[5] ; reloj_juego  ; reloj_1mhz  ; 0.500        ; 0.273      ; 5.108      ;
; -4.347 ; juego_vibora:Inst_Juego|vibora[55].y[0]  ; spi_max7219:Inst_SPI|reg_desplazamiento[1] ; reloj_juego  ; reloj_1mhz  ; 0.500        ; 0.065      ; 4.899      ;
; -4.347 ; juego_vibora:Inst_Juego|tamano_vibora[1] ; spi_max7219:Inst_SPI|reg_desplazamiento[7] ; reloj_juego  ; reloj_1mhz  ; 0.500        ; 0.258      ; 5.092      ;
; -4.346 ; juego_vibora:Inst_Juego|vibora[20].y[0]  ; spi_max7219:Inst_SPI|reg_desplazamiento[0] ; reloj_juego  ; reloj_1mhz  ; 0.500        ; 0.089      ; 4.922      ;
; -4.337 ; juego_vibora:Inst_Juego|tamano_vibora[4] ; spi_max7219:Inst_SPI|reg_desplazamiento[7] ; reloj_juego  ; reloj_1mhz  ; 0.500        ; 0.258      ; 5.082      ;
; -4.336 ; juego_vibora:Inst_Juego|vibora[22].x[0]  ; spi_max7219:Inst_SPI|reg_desplazamiento[0] ; reloj_juego  ; reloj_1mhz  ; 0.500        ; 0.278      ; 5.101      ;
; -4.332 ; juego_vibora:Inst_Juego|tamano_vibora[6] ; spi_max7219:Inst_SPI|reg_desplazamiento[0] ; reloj_juego  ; reloj_1mhz  ; 0.500        ; 0.273      ; 5.092      ;
; -4.331 ; juego_vibora:Inst_Juego|tamano_vibora[6] ; spi_max7219:Inst_SPI|reg_desplazamiento[4] ; reloj_juego  ; reloj_1mhz  ; 0.500        ; 0.255      ; 5.073      ;
; -4.324 ; juego_vibora:Inst_Juego|tamano_vibora[5] ; spi_max7219:Inst_SPI|reg_desplazamiento[4] ; reloj_juego  ; reloj_1mhz  ; 0.500        ; 0.255      ; 5.066      ;
; -4.318 ; juego_vibora:Inst_Juego|tamano_vibora[1] ; spi_max7219:Inst_SPI|reg_desplazamiento[5] ; reloj_juego  ; reloj_1mhz  ; 0.500        ; 0.273      ; 5.078      ;
; -4.307 ; juego_vibora:Inst_Juego|vibora[53].y[0]  ; spi_max7219:Inst_SPI|reg_desplazamiento[1] ; reloj_juego  ; reloj_1mhz  ; 0.500        ; 0.067      ; 4.861      ;
; -4.297 ; juego_vibora:Inst_Juego|tamano_vibora[4] ; spi_max7219:Inst_SPI|reg_desplazamiento[0] ; reloj_juego  ; reloj_1mhz  ; 0.500        ; 0.273      ; 5.057      ;
; -4.292 ; juego_vibora:Inst_Juego|vibora[49].y[2]  ; spi_max7219:Inst_SPI|reg_desplazamiento[1] ; reloj_juego  ; reloj_1mhz  ; 0.500        ; 0.063      ; 4.842      ;
; -4.288 ; juego_vibora:Inst_Juego|vibora[34].y[0]  ; spi_max7219:Inst_SPI|reg_desplazamiento[6] ; reloj_juego  ; reloj_1mhz  ; 0.500        ; 0.048      ; 4.823      ;
; -4.278 ; juego_vibora:Inst_Juego|vibora[60].y[2]  ; spi_max7219:Inst_SPI|reg_desplazamiento[2] ; reloj_juego  ; reloj_1mhz  ; 0.500        ; 0.057      ; 4.822      ;
; -4.276 ; juego_vibora:Inst_Juego|vibora[0].y[2]   ; spi_max7219:Inst_SPI|reg_desplazamiento[2] ; reloj_juego  ; reloj_1mhz  ; 0.500        ; 0.251      ; 5.014      ;
; -4.272 ; juego_vibora:Inst_Juego|tamano_vibora[0] ; spi_max7219:Inst_SPI|reg_desplazamiento[5] ; reloj_juego  ; reloj_1mhz  ; 0.500        ; 0.274      ; 5.033      ;
; -4.272 ; juego_vibora:Inst_Juego|tamano_vibora[0] ; spi_max7219:Inst_SPI|reg_desplazamiento[0] ; reloj_juego  ; reloj_1mhz  ; 0.500        ; 0.274      ; 5.033      ;
; -4.270 ; juego_vibora:Inst_Juego|tamano_vibora[4] ; spi_max7219:Inst_SPI|reg_desplazamiento[6] ; reloj_juego  ; reloj_1mhz  ; 0.500        ; 0.257      ; 5.014      ;
; -4.267 ; juego_vibora:Inst_Juego|vibora[63].x[2]  ; spi_max7219:Inst_SPI|reg_desplazamiento[2] ; reloj_juego  ; reloj_1mhz  ; 0.500        ; 0.048      ; 4.802      ;
; -4.262 ; juego_vibora:Inst_Juego|vibora[17].y[2]  ; spi_max7219:Inst_SPI|reg_desplazamiento[4] ; reloj_juego  ; reloj_1mhz  ; 0.500        ; 0.040      ; 4.789      ;
; -4.261 ; juego_vibora:Inst_Juego|vibora[48].y[2]  ; spi_max7219:Inst_SPI|reg_desplazamiento[2] ; reloj_juego  ; reloj_1mhz  ; 0.500        ; 0.060      ; 4.808      ;
; -4.256 ; juego_vibora:Inst_Juego|vibora[17].y[2]  ; spi_max7219:Inst_SPI|reg_desplazamiento[0] ; reloj_juego  ; reloj_1mhz  ; 0.500        ; 0.058      ; 4.801      ;
; -4.251 ; juego_vibora:Inst_Juego|tamano_vibora[0] ; spi_max7219:Inst_SPI|reg_desplazamiento[1] ; reloj_juego  ; reloj_1mhz  ; 0.500        ; 0.265      ; 5.003      ;
; -4.249 ; juego_vibora:Inst_Juego|vibora[28].y[0]  ; spi_max7219:Inst_SPI|reg_desplazamiento[3] ; reloj_juego  ; reloj_1mhz  ; 0.500        ; 0.072      ; 4.808      ;
; -4.248 ; juego_vibora:Inst_Juego|tamano_vibora[1] ; spi_max7219:Inst_SPI|reg_desplazamiento[4] ; reloj_juego  ; reloj_1mhz  ; 0.500        ; 0.255      ; 4.990      ;
; -4.248 ; juego_vibora:Inst_Juego|vibora[0].y[0]   ; spi_max7219:Inst_SPI|reg_desplazamiento[2] ; reloj_juego  ; reloj_1mhz  ; 0.500        ; 0.250      ; 4.985      ;
; -4.247 ; juego_vibora:Inst_Juego|vibora[31].y[1]  ; spi_max7219:Inst_SPI|reg_desplazamiento[3] ; reloj_juego  ; reloj_1mhz  ; 0.500        ; 0.068      ; 4.802      ;
; -4.243 ; juego_vibora:Inst_Juego|vibora[34].y[0]  ; spi_max7219:Inst_SPI|reg_desplazamiento[3] ; reloj_juego  ; reloj_1mhz  ; 0.500        ; 0.051      ; 4.781      ;
; -4.240 ; juego_vibora:Inst_Juego|vibora[12].y[0]  ; spi_max7219:Inst_SPI|reg_desplazamiento[2] ; reloj_juego  ; reloj_1mhz  ; 0.500        ; 0.027      ; 4.754      ;
; -4.240 ; juego_vibora:Inst_Juego|vibora[16].y[2]  ; spi_max7219:Inst_SPI|reg_desplazamiento[2] ; reloj_juego  ; reloj_1mhz  ; 0.500        ; 0.053      ; 4.780      ;
; -4.240 ; juego_vibora:Inst_Juego|vibora[16].y[1]  ; spi_max7219:Inst_SPI|reg_desplazamiento[4] ; reloj_juego  ; reloj_1mhz  ; 0.500        ; 0.056      ; 4.783      ;
; -4.239 ; juego_vibora:Inst_Juego|vibora[31].y[0]  ; spi_max7219:Inst_SPI|reg_desplazamiento[5] ; reloj_juego  ; reloj_1mhz  ; 0.500        ; 0.081      ; 4.807      ;
; -4.233 ; juego_vibora:Inst_Juego|vibora[31].y[0]  ; spi_max7219:Inst_SPI|reg_desplazamiento[0] ; reloj_juego  ; reloj_1mhz  ; 0.500        ; 0.081      ; 4.801      ;
; -4.228 ; juego_vibora:Inst_Juego|vibora[33].y[1]  ; spi_max7219:Inst_SPI|reg_desplazamiento[6] ; reloj_juego  ; reloj_1mhz  ; 0.500        ; 0.050      ; 4.765      ;
; -4.226 ; juego_vibora:Inst_Juego|tamano_vibora[0] ; spi_max7219:Inst_SPI|reg_desplazamiento[7] ; reloj_juego  ; reloj_1mhz  ; 0.500        ; 0.259      ; 4.972      ;
; -4.225 ; juego_vibora:Inst_Juego|vibora[5].y[2]   ; spi_max7219:Inst_SPI|reg_desplazamiento[2] ; reloj_juego  ; reloj_1mhz  ; 0.500        ; 0.040      ; 4.752      ;
; -4.225 ; juego_vibora:Inst_Juego|vibora[28].y[1]  ; spi_max7219:Inst_SPI|reg_desplazamiento[0] ; reloj_juego  ; reloj_1mhz  ; 0.500        ; 0.085      ; 4.797      ;
; -4.223 ; juego_vibora:Inst_Juego|vibora[0].y[1]   ; spi_max7219:Inst_SPI|reg_desplazamiento[2] ; reloj_juego  ; reloj_1mhz  ; 0.500        ; 0.250      ; 4.960      ;
; -4.222 ; juego_vibora:Inst_Juego|vibora[8].x[2]   ; spi_max7219:Inst_SPI|reg_desplazamiento[2] ; reloj_juego  ; reloj_1mhz  ; 0.500        ; 0.035      ; 4.744      ;
; -4.222 ; juego_vibora:Inst_Juego|vibora[33].y[1]  ; spi_max7219:Inst_SPI|reg_desplazamiento[3] ; reloj_juego  ; reloj_1mhz  ; 0.500        ; 0.053      ; 4.762      ;
; -4.221 ; juego_vibora:Inst_Juego|vibora[8].x[2]   ; spi_max7219:Inst_SPI|reg_desplazamiento[6] ; reloj_juego  ; reloj_1mhz  ; 0.500        ; 0.040      ; 4.748      ;
; -4.215 ; juego_vibora:Inst_Juego|vibora[63].y[2]  ; spi_max7219:Inst_SPI|reg_desplazamiento[1] ; reloj_juego  ; reloj_1mhz  ; 0.500        ; 0.060      ; 4.762      ;
; -4.213 ; juego_vibora:Inst_Juego|vibora[16].y[2]  ; spi_max7219:Inst_SPI|reg_desplazamiento[3] ; reloj_juego  ; reloj_1mhz  ; 0.500        ; 0.061      ; 4.761      ;
; -4.213 ; juego_vibora:Inst_Juego|vibora[0].y[1]   ; spi_max7219:Inst_SPI|reg_desplazamiento[3] ; reloj_juego  ; reloj_1mhz  ; 0.500        ; 0.258      ; 4.958      ;
; -4.209 ; juego_vibora:Inst_Juego|vibora[63].y[2]  ; spi_max7219:Inst_SPI|reg_desplazamiento[6] ; reloj_juego  ; reloj_1mhz  ; 0.500        ; 0.053      ; 4.749      ;
; -4.208 ; juego_vibora:Inst_Juego|vibora[31].y[0]  ; spi_max7219:Inst_SPI|reg_desplazamiento[3] ; reloj_juego  ; reloj_1mhz  ; 0.500        ; 0.068      ; 4.763      ;
; -4.208 ; juego_vibora:Inst_Juego|vibora[12].y[2]  ; spi_max7219:Inst_SPI|reg_desplazamiento[2] ; reloj_juego  ; reloj_1mhz  ; 0.500        ; 0.027      ; 4.722      ;
; -4.207 ; juego_vibora:Inst_Juego|vibora[53].y[2]  ; spi_max7219:Inst_SPI|reg_desplazamiento[1] ; reloj_juego  ; reloj_1mhz  ; 0.500        ; 0.067      ; 4.761      ;
; -4.206 ; juego_vibora:Inst_Juego|vibora[53].y[2]  ; spi_max7219:Inst_SPI|reg_desplazamiento[2] ; reloj_juego  ; reloj_1mhz  ; 0.500        ; 0.055      ; 4.748      ;
; -4.204 ; juego_vibora:Inst_Juego|vibora[9].y[1]   ; spi_max7219:Inst_SPI|reg_desplazamiento[2] ; reloj_juego  ; reloj_1mhz  ; 0.500        ; 0.038      ; 4.729      ;
; -4.202 ; juego_vibora:Inst_Juego|tamano_vibora[4] ; spi_max7219:Inst_SPI|reg_desplazamiento[5] ; reloj_juego  ; reloj_1mhz  ; 0.500        ; 0.273      ; 4.962      ;
; -4.199 ; juego_vibora:Inst_Juego|vibora[38].x[1]  ; spi_max7219:Inst_SPI|reg_desplazamiento[2] ; reloj_juego  ; reloj_1mhz  ; 0.500        ; 0.046      ; 4.732      ;
; -4.196 ; juego_vibora:Inst_Juego|vibora[17].y[2]  ; spi_max7219:Inst_SPI|reg_desplazamiento[2] ; reloj_juego  ; reloj_1mhz  ; 0.500        ; 0.037      ; 4.720      ;
+--------+------------------------------------------+--------------------------------------------+--------------+-------------+--------------+------------+------------+


+-------------------------------------------------------------------------------------------------------------------------------------------------------------------+
; Fast 1200mV 0C Model Setup: 'reloj_juego'                                                                                                                         ;
+--------+------------------------------------------+-----------------------------------------+--------------+-------------+--------------+------------+------------+
; Slack  ; From Node                                ; To Node                                 ; Launch Clock ; Latch Clock ; Relationship ; Clock Skew ; Data Delay ;
+--------+------------------------------------------+-----------------------------------------+--------------+-------------+--------------+------------+------------+
; -4.246 ; juego_vibora:Inst_Juego|dir_actual[0]    ; juego_vibora:Inst_Juego|vibora[10].y[2] ; reloj_juego  ; reloj_juego ; 1.000        ; 0.154      ; 5.387      ;
; -4.152 ; juego_vibora:Inst_Juego|vibora[0].y[2]   ; juego_vibora:Inst_Juego|vibora[10].y[2] ; reloj_juego  ; reloj_juego ; 1.000        ; 0.155      ; 5.294      ;
; -4.132 ; juego_vibora:Inst_Juego|tamano_vibora[2] ; juego_vibora:Inst_Juego|vibora[10].y[2] ; reloj_juego  ; reloj_juego ; 1.000        ; 0.156      ; 5.275      ;
; -4.121 ; juego_vibora:Inst_Juego|vibora[0].y[0]   ; juego_vibora:Inst_Juego|vibora[10].y[2] ; reloj_juego  ; reloj_juego ; 1.000        ; 0.154      ; 5.262      ;
; -4.113 ; juego_vibora:Inst_Juego|vibora[0].x[0]   ; juego_vibora:Inst_Juego|vibora[10].y[2] ; reloj_juego  ; reloj_juego ; 1.000        ; 0.154      ; 5.254      ;
; -4.102 ; juego_vibora:Inst_Juego|dir_actual[1]    ; juego_vibora:Inst_Juego|vibora[10].y[2] ; reloj_juego  ; reloj_juego ; 1.000        ; 0.154      ; 5.243      ;
; -4.095 ; juego_vibora:Inst_Juego|tamano_vibora[5] ; juego_vibora:Inst_Juego|vibora[10].y[2] ; reloj_juego  ; reloj_juego ; 1.000        ; 0.156      ; 5.238      ;
; -4.085 ; juego_vibora:Inst_Juego|dir_actual[0]    ; juego_vibora:Inst_Juego|vibora[14].y[2] ; reloj_juego  ; reloj_juego ; 1.000        ; 0.174      ; 5.246      ;
; -4.085 ; juego_vibora:Inst_Juego|dir_actual[0]    ; juego_vibora:Inst_Juego|vibora[14].x[2] ; reloj_juego  ; reloj_juego ; 1.000        ; 0.174      ; 5.246      ;
; -4.085 ; juego_vibora:Inst_Juego|dir_actual[0]    ; juego_vibora:Inst_Juego|vibora[14].x[0] ; reloj_juego  ; reloj_juego ; 1.000        ; 0.174      ; 5.246      ;
; -4.085 ; juego_vibora:Inst_Juego|dir_actual[0]    ; juego_vibora:Inst_Juego|vibora[14].y[1] ; reloj_juego  ; reloj_juego ; 1.000        ; 0.174      ; 5.246      ;
; -4.085 ; juego_vibora:Inst_Juego|dir_actual[0]    ; juego_vibora:Inst_Juego|vibora[14].x[1] ; reloj_juego  ; reloj_juego ; 1.000        ; 0.174      ; 5.246      ;
; -4.085 ; juego_vibora:Inst_Juego|dir_actual[0]    ; juego_vibora:Inst_Juego|vibora[14].y[0] ; reloj_juego  ; reloj_juego ; 1.000        ; 0.174      ; 5.246      ;
; -4.065 ; juego_vibora:Inst_Juego|dir_actual[0]    ; juego_vibora:Inst_Juego|vibora[3].y[2]  ; reloj_juego  ; reloj_juego ; 1.000        ; -0.028     ; 5.024      ;
; -4.055 ; juego_vibora:Inst_Juego|dir_actual[0]    ; juego_vibora:Inst_Juego|vibora[36].x[2] ; reloj_juego  ; reloj_juego ; 1.000        ; -0.029     ; 5.013      ;
; -4.055 ; juego_vibora:Inst_Juego|vibora[0].y[1]   ; juego_vibora:Inst_Juego|vibora[10].y[2] ; reloj_juego  ; reloj_juego ; 1.000        ; 0.154      ; 5.196      ;
; -4.050 ; juego_vibora:Inst_Juego|vibora[38].x[1]  ; juego_vibora:Inst_Juego|vibora[10].y[2] ; reloj_juego  ; reloj_juego ; 1.000        ; -0.050     ; 4.987      ;
; -4.045 ; juego_vibora:Inst_Juego|vibora[27].x[2]  ; juego_vibora:Inst_Juego|vibora[10].y[2] ; reloj_juego  ; reloj_juego ; 1.000        ; -0.028     ; 5.004      ;
; -4.032 ; juego_vibora:Inst_Juego|tamano_vibora[3] ; juego_vibora:Inst_Juego|vibora[10].y[2] ; reloj_juego  ; reloj_juego ; 1.000        ; 0.156      ; 5.175      ;
; -4.032 ; juego_vibora:Inst_Juego|vibora[0].x[1]   ; juego_vibora:Inst_Juego|vibora[10].y[2] ; reloj_juego  ; reloj_juego ; 1.000        ; 0.154      ; 5.173      ;
; -4.025 ; juego_vibora:Inst_Juego|tamano_vibora[6] ; juego_vibora:Inst_Juego|vibora[10].y[2] ; reloj_juego  ; reloj_juego ; 1.000        ; 0.156      ; 5.168      ;
; -4.019 ; juego_vibora:Inst_Juego|dir_actual[0]    ; juego_vibora:Inst_Juego|pos_comida.x[2] ; reloj_juego  ; reloj_juego ; 1.000        ; -0.042     ; 4.964      ;
; -4.019 ; juego_vibora:Inst_Juego|dir_actual[0]    ; juego_vibora:Inst_Juego|pos_comida.y[2] ; reloj_juego  ; reloj_juego ; 1.000        ; -0.042     ; 4.964      ;
; -4.019 ; juego_vibora:Inst_Juego|dir_actual[0]    ; juego_vibora:Inst_Juego|pos_comida.y[0] ; reloj_juego  ; reloj_juego ; 1.000        ; -0.042     ; 4.964      ;
; -4.019 ; juego_vibora:Inst_Juego|dir_actual[0]    ; juego_vibora:Inst_Juego|pos_comida.y[1] ; reloj_juego  ; reloj_juego ; 1.000        ; -0.042     ; 4.964      ;
; -4.019 ; juego_vibora:Inst_Juego|dir_actual[0]    ; juego_vibora:Inst_Juego|pos_comida.x[0] ; reloj_juego  ; reloj_juego ; 1.000        ; -0.042     ; 4.964      ;
; -4.019 ; juego_vibora:Inst_Juego|dir_actual[0]    ; juego_vibora:Inst_Juego|pos_comida.x[1] ; reloj_juego  ; reloj_juego ; 1.000        ; -0.042     ; 4.964      ;
; -4.008 ; juego_vibora:Inst_Juego|dir_actual[0]    ; juego_vibora:Inst_Juego|vibora[54].x[2] ; reloj_juego  ; reloj_juego ; 1.000        ; 0.159      ; 5.154      ;
; -4.008 ; juego_vibora:Inst_Juego|dir_actual[0]    ; juego_vibora:Inst_Juego|vibora[54].y[2] ; reloj_juego  ; reloj_juego ; 1.000        ; 0.159      ; 5.154      ;
; -4.008 ; juego_vibora:Inst_Juego|dir_actual[0]    ; juego_vibora:Inst_Juego|vibora[54].y[0] ; reloj_juego  ; reloj_juego ; 1.000        ; 0.159      ; 5.154      ;
; -4.008 ; juego_vibora:Inst_Juego|dir_actual[0]    ; juego_vibora:Inst_Juego|vibora[54].y[1] ; reloj_juego  ; reloj_juego ; 1.000        ; 0.159      ; 5.154      ;
; -4.008 ; juego_vibora:Inst_Juego|dir_actual[0]    ; juego_vibora:Inst_Juego|vibora[54].x[1] ; reloj_juego  ; reloj_juego ; 1.000        ; 0.159      ; 5.154      ;
; -4.008 ; juego_vibora:Inst_Juego|dir_actual[0]    ; juego_vibora:Inst_Juego|vibora[54].x[0] ; reloj_juego  ; reloj_juego ; 1.000        ; 0.159      ; 5.154      ;
; -3.999 ; juego_vibora:Inst_Juego|dir_actual[0]    ; juego_vibora:Inst_Juego|vibora[4].y[2]  ; reloj_juego  ; reloj_juego ; 1.000        ; 0.154      ; 5.140      ;
; -3.999 ; juego_vibora:Inst_Juego|dir_actual[0]    ; juego_vibora:Inst_Juego|vibora[4].x[2]  ; reloj_juego  ; reloj_juego ; 1.000        ; 0.154      ; 5.140      ;
; -3.999 ; juego_vibora:Inst_Juego|dir_actual[0]    ; juego_vibora:Inst_Juego|vibora[4].x[0]  ; reloj_juego  ; reloj_juego ; 1.000        ; 0.154      ; 5.140      ;
; -3.999 ; juego_vibora:Inst_Juego|dir_actual[0]    ; juego_vibora:Inst_Juego|vibora[4].y[1]  ; reloj_juego  ; reloj_juego ; 1.000        ; 0.154      ; 5.140      ;
; -3.999 ; juego_vibora:Inst_Juego|dir_actual[0]    ; juego_vibora:Inst_Juego|vibora[4].x[1]  ; reloj_juego  ; reloj_juego ; 1.000        ; 0.154      ; 5.140      ;
; -3.999 ; juego_vibora:Inst_Juego|dir_actual[0]    ; juego_vibora:Inst_Juego|vibora[4].y[0]  ; reloj_juego  ; reloj_juego ; 1.000        ; 0.154      ; 5.140      ;
; -3.998 ; juego_vibora:Inst_Juego|dir_actual[0]    ; juego_vibora:Inst_Juego|vibora[50].y[1] ; reloj_juego  ; reloj_juego ; 1.000        ; 0.151      ; 5.136      ;
; -3.998 ; juego_vibora:Inst_Juego|tamano_vibora[1] ; juego_vibora:Inst_Juego|vibora[10].y[2] ; reloj_juego  ; reloj_juego ; 1.000        ; 0.156      ; 5.141      ;
; -3.997 ; juego_vibora:Inst_Juego|dir_actual[0]    ; juego_vibora:Inst_Juego|vibora[32].y[0] ; reloj_juego  ; reloj_juego ; 1.000        ; -0.030     ; 4.954      ;
; -3.994 ; juego_vibora:Inst_Juego|dir_actual[0]    ; juego_vibora:Inst_Juego|vibora[38].x[1] ; reloj_juego  ; reloj_juego ; 1.000        ; 0.159      ; 5.140      ;
; -3.994 ; juego_vibora:Inst_Juego|vibora[0].x[2]   ; juego_vibora:Inst_Juego|vibora[10].y[2] ; reloj_juego  ; reloj_juego ; 1.000        ; 0.154      ; 5.135      ;
; -3.991 ; juego_vibora:Inst_Juego|dir_actual[0]    ; juego_vibora:Inst_Juego|vibora[10].x[2] ; reloj_juego  ; reloj_juego ; 1.000        ; 0.172      ; 5.150      ;
; -3.991 ; juego_vibora:Inst_Juego|dir_actual[0]    ; juego_vibora:Inst_Juego|vibora[10].x[0] ; reloj_juego  ; reloj_juego ; 1.000        ; 0.172      ; 5.150      ;
; -3.991 ; juego_vibora:Inst_Juego|dir_actual[0]    ; juego_vibora:Inst_Juego|vibora[10].y[1] ; reloj_juego  ; reloj_juego ; 1.000        ; 0.172      ; 5.150      ;
; -3.991 ; juego_vibora:Inst_Juego|dir_actual[0]    ; juego_vibora:Inst_Juego|vibora[10].x[1] ; reloj_juego  ; reloj_juego ; 1.000        ; 0.172      ; 5.150      ;
; -3.991 ; juego_vibora:Inst_Juego|dir_actual[0]    ; juego_vibora:Inst_Juego|vibora[10].y[0] ; reloj_juego  ; reloj_juego ; 1.000        ; 0.172      ; 5.150      ;
; -3.991 ; juego_vibora:Inst_Juego|vibora[0].y[2]   ; juego_vibora:Inst_Juego|vibora[14].y[2] ; reloj_juego  ; reloj_juego ; 1.000        ; 0.175      ; 5.153      ;
; -3.991 ; juego_vibora:Inst_Juego|vibora[0].y[2]   ; juego_vibora:Inst_Juego|vibora[14].x[2] ; reloj_juego  ; reloj_juego ; 1.000        ; 0.175      ; 5.153      ;
; -3.991 ; juego_vibora:Inst_Juego|vibora[0].y[2]   ; juego_vibora:Inst_Juego|vibora[14].x[0] ; reloj_juego  ; reloj_juego ; 1.000        ; 0.175      ; 5.153      ;
; -3.991 ; juego_vibora:Inst_Juego|vibora[0].y[2]   ; juego_vibora:Inst_Juego|vibora[14].y[1] ; reloj_juego  ; reloj_juego ; 1.000        ; 0.175      ; 5.153      ;
; -3.991 ; juego_vibora:Inst_Juego|vibora[0].y[2]   ; juego_vibora:Inst_Juego|vibora[14].x[1] ; reloj_juego  ; reloj_juego ; 1.000        ; 0.175      ; 5.153      ;
; -3.991 ; juego_vibora:Inst_Juego|vibora[0].y[2]   ; juego_vibora:Inst_Juego|vibora[14].y[0] ; reloj_juego  ; reloj_juego ; 1.000        ; 0.175      ; 5.153      ;
; -3.984 ; juego_vibora:Inst_Juego|dir_actual[0]    ; juego_vibora:Inst_Juego|vibora[26].y[2] ; reloj_juego  ; reloj_juego ; 1.000        ; -0.055     ; 4.916      ;
; -3.978 ; juego_vibora:Inst_Juego|vibora[16].y[1]  ; juego_vibora:Inst_Juego|vibora[10].y[2] ; reloj_juego  ; reloj_juego ; 1.000        ; -0.039     ; 4.926      ;
; -3.974 ; juego_vibora:Inst_Juego|tamano_vibora[4] ; juego_vibora:Inst_Juego|vibora[10].y[2] ; reloj_juego  ; reloj_juego ; 1.000        ; 0.156      ; 5.117      ;
; -3.971 ; juego_vibora:Inst_Juego|dir_actual[0]    ; juego_vibora:Inst_Juego|vibora[9].y[2]  ; reloj_juego  ; reloj_juego ; 1.000        ; 0.163      ; 5.121      ;
; -3.971 ; juego_vibora:Inst_Juego|dir_actual[0]    ; juego_vibora:Inst_Juego|vibora[9].x[2]  ; reloj_juego  ; reloj_juego ; 1.000        ; 0.163      ; 5.121      ;
; -3.971 ; juego_vibora:Inst_Juego|dir_actual[0]    ; juego_vibora:Inst_Juego|vibora[9].x[0]  ; reloj_juego  ; reloj_juego ; 1.000        ; 0.163      ; 5.121      ;
; -3.971 ; juego_vibora:Inst_Juego|dir_actual[0]    ; juego_vibora:Inst_Juego|vibora[9].y[1]  ; reloj_juego  ; reloj_juego ; 1.000        ; 0.163      ; 5.121      ;
; -3.971 ; juego_vibora:Inst_Juego|dir_actual[0]    ; juego_vibora:Inst_Juego|vibora[9].x[1]  ; reloj_juego  ; reloj_juego ; 1.000        ; 0.163      ; 5.121      ;
; -3.971 ; juego_vibora:Inst_Juego|dir_actual[0]    ; juego_vibora:Inst_Juego|vibora[9].y[0]  ; reloj_juego  ; reloj_juego ; 1.000        ; 0.163      ; 5.121      ;
; -3.971 ; juego_vibora:Inst_Juego|tamano_vibora[2] ; juego_vibora:Inst_Juego|vibora[14].y[2] ; reloj_juego  ; reloj_juego ; 1.000        ; 0.176      ; 5.134      ;
; -3.971 ; juego_vibora:Inst_Juego|tamano_vibora[2] ; juego_vibora:Inst_Juego|vibora[14].x[2] ; reloj_juego  ; reloj_juego ; 1.000        ; 0.176      ; 5.134      ;
; -3.971 ; juego_vibora:Inst_Juego|tamano_vibora[2] ; juego_vibora:Inst_Juego|vibora[14].x[0] ; reloj_juego  ; reloj_juego ; 1.000        ; 0.176      ; 5.134      ;
; -3.971 ; juego_vibora:Inst_Juego|tamano_vibora[2] ; juego_vibora:Inst_Juego|vibora[14].y[1] ; reloj_juego  ; reloj_juego ; 1.000        ; 0.176      ; 5.134      ;
; -3.971 ; juego_vibora:Inst_Juego|tamano_vibora[2] ; juego_vibora:Inst_Juego|vibora[14].x[1] ; reloj_juego  ; reloj_juego ; 1.000        ; 0.176      ; 5.134      ;
; -3.971 ; juego_vibora:Inst_Juego|tamano_vibora[2] ; juego_vibora:Inst_Juego|vibora[14].y[0] ; reloj_juego  ; reloj_juego ; 1.000        ; 0.176      ; 5.134      ;
; -3.971 ; juego_vibora:Inst_Juego|vibora[0].y[2]   ; juego_vibora:Inst_Juego|vibora[3].y[2]  ; reloj_juego  ; reloj_juego ; 1.000        ; -0.027     ; 4.931      ;
; -3.966 ; juego_vibora:Inst_Juego|dir_actual[0]    ; juego_vibora:Inst_Juego|vibora[11].y[2] ; reloj_juego  ; reloj_juego ; 1.000        ; 0.172      ; 5.125      ;
; -3.966 ; juego_vibora:Inst_Juego|dir_actual[0]    ; juego_vibora:Inst_Juego|vibora[11].x[2] ; reloj_juego  ; reloj_juego ; 1.000        ; 0.172      ; 5.125      ;
; -3.966 ; juego_vibora:Inst_Juego|dir_actual[0]    ; juego_vibora:Inst_Juego|vibora[11].x[0] ; reloj_juego  ; reloj_juego ; 1.000        ; 0.172      ; 5.125      ;
; -3.966 ; juego_vibora:Inst_Juego|dir_actual[0]    ; juego_vibora:Inst_Juego|vibora[11].y[1] ; reloj_juego  ; reloj_juego ; 1.000        ; 0.172      ; 5.125      ;
; -3.966 ; juego_vibora:Inst_Juego|dir_actual[0]    ; juego_vibora:Inst_Juego|vibora[11].x[1] ; reloj_juego  ; reloj_juego ; 1.000        ; 0.172      ; 5.125      ;
; -3.966 ; juego_vibora:Inst_Juego|dir_actual[0]    ; juego_vibora:Inst_Juego|vibora[11].y[0] ; reloj_juego  ; reloj_juego ; 1.000        ; 0.172      ; 5.125      ;
; -3.961 ; juego_vibora:Inst_Juego|vibora[0].y[2]   ; juego_vibora:Inst_Juego|vibora[36].x[2] ; reloj_juego  ; reloj_juego ; 1.000        ; -0.028     ; 4.920      ;
; -3.960 ; juego_vibora:Inst_Juego|vibora[0].y[0]   ; juego_vibora:Inst_Juego|vibora[14].y[2] ; reloj_juego  ; reloj_juego ; 1.000        ; 0.174      ; 5.121      ;
; -3.960 ; juego_vibora:Inst_Juego|vibora[0].y[0]   ; juego_vibora:Inst_Juego|vibora[14].x[2] ; reloj_juego  ; reloj_juego ; 1.000        ; 0.174      ; 5.121      ;
; -3.960 ; juego_vibora:Inst_Juego|vibora[0].y[0]   ; juego_vibora:Inst_Juego|vibora[14].x[0] ; reloj_juego  ; reloj_juego ; 1.000        ; 0.174      ; 5.121      ;
; -3.960 ; juego_vibora:Inst_Juego|vibora[0].y[0]   ; juego_vibora:Inst_Juego|vibora[14].y[1] ; reloj_juego  ; reloj_juego ; 1.000        ; 0.174      ; 5.121      ;
; -3.960 ; juego_vibora:Inst_Juego|vibora[0].y[0]   ; juego_vibora:Inst_Juego|vibora[14].x[1] ; reloj_juego  ; reloj_juego ; 1.000        ; 0.174      ; 5.121      ;
; -3.960 ; juego_vibora:Inst_Juego|vibora[0].y[0]   ; juego_vibora:Inst_Juego|vibora[14].y[0] ; reloj_juego  ; reloj_juego ; 1.000        ; 0.174      ; 5.121      ;
; -3.959 ; juego_vibora:Inst_Juego|vibora[14].y[1]  ; juego_vibora:Inst_Juego|vibora[10].y[2] ; reloj_juego  ; reloj_juego ; 1.000        ; -0.065     ; 4.881      ;
; -3.956 ; juego_vibora:Inst_Juego|dir_actual[0]    ; juego_vibora:Inst_Juego|vibora[20].y[0] ; reloj_juego  ; reloj_juego ; 1.000        ; 0.134      ; 5.077      ;
; -3.952 ; juego_vibora:Inst_Juego|dir_actual[0]    ; juego_vibora:Inst_Juego|vibora[48].x[1] ; reloj_juego  ; reloj_juego ; 1.000        ; 0.153      ; 5.092      ;
; -3.952 ; juego_vibora:Inst_Juego|vibora[0].x[0]   ; juego_vibora:Inst_Juego|vibora[14].y[2] ; reloj_juego  ; reloj_juego ; 1.000        ; 0.174      ; 5.113      ;
; -3.952 ; juego_vibora:Inst_Juego|vibora[0].x[0]   ; juego_vibora:Inst_Juego|vibora[14].x[2] ; reloj_juego  ; reloj_juego ; 1.000        ; 0.174      ; 5.113      ;
; -3.952 ; juego_vibora:Inst_Juego|vibora[0].x[0]   ; juego_vibora:Inst_Juego|vibora[14].x[0] ; reloj_juego  ; reloj_juego ; 1.000        ; 0.174      ; 5.113      ;
; -3.952 ; juego_vibora:Inst_Juego|vibora[0].x[0]   ; juego_vibora:Inst_Juego|vibora[14].y[1] ; reloj_juego  ; reloj_juego ; 1.000        ; 0.174      ; 5.113      ;
; -3.952 ; juego_vibora:Inst_Juego|vibora[0].x[0]   ; juego_vibora:Inst_Juego|vibora[14].x[1] ; reloj_juego  ; reloj_juego ; 1.000        ; 0.174      ; 5.113      ;
; -3.952 ; juego_vibora:Inst_Juego|vibora[0].x[0]   ; juego_vibora:Inst_Juego|vibora[14].y[0] ; reloj_juego  ; reloj_juego ; 1.000        ; 0.174      ; 5.113      ;
; -3.951 ; juego_vibora:Inst_Juego|tamano_vibora[2] ; juego_vibora:Inst_Juego|vibora[3].y[2]  ; reloj_juego  ; reloj_juego ; 1.000        ; -0.026     ; 4.912      ;
; -3.950 ; juego_vibora:Inst_Juego|vibora[54].y[0]  ; juego_vibora:Inst_Juego|vibora[10].y[2] ; reloj_juego  ; reloj_juego ; 1.000        ; -0.050     ; 4.887      ;
; -3.941 ; juego_vibora:Inst_Juego|dir_actual[1]    ; juego_vibora:Inst_Juego|vibora[14].y[2] ; reloj_juego  ; reloj_juego ; 1.000        ; 0.174      ; 5.102      ;
; -3.941 ; juego_vibora:Inst_Juego|dir_actual[1]    ; juego_vibora:Inst_Juego|vibora[14].x[2] ; reloj_juego  ; reloj_juego ; 1.000        ; 0.174      ; 5.102      ;
; -3.941 ; juego_vibora:Inst_Juego|dir_actual[1]    ; juego_vibora:Inst_Juego|vibora[14].x[0] ; reloj_juego  ; reloj_juego ; 1.000        ; 0.174      ; 5.102      ;
; -3.941 ; juego_vibora:Inst_Juego|dir_actual[1]    ; juego_vibora:Inst_Juego|vibora[14].y[1] ; reloj_juego  ; reloj_juego ; 1.000        ; 0.174      ; 5.102      ;
; -3.941 ; juego_vibora:Inst_Juego|dir_actual[1]    ; juego_vibora:Inst_Juego|vibora[14].x[1] ; reloj_juego  ; reloj_juego ; 1.000        ; 0.174      ; 5.102      ;
+--------+------------------------------------------+-----------------------------------------+--------------+-------------+--------------+------------+------------+


+-----------------------------------------------------------------------------------------------------------------------------------------------------------------------+
; Fast 1200mV 0C Model Setup: 'reloj_50mhz'                                                                                                                             ;
+--------+------------------------------------------+---------------------------------------------+--------------+-------------+--------------+------------+------------+
; Slack  ; From Node                                ; To Node                                     ; Launch Clock ; Latch Clock ; Relationship ; Clock Skew ; Data Delay ;
+--------+------------------------------------------+---------------------------------------------+--------------+-------------+--------------+------------+------------+
; -2.354 ; juego_vibora:Inst_Juego|tamano_vibora[0] ; efectos_sonido:Inst_Audio|max_tono[5]       ; reloj_juego  ; reloj_50mhz ; 1.000        ; -0.130     ; 3.201      ;
; -2.354 ; juego_vibora:Inst_Juego|tamano_vibora[0] ; efectos_sonido:Inst_Audio|max_tono[13]      ; reloj_juego  ; reloj_50mhz ; 1.000        ; -0.130     ; 3.201      ;
; -2.354 ; juego_vibora:Inst_Juego|tamano_vibora[0] ; efectos_sonido:Inst_Audio|max_tono[10]      ; reloj_juego  ; reloj_50mhz ; 1.000        ; -0.130     ; 3.201      ;
; -2.292 ; juego_vibora:Inst_Juego|tamano_vibora[1] ; efectos_sonido:Inst_Audio|max_tono[5]       ; reloj_juego  ; reloj_50mhz ; 1.000        ; -0.131     ; 3.138      ;
; -2.292 ; juego_vibora:Inst_Juego|tamano_vibora[1] ; efectos_sonido:Inst_Audio|max_tono[13]      ; reloj_juego  ; reloj_50mhz ; 1.000        ; -0.131     ; 3.138      ;
; -2.292 ; juego_vibora:Inst_Juego|tamano_vibora[1] ; efectos_sonido:Inst_Audio|max_tono[10]      ; reloj_juego  ; reloj_50mhz ; 1.000        ; -0.131     ; 3.138      ;
; -2.276 ; juego_vibora:Inst_Juego|tamano_vibora[3] ; efectos_sonido:Inst_Audio|max_tono[5]       ; reloj_juego  ; reloj_50mhz ; 1.000        ; -0.131     ; 3.122      ;
; -2.276 ; juego_vibora:Inst_Juego|tamano_vibora[3] ; efectos_sonido:Inst_Audio|max_tono[13]      ; reloj_juego  ; reloj_50mhz ; 1.000        ; -0.131     ; 3.122      ;
; -2.276 ; juego_vibora:Inst_Juego|tamano_vibora[3] ; efectos_sonido:Inst_Audio|max_tono[10]      ; reloj_juego  ; reloj_50mhz ; 1.000        ; -0.131     ; 3.122      ;
; -2.231 ; juego_vibora:Inst_Juego|tamano_vibora[2] ; efectos_sonido:Inst_Audio|max_tono[5]       ; reloj_juego  ; reloj_50mhz ; 1.000        ; -0.131     ; 3.077      ;
; -2.231 ; juego_vibora:Inst_Juego|tamano_vibora[2] ; efectos_sonido:Inst_Audio|max_tono[13]      ; reloj_juego  ; reloj_50mhz ; 1.000        ; -0.131     ; 3.077      ;
; -2.231 ; juego_vibora:Inst_Juego|tamano_vibora[2] ; efectos_sonido:Inst_Audio|max_tono[10]      ; reloj_juego  ; reloj_50mhz ; 1.000        ; -0.131     ; 3.077      ;
; -2.185 ; juego_vibora:Inst_Juego|tamano_vibora[0] ; efectos_sonido:Inst_Audio|duracion[24]      ; reloj_juego  ; reloj_50mhz ; 1.000        ; 0.049      ; 3.211      ;
; -2.160 ; juego_vibora:Inst_Juego|tamano_vibora[4] ; efectos_sonido:Inst_Audio|max_tono[5]       ; reloj_juego  ; reloj_50mhz ; 1.000        ; -0.131     ; 3.006      ;
; -2.160 ; juego_vibora:Inst_Juego|tamano_vibora[4] ; efectos_sonido:Inst_Audio|max_tono[13]      ; reloj_juego  ; reloj_50mhz ; 1.000        ; -0.131     ; 3.006      ;
; -2.160 ; juego_vibora:Inst_Juego|tamano_vibora[4] ; efectos_sonido:Inst_Audio|max_tono[10]      ; reloj_juego  ; reloj_50mhz ; 1.000        ; -0.131     ; 3.006      ;
; -2.123 ; juego_vibora:Inst_Juego|tamano_vibora[0] ; efectos_sonido:Inst_Audio|duracion[23]      ; reloj_juego  ; reloj_50mhz ; 1.000        ; 0.049      ; 3.149      ;
; -2.123 ; juego_vibora:Inst_Juego|tamano_vibora[1] ; efectos_sonido:Inst_Audio|duracion[24]      ; reloj_juego  ; reloj_50mhz ; 1.000        ; 0.048      ; 3.148      ;
; -2.118 ; juego_vibora:Inst_Juego|tamano_vibora[0] ; efectos_sonido:Inst_Audio|duracion[11]      ; reloj_juego  ; reloj_50mhz ; 1.000        ; 0.048      ; 3.143      ;
; -2.107 ; juego_vibora:Inst_Juego|tamano_vibora[3] ; efectos_sonido:Inst_Audio|duracion[24]      ; reloj_juego  ; reloj_50mhz ; 1.000        ; 0.048      ; 3.132      ;
; -2.095 ; juego_vibora:Inst_Juego|tamano_vibora[0] ; efectos_sonido:Inst_Audio|ultimo_puntaje[0] ; reloj_juego  ; reloj_50mhz ; 1.000        ; 0.044      ; 3.116      ;
; -2.095 ; juego_vibora:Inst_Juego|tamano_vibora[0] ; efectos_sonido:Inst_Audio|ultimo_puntaje[1] ; reloj_juego  ; reloj_50mhz ; 1.000        ; 0.044      ; 3.116      ;
; -2.095 ; juego_vibora:Inst_Juego|tamano_vibora[0] ; efectos_sonido:Inst_Audio|ultimo_puntaje[2] ; reloj_juego  ; reloj_50mhz ; 1.000        ; 0.044      ; 3.116      ;
; -2.095 ; juego_vibora:Inst_Juego|tamano_vibora[0] ; efectos_sonido:Inst_Audio|ultimo_puntaje[3] ; reloj_juego  ; reloj_50mhz ; 1.000        ; 0.044      ; 3.116      ;
; -2.095 ; juego_vibora:Inst_Juego|tamano_vibora[0] ; efectos_sonido:Inst_Audio|ultimo_puntaje[4] ; reloj_juego  ; reloj_50mhz ; 1.000        ; 0.044      ; 3.116      ;
; -2.095 ; juego_vibora:Inst_Juego|tamano_vibora[0] ; efectos_sonido:Inst_Audio|ultimo_puntaje[5] ; reloj_juego  ; reloj_50mhz ; 1.000        ; 0.044      ; 3.116      ;
; -2.095 ; juego_vibora:Inst_Juego|tamano_vibora[0] ; efectos_sonido:Inst_Audio|ultimo_puntaje[6] ; reloj_juego  ; reloj_50mhz ; 1.000        ; 0.044      ; 3.116      ;
; -2.068 ; juego_vibora:Inst_Juego|tamano_vibora[5] ; efectos_sonido:Inst_Audio|max_tono[5]       ; reloj_juego  ; reloj_50mhz ; 1.000        ; -0.131     ; 2.914      ;
; -2.068 ; juego_vibora:Inst_Juego|tamano_vibora[5] ; efectos_sonido:Inst_Audio|max_tono[13]      ; reloj_juego  ; reloj_50mhz ; 1.000        ; -0.131     ; 2.914      ;
; -2.068 ; juego_vibora:Inst_Juego|tamano_vibora[5] ; efectos_sonido:Inst_Audio|max_tono[10]      ; reloj_juego  ; reloj_50mhz ; 1.000        ; -0.131     ; 2.914      ;
; -2.062 ; juego_vibora:Inst_Juego|tamano_vibora[2] ; efectos_sonido:Inst_Audio|duracion[24]      ; reloj_juego  ; reloj_50mhz ; 1.000        ; 0.048      ; 3.087      ;
; -2.061 ; juego_vibora:Inst_Juego|tamano_vibora[1] ; efectos_sonido:Inst_Audio|duracion[23]      ; reloj_juego  ; reloj_50mhz ; 1.000        ; 0.048      ; 3.086      ;
; -2.058 ; juego_vibora:Inst_Juego|tamano_vibora[0] ; efectos_sonido:Inst_Audio|duracion[8]       ; reloj_juego  ; reloj_50mhz ; 1.000        ; -0.132     ; 2.903      ;
; -2.058 ; juego_vibora:Inst_Juego|tamano_vibora[0] ; efectos_sonido:Inst_Audio|duracion[22]      ; reloj_juego  ; reloj_50mhz ; 1.000        ; -0.132     ; 2.903      ;
; -2.057 ; juego_vibora:Inst_Juego|tamano_vibora[0] ; efectos_sonido:Inst_Audio|duracion[9]       ; reloj_juego  ; reloj_50mhz ; 1.000        ; -0.132     ; 2.902      ;
; -2.056 ; juego_vibora:Inst_Juego|tamano_vibora[0] ; efectos_sonido:Inst_Audio|duracion[6]       ; reloj_juego  ; reloj_50mhz ; 1.000        ; 0.048      ; 3.081      ;
; -2.056 ; juego_vibora:Inst_Juego|tamano_vibora[0] ; efectos_sonido:Inst_Audio|duracion[7]       ; reloj_juego  ; reloj_50mhz ; 1.000        ; 0.048      ; 3.081      ;
; -2.056 ; juego_vibora:Inst_Juego|tamano_vibora[1] ; efectos_sonido:Inst_Audio|duracion[11]      ; reloj_juego  ; reloj_50mhz ; 1.000        ; 0.047      ; 3.080      ;
; -2.045 ; juego_vibora:Inst_Juego|tamano_vibora[3] ; efectos_sonido:Inst_Audio|duracion[23]      ; reloj_juego  ; reloj_50mhz ; 1.000        ; 0.048      ; 3.070      ;
; -2.041 ; juego_vibora:Inst_Juego|tamano_vibora[0] ; efectos_sonido:Inst_Audio|duracion[3]       ; reloj_juego  ; reloj_50mhz ; 1.000        ; 0.068      ; 3.086      ;
; -2.041 ; juego_vibora:Inst_Juego|tamano_vibora[0] ; efectos_sonido:Inst_Audio|duracion[0]       ; reloj_juego  ; reloj_50mhz ; 1.000        ; 0.068      ; 3.086      ;
; -2.040 ; juego_vibora:Inst_Juego|tamano_vibora[3] ; efectos_sonido:Inst_Audio|duracion[11]      ; reloj_juego  ; reloj_50mhz ; 1.000        ; 0.047      ; 3.064      ;
; -2.039 ; juego_vibora:Inst_Juego|tamano_vibora[0] ; efectos_sonido:Inst_Audio|duracion[5]       ; reloj_juego  ; reloj_50mhz ; 1.000        ; -0.132     ; 2.884      ;
; -2.037 ; juego_vibora:Inst_Juego|tamano_vibora[0] ; efectos_sonido:Inst_Audio|duracion[1]       ; reloj_juego  ; reloj_50mhz ; 1.000        ; 0.069      ; 3.083      ;
; -2.037 ; juego_vibora:Inst_Juego|tamano_vibora[0] ; efectos_sonido:Inst_Audio|duracion[2]       ; reloj_juego  ; reloj_50mhz ; 1.000        ; 0.069      ; 3.083      ;
; -2.036 ; juego_vibora:Inst_Juego|tamano_vibora[0] ; efectos_sonido:Inst_Audio|duracion[12]      ; reloj_juego  ; reloj_50mhz ; 1.000        ; -0.132     ; 2.881      ;
; -2.036 ; juego_vibora:Inst_Juego|tamano_vibora[0] ; efectos_sonido:Inst_Audio|duracion[17]      ; reloj_juego  ; reloj_50mhz ; 1.000        ; -0.132     ; 2.881      ;
; -2.033 ; juego_vibora:Inst_Juego|tamano_vibora[1] ; efectos_sonido:Inst_Audio|ultimo_puntaje[0] ; reloj_juego  ; reloj_50mhz ; 1.000        ; 0.043      ; 3.053      ;
; -2.033 ; juego_vibora:Inst_Juego|tamano_vibora[1] ; efectos_sonido:Inst_Audio|ultimo_puntaje[1] ; reloj_juego  ; reloj_50mhz ; 1.000        ; 0.043      ; 3.053      ;
; -2.033 ; juego_vibora:Inst_Juego|tamano_vibora[1] ; efectos_sonido:Inst_Audio|ultimo_puntaje[2] ; reloj_juego  ; reloj_50mhz ; 1.000        ; 0.043      ; 3.053      ;
; -2.033 ; juego_vibora:Inst_Juego|tamano_vibora[1] ; efectos_sonido:Inst_Audio|ultimo_puntaje[3] ; reloj_juego  ; reloj_50mhz ; 1.000        ; 0.043      ; 3.053      ;
; -2.033 ; juego_vibora:Inst_Juego|tamano_vibora[1] ; efectos_sonido:Inst_Audio|ultimo_puntaje[4] ; reloj_juego  ; reloj_50mhz ; 1.000        ; 0.043      ; 3.053      ;
; -2.033 ; juego_vibora:Inst_Juego|tamano_vibora[1] ; efectos_sonido:Inst_Audio|ultimo_puntaje[5] ; reloj_juego  ; reloj_50mhz ; 1.000        ; 0.043      ; 3.053      ;
; -2.033 ; juego_vibora:Inst_Juego|tamano_vibora[1] ; efectos_sonido:Inst_Audio|ultimo_puntaje[6] ; reloj_juego  ; reloj_50mhz ; 1.000        ; 0.043      ; 3.053      ;
; -2.028 ; juego_vibora:Inst_Juego|tamano_vibora[0] ; efectos_sonido:Inst_Audio|duracion[15]      ; reloj_juego  ; reloj_50mhz ; 1.000        ; 0.047      ; 3.052      ;
; -2.028 ; juego_vibora:Inst_Juego|tamano_vibora[0] ; efectos_sonido:Inst_Audio|duracion[16]      ; reloj_juego  ; reloj_50mhz ; 1.000        ; 0.047      ; 3.052      ;
; -2.028 ; juego_vibora:Inst_Juego|tamano_vibora[0] ; efectos_sonido:Inst_Audio|duracion[18]      ; reloj_juego  ; reloj_50mhz ; 1.000        ; 0.047      ; 3.052      ;
; -2.017 ; juego_vibora:Inst_Juego|tamano_vibora[3] ; efectos_sonido:Inst_Audio|ultimo_puntaje[0] ; reloj_juego  ; reloj_50mhz ; 1.000        ; 0.043      ; 3.037      ;
; -2.017 ; juego_vibora:Inst_Juego|tamano_vibora[3] ; efectos_sonido:Inst_Audio|ultimo_puntaje[1] ; reloj_juego  ; reloj_50mhz ; 1.000        ; 0.043      ; 3.037      ;
; -2.017 ; juego_vibora:Inst_Juego|tamano_vibora[3] ; efectos_sonido:Inst_Audio|ultimo_puntaje[2] ; reloj_juego  ; reloj_50mhz ; 1.000        ; 0.043      ; 3.037      ;
; -2.017 ; juego_vibora:Inst_Juego|tamano_vibora[3] ; efectos_sonido:Inst_Audio|ultimo_puntaje[3] ; reloj_juego  ; reloj_50mhz ; 1.000        ; 0.043      ; 3.037      ;
; -2.017 ; juego_vibora:Inst_Juego|tamano_vibora[3] ; efectos_sonido:Inst_Audio|ultimo_puntaje[4] ; reloj_juego  ; reloj_50mhz ; 1.000        ; 0.043      ; 3.037      ;
; -2.017 ; juego_vibora:Inst_Juego|tamano_vibora[3] ; efectos_sonido:Inst_Audio|ultimo_puntaje[5] ; reloj_juego  ; reloj_50mhz ; 1.000        ; 0.043      ; 3.037      ;
; -2.017 ; juego_vibora:Inst_Juego|tamano_vibora[3] ; efectos_sonido:Inst_Audio|ultimo_puntaje[6] ; reloj_juego  ; reloj_50mhz ; 1.000        ; 0.043      ; 3.037      ;
; -2.000 ; juego_vibora:Inst_Juego|tamano_vibora[2] ; efectos_sonido:Inst_Audio|duracion[23]      ; reloj_juego  ; reloj_50mhz ; 1.000        ; 0.048      ; 3.025      ;
; -1.996 ; juego_vibora:Inst_Juego|tamano_vibora[1] ; efectos_sonido:Inst_Audio|duracion[8]       ; reloj_juego  ; reloj_50mhz ; 1.000        ; -0.133     ; 2.840      ;
; -1.996 ; juego_vibora:Inst_Juego|tamano_vibora[1] ; efectos_sonido:Inst_Audio|duracion[22]      ; reloj_juego  ; reloj_50mhz ; 1.000        ; -0.133     ; 2.840      ;
; -1.995 ; juego_vibora:Inst_Juego|tamano_vibora[0] ; efectos_sonido:Inst_Audio|duracion[4]       ; reloj_juego  ; reloj_50mhz ; 1.000        ; -0.132     ; 2.840      ;
; -1.995 ; juego_vibora:Inst_Juego|tamano_vibora[2] ; efectos_sonido:Inst_Audio|duracion[11]      ; reloj_juego  ; reloj_50mhz ; 1.000        ; 0.047      ; 3.019      ;
; -1.995 ; juego_vibora:Inst_Juego|tamano_vibora[1] ; efectos_sonido:Inst_Audio|duracion[9]       ; reloj_juego  ; reloj_50mhz ; 1.000        ; -0.133     ; 2.839      ;
; -1.994 ; juego_vibora:Inst_Juego|tamano_vibora[1] ; efectos_sonido:Inst_Audio|duracion[6]       ; reloj_juego  ; reloj_50mhz ; 1.000        ; 0.047      ; 3.018      ;
; -1.994 ; juego_vibora:Inst_Juego|tamano_vibora[1] ; efectos_sonido:Inst_Audio|duracion[7]       ; reloj_juego  ; reloj_50mhz ; 1.000        ; 0.047      ; 3.018      ;
; -1.991 ; juego_vibora:Inst_Juego|tamano_vibora[4] ; efectos_sonido:Inst_Audio|duracion[24]      ; reloj_juego  ; reloj_50mhz ; 1.000        ; 0.048      ; 3.016      ;
; -1.990 ; juego_vibora:Inst_Juego|tamano_vibora[0] ; efectos_sonido:Inst_Audio|duracion[13]      ; reloj_juego  ; reloj_50mhz ; 1.000        ; -0.132     ; 2.835      ;
; -1.980 ; juego_vibora:Inst_Juego|tamano_vibora[3] ; efectos_sonido:Inst_Audio|duracion[8]       ; reloj_juego  ; reloj_50mhz ; 1.000        ; -0.133     ; 2.824      ;
; -1.980 ; juego_vibora:Inst_Juego|tamano_vibora[3] ; efectos_sonido:Inst_Audio|duracion[22]      ; reloj_juego  ; reloj_50mhz ; 1.000        ; -0.133     ; 2.824      ;
; -1.979 ; juego_vibora:Inst_Juego|tamano_vibora[3] ; efectos_sonido:Inst_Audio|duracion[9]       ; reloj_juego  ; reloj_50mhz ; 1.000        ; -0.133     ; 2.823      ;
; -1.979 ; juego_vibora:Inst_Juego|tamano_vibora[1] ; efectos_sonido:Inst_Audio|duracion[3]       ; reloj_juego  ; reloj_50mhz ; 1.000        ; 0.067      ; 3.023      ;
; -1.979 ; juego_vibora:Inst_Juego|tamano_vibora[1] ; efectos_sonido:Inst_Audio|duracion[0]       ; reloj_juego  ; reloj_50mhz ; 1.000        ; 0.067      ; 3.023      ;
; -1.978 ; juego_vibora:Inst_Juego|tamano_vibora[3] ; efectos_sonido:Inst_Audio|duracion[6]       ; reloj_juego  ; reloj_50mhz ; 1.000        ; 0.047      ; 3.002      ;
; -1.978 ; juego_vibora:Inst_Juego|tamano_vibora[3] ; efectos_sonido:Inst_Audio|duracion[7]       ; reloj_juego  ; reloj_50mhz ; 1.000        ; 0.047      ; 3.002      ;
; -1.977 ; juego_vibora:Inst_Juego|tamano_vibora[1] ; efectos_sonido:Inst_Audio|duracion[5]       ; reloj_juego  ; reloj_50mhz ; 1.000        ; -0.133     ; 2.821      ;
; -1.975 ; juego_vibora:Inst_Juego|tamano_vibora[1] ; efectos_sonido:Inst_Audio|duracion[1]       ; reloj_juego  ; reloj_50mhz ; 1.000        ; 0.068      ; 3.020      ;
; -1.975 ; juego_vibora:Inst_Juego|tamano_vibora[1] ; efectos_sonido:Inst_Audio|duracion[2]       ; reloj_juego  ; reloj_50mhz ; 1.000        ; 0.068      ; 3.020      ;
; -1.974 ; juego_vibora:Inst_Juego|tamano_vibora[1] ; efectos_sonido:Inst_Audio|duracion[12]      ; reloj_juego  ; reloj_50mhz ; 1.000        ; -0.133     ; 2.818      ;
; -1.974 ; juego_vibora:Inst_Juego|tamano_vibora[1] ; efectos_sonido:Inst_Audio|duracion[17]      ; reloj_juego  ; reloj_50mhz ; 1.000        ; -0.133     ; 2.818      ;
; -1.972 ; juego_vibora:Inst_Juego|tamano_vibora[2] ; efectos_sonido:Inst_Audio|ultimo_puntaje[0] ; reloj_juego  ; reloj_50mhz ; 1.000        ; 0.043      ; 2.992      ;
; -1.972 ; juego_vibora:Inst_Juego|tamano_vibora[2] ; efectos_sonido:Inst_Audio|ultimo_puntaje[1] ; reloj_juego  ; reloj_50mhz ; 1.000        ; 0.043      ; 2.992      ;
; -1.972 ; juego_vibora:Inst_Juego|tamano_vibora[2] ; efectos_sonido:Inst_Audio|ultimo_puntaje[2] ; reloj_juego  ; reloj_50mhz ; 1.000        ; 0.043      ; 2.992      ;
; -1.972 ; juego_vibora:Inst_Juego|tamano_vibora[2] ; efectos_sonido:Inst_Audio|ultimo_puntaje[3] ; reloj_juego  ; reloj_50mhz ; 1.000        ; 0.043      ; 2.992      ;
; -1.972 ; juego_vibora:Inst_Juego|tamano_vibora[2] ; efectos_sonido:Inst_Audio|ultimo_puntaje[4] ; reloj_juego  ; reloj_50mhz ; 1.000        ; 0.043      ; 2.992      ;
; -1.972 ; juego_vibora:Inst_Juego|tamano_vibora[2] ; efectos_sonido:Inst_Audio|ultimo_puntaje[5] ; reloj_juego  ; reloj_50mhz ; 1.000        ; 0.043      ; 2.992      ;
; -1.972 ; juego_vibora:Inst_Juego|tamano_vibora[2] ; efectos_sonido:Inst_Audio|ultimo_puntaje[6] ; reloj_juego  ; reloj_50mhz ; 1.000        ; 0.043      ; 2.992      ;
; -1.971 ; juego_vibora:Inst_Juego|tamano_vibora[0] ; efectos_sonido:Inst_Audio|duracion[19]      ; reloj_juego  ; reloj_50mhz ; 1.000        ; 0.048      ; 2.996      ;
; -1.966 ; juego_vibora:Inst_Juego|tamano_vibora[0] ; efectos_sonido:Inst_Audio|duracion[14]      ; reloj_juego  ; reloj_50mhz ; 1.000        ; 0.048      ; 2.991      ;
; -1.966 ; juego_vibora:Inst_Juego|tamano_vibora[1] ; efectos_sonido:Inst_Audio|duracion[15]      ; reloj_juego  ; reloj_50mhz ; 1.000        ; 0.046      ; 2.989      ;
; -1.966 ; juego_vibora:Inst_Juego|tamano_vibora[1] ; efectos_sonido:Inst_Audio|duracion[16]      ; reloj_juego  ; reloj_50mhz ; 1.000        ; 0.046      ; 2.989      ;
; -1.966 ; juego_vibora:Inst_Juego|tamano_vibora[1] ; efectos_sonido:Inst_Audio|duracion[18]      ; reloj_juego  ; reloj_50mhz ; 1.000        ; 0.046      ; 2.989      ;
; -1.963 ; juego_vibora:Inst_Juego|tamano_vibora[3] ; efectos_sonido:Inst_Audio|duracion[3]       ; reloj_juego  ; reloj_50mhz ; 1.000        ; 0.067      ; 3.007      ;
; -1.963 ; juego_vibora:Inst_Juego|tamano_vibora[3] ; efectos_sonido:Inst_Audio|duracion[0]       ; reloj_juego  ; reloj_50mhz ; 1.000        ; 0.067      ; 3.007      ;
+--------+------------------------------------------+---------------------------------------------+--------------+-------------+--------------+------------+------------+


+-------------------------------------------------------------------------------------------------------------------------------------------------------------------------------+
; Fast 1200mV 0C Model Hold: 'reloj_50mhz'                                                                                                                                      ;
+-------+------------------------------------------------+------------------------------------------------+--------------+-------------+--------------+------------+------------+
; Slack ; From Node                                      ; To Node                                        ; Launch Clock ; Latch Clock ; Relationship ; Clock Skew ; Data Delay ;
+-------+------------------------------------------------+------------------------------------------------+--------------+-------------+--------------+------------+------------+
; 0.178 ; efectos_sonido:Inst_Audio|duracion[0]          ; efectos_sonido:Inst_Audio|duracion[0]          ; reloj_50mhz  ; reloj_50mhz ; 0.000        ; 0.045      ; 0.307      ;
; 0.178 ; efectos_sonido:Inst_Audio|duracion[3]          ; efectos_sonido:Inst_Audio|duracion[3]          ; reloj_50mhz  ; reloj_50mhz ; 0.000        ; 0.045      ; 0.307      ;
; 0.179 ; efectos_sonido:Inst_Audio|duracion[1]          ; efectos_sonido:Inst_Audio|duracion[1]          ; reloj_50mhz  ; reloj_50mhz ; 0.000        ; 0.044      ; 0.307      ;
; 0.179 ; efectos_sonido:Inst_Audio|duracion[2]          ; efectos_sonido:Inst_Audio|duracion[2]          ; reloj_50mhz  ; reloj_50mhz ; 0.000        ; 0.044      ; 0.307      ;
; 0.179 ; efectos_sonido:Inst_Audio|reproduciendo        ; efectos_sonido:Inst_Audio|reproduciendo        ; reloj_50mhz  ; reloj_50mhz ; 0.000        ; 0.044      ; 0.307      ;
; 0.180 ; efectos_sonido:Inst_Audio|duracion[10]         ; efectos_sonido:Inst_Audio|duracion[10]         ; reloj_50mhz  ; reloj_50mhz ; 0.000        ; 0.043      ; 0.307      ;
; 0.180 ; efectos_sonido:Inst_Audio|duracion[14]         ; efectos_sonido:Inst_Audio|duracion[14]         ; reloj_50mhz  ; reloj_50mhz ; 0.000        ; 0.043      ; 0.307      ;
; 0.180 ; efectos_sonido:Inst_Audio|duracion[19]         ; efectos_sonido:Inst_Audio|duracion[19]         ; reloj_50mhz  ; reloj_50mhz ; 0.000        ; 0.043      ; 0.307      ;
; 0.180 ; efectos_sonido:Inst_Audio|duracion[20]         ; efectos_sonido:Inst_Audio|duracion[20]         ; reloj_50mhz  ; reloj_50mhz ; 0.000        ; 0.043      ; 0.307      ;
; 0.180 ; efectos_sonido:Inst_Audio|duracion[21]         ; efectos_sonido:Inst_Audio|duracion[21]         ; reloj_50mhz  ; reloj_50mhz ; 0.000        ; 0.043      ; 0.307      ;
; 0.186 ; efectos_sonido:Inst_Audio|duracion[4]          ; efectos_sonido:Inst_Audio|duracion[4]          ; reloj_50mhz  ; reloj_50mhz ; 0.000        ; 0.037      ; 0.307      ;
; 0.186 ; efectos_sonido:Inst_Audio|duracion[5]          ; efectos_sonido:Inst_Audio|duracion[5]          ; reloj_50mhz  ; reloj_50mhz ; 0.000        ; 0.037      ; 0.307      ;
; 0.186 ; efectos_sonido:Inst_Audio|duracion[8]          ; efectos_sonido:Inst_Audio|duracion[8]          ; reloj_50mhz  ; reloj_50mhz ; 0.000        ; 0.037      ; 0.307      ;
; 0.186 ; efectos_sonido:Inst_Audio|duracion[9]          ; efectos_sonido:Inst_Audio|duracion[9]          ; reloj_50mhz  ; reloj_50mhz ; 0.000        ; 0.037      ; 0.307      ;
; 0.186 ; efectos_sonido:Inst_Audio|duracion[12]         ; efectos_sonido:Inst_Audio|duracion[12]         ; reloj_50mhz  ; reloj_50mhz ; 0.000        ; 0.037      ; 0.307      ;
; 0.186 ; efectos_sonido:Inst_Audio|duracion[13]         ; efectos_sonido:Inst_Audio|duracion[13]         ; reloj_50mhz  ; reloj_50mhz ; 0.000        ; 0.037      ; 0.307      ;
; 0.186 ; efectos_sonido:Inst_Audio|duracion[17]         ; efectos_sonido:Inst_Audio|duracion[17]         ; reloj_50mhz  ; reloj_50mhz ; 0.000        ; 0.037      ; 0.307      ;
; 0.186 ; efectos_sonido:Inst_Audio|duracion[22]         ; efectos_sonido:Inst_Audio|duracion[22]         ; reloj_50mhz  ; reloj_50mhz ; 0.000        ; 0.037      ; 0.307      ;
; 0.187 ; efectos_sonido:Inst_Audio|reg_zumbador         ; efectos_sonido:Inst_Audio|reg_zumbador         ; reloj_50mhz  ; reloj_50mhz ; 0.000        ; 0.036      ; 0.307      ;
; 0.193 ; div_1mhz[4]                                    ; div_1mhz[4]                                    ; reloj_50mhz  ; reloj_50mhz ; 0.000        ; 0.037      ; 0.314      ;
; 0.196 ; efectos_sonido:Inst_Audio|div_tono[16]         ; efectos_sonido:Inst_Audio|div_tono[16]         ; reloj_50mhz  ; reloj_50mhz ; 0.000        ; 0.045      ; 0.325      ;
; 0.198 ; reloj_juego                                    ; reloj_juego                                    ; reloj_juego  ; reloj_50mhz ; 0.000        ; 1.177      ; 1.594      ;
; 0.216 ; div_1mhz[4]                                    ; div_1mhz[1]                                    ; reloj_50mhz  ; reloj_50mhz ; 0.000        ; 0.037      ; 0.337      ;
; 0.217 ; div_1mhz[4]                                    ; div_1mhz[3]                                    ; reloj_50mhz  ; reloj_50mhz ; 0.000        ; 0.037      ; 0.338      ;
; 0.262 ; efectos_sonido:Inst_Audio|div_tono[8]          ; efectos_sonido:Inst_Audio|div_tono[9]          ; reloj_50mhz  ; reloj_50mhz ; 0.000        ; 0.238      ; 0.584      ;
; 0.265 ; efectos_sonido:Inst_Audio|div_tono[8]          ; efectos_sonido:Inst_Audio|div_tono[10]         ; reloj_50mhz  ; reloj_50mhz ; 0.000        ; 0.238      ; 0.587      ;
; 0.273 ; efectos_sonido:Inst_Audio|duracion[18]         ; efectos_sonido:Inst_Audio|duracion[18]         ; reloj_50mhz  ; reloj_50mhz ; 0.000        ; 0.044      ; 0.401      ;
; 0.274 ; efectos_sonido:Inst_Audio|duracion[16]         ; efectos_sonido:Inst_Audio|duracion[16]         ; reloj_50mhz  ; reloj_50mhz ; 0.000        ; 0.044      ; 0.402      ;
; 0.292 ; display_puntaje:Inst_Puntaje|cont_refresco[4]  ; display_puntaje:Inst_Puntaje|cont_refresco[4]  ; reloj_50mhz  ; reloj_50mhz ; 0.000        ; 0.037      ; 0.413      ;
; 0.293 ; display_puntaje:Inst_Puntaje|cont_refresco[14] ; display_puntaje:Inst_Puntaje|cont_refresco[14] ; reloj_50mhz  ; reloj_50mhz ; 0.000        ; 0.037      ; 0.414      ;
; 0.293 ; display_puntaje:Inst_Puntaje|cont_refresco[12] ; display_puntaje:Inst_Puntaje|cont_refresco[12] ; reloj_50mhz  ; reloj_50mhz ; 0.000        ; 0.037      ; 0.414      ;
; 0.293 ; display_puntaje:Inst_Puntaje|cont_refresco[6]  ; display_puntaje:Inst_Puntaje|cont_refresco[6]  ; reloj_50mhz  ; reloj_50mhz ; 0.000        ; 0.037      ; 0.414      ;
; 0.293 ; display_puntaje:Inst_Puntaje|cont_refresco[2]  ; display_puntaje:Inst_Puntaje|cont_refresco[2]  ; reloj_50mhz  ; reloj_50mhz ; 0.000        ; 0.037      ; 0.414      ;
; 0.294 ; display_puntaje:Inst_Puntaje|cont_refresco[10] ; display_puntaje:Inst_Puntaje|cont_refresco[10] ; reloj_50mhz  ; reloj_50mhz ; 0.000        ; 0.037      ; 0.415      ;
; 0.294 ; display_puntaje:Inst_Puntaje|cont_refresco[8]  ; display_puntaje:Inst_Puntaje|cont_refresco[8]  ; reloj_50mhz  ; reloj_50mhz ; 0.000        ; 0.037      ; 0.415      ;
; 0.294 ; display_puntaje:Inst_Puntaje|cont_refresco[7]  ; display_puntaje:Inst_Puntaje|cont_refresco[7]  ; reloj_50mhz  ; reloj_50mhz ; 0.000        ; 0.037      ; 0.415      ;
; 0.294 ; display_puntaje:Inst_Puntaje|cont_refresco[3]  ; display_puntaje:Inst_Puntaje|cont_refresco[3]  ; reloj_50mhz  ; reloj_50mhz ; 0.000        ; 0.037      ; 0.415      ;
; 0.295 ; efectos_sonido:Inst_Audio|div_tono[1]          ; efectos_sonido:Inst_Audio|div_tono[1]          ; reloj_50mhz  ; reloj_50mhz ; 0.000        ; 0.036      ; 0.415      ;
; 0.295 ; display_puntaje:Inst_Puntaje|cont_refresco[13] ; display_puntaje:Inst_Puntaje|cont_refresco[13] ; reloj_50mhz  ; reloj_50mhz ; 0.000        ; 0.037      ; 0.416      ;
; 0.295 ; display_puntaje:Inst_Puntaje|cont_refresco[11] ; display_puntaje:Inst_Puntaje|cont_refresco[11] ; reloj_50mhz  ; reloj_50mhz ; 0.000        ; 0.037      ; 0.416      ;
; 0.295 ; display_puntaje:Inst_Puntaje|cont_refresco[9]  ; display_puntaje:Inst_Puntaje|cont_refresco[9]  ; reloj_50mhz  ; reloj_50mhz ; 0.000        ; 0.037      ; 0.416      ;
; 0.295 ; display_puntaje:Inst_Puntaje|cont_refresco[5]  ; display_puntaje:Inst_Puntaje|cont_refresco[5]  ; reloj_50mhz  ; reloj_50mhz ; 0.000        ; 0.037      ; 0.416      ;
; 0.296 ; efectos_sonido:Inst_Audio|div_tono[2]          ; efectos_sonido:Inst_Audio|div_tono[2]          ; reloj_50mhz  ; reloj_50mhz ; 0.000        ; 0.036      ; 0.416      ;
; 0.296 ; efectos_sonido:Inst_Audio|div_tono[11]         ; efectos_sonido:Inst_Audio|div_tono[11]         ; reloj_50mhz  ; reloj_50mhz ; 0.000        ; 0.045      ; 0.425      ;
; 0.296 ; efectos_sonido:Inst_Audio|div_tono[13]         ; efectos_sonido:Inst_Audio|div_tono[13]         ; reloj_50mhz  ; reloj_50mhz ; 0.000        ; 0.045      ; 0.425      ;
; 0.296 ; efectos_sonido:Inst_Audio|div_tono[9]          ; efectos_sonido:Inst_Audio|div_tono[9]          ; reloj_50mhz  ; reloj_50mhz ; 0.000        ; 0.045      ; 0.425      ;
; 0.297 ; efectos_sonido:Inst_Audio|div_tono[15]         ; efectos_sonido:Inst_Audio|div_tono[15]         ; reloj_50mhz  ; reloj_50mhz ; 0.000        ; 0.045      ; 0.426      ;
; 0.297 ; efectos_sonido:Inst_Audio|div_tono[14]         ; efectos_sonido:Inst_Audio|div_tono[14]         ; reloj_50mhz  ; reloj_50mhz ; 0.000        ; 0.045      ; 0.426      ;
; 0.298 ; efectos_sonido:Inst_Audio|div_tono[10]         ; efectos_sonido:Inst_Audio|div_tono[10]         ; reloj_50mhz  ; reloj_50mhz ; 0.000        ; 0.045      ; 0.427      ;
; 0.299 ; efectos_sonido:Inst_Audio|div_tono[12]         ; efectos_sonido:Inst_Audio|div_tono[12]         ; reloj_50mhz  ; reloj_50mhz ; 0.000        ; 0.045      ; 0.428      ;
; 0.299 ; div_1mhz[2]                                    ; div_1mhz[2]                                    ; reloj_50mhz  ; reloj_50mhz ; 0.000        ; 0.037      ; 0.420      ;
; 0.303 ; display_puntaje:Inst_Puntaje|cont_refresco[16] ; display_puntaje:Inst_Puntaje|cont_refresco[16] ; reloj_50mhz  ; reloj_50mhz ; 0.000        ; 0.037      ; 0.424      ;
; 0.304 ; div_juego[1]                                   ; div_juego[1]                                   ; reloj_50mhz  ; reloj_50mhz ; 0.000        ; 0.036      ; 0.424      ;
; 0.304 ; efectos_sonido:Inst_Audio|div_tono[5]          ; efectos_sonido:Inst_Audio|div_tono[5]          ; reloj_50mhz  ; reloj_50mhz ; 0.000        ; 0.036      ; 0.424      ;
; 0.304 ; efectos_sonido:Inst_Audio|div_tono[7]          ; efectos_sonido:Inst_Audio|div_tono[7]          ; reloj_50mhz  ; reloj_50mhz ; 0.000        ; 0.036      ; 0.424      ;
; 0.305 ; div_juego[23]                                  ; div_juego[23]                                  ; reloj_50mhz  ; reloj_50mhz ; 0.000        ; 0.036      ; 0.425      ;
; 0.305 ; div_juego[15]                                  ; div_juego[15]                                  ; reloj_50mhz  ; reloj_50mhz ; 0.000        ; 0.036      ; 0.425      ;
; 0.305 ; div_juego[13]                                  ; div_juego[13]                                  ; reloj_50mhz  ; reloj_50mhz ; 0.000        ; 0.036      ; 0.425      ;
; 0.305 ; div_juego[7]                                   ; div_juego[7]                                   ; reloj_50mhz  ; reloj_50mhz ; 0.000        ; 0.036      ; 0.425      ;
; 0.305 ; div_juego[3]                                   ; div_juego[3]                                   ; reloj_50mhz  ; reloj_50mhz ; 0.000        ; 0.036      ; 0.425      ;
; 0.305 ; div_juego[2]                                   ; div_juego[2]                                   ; reloj_50mhz  ; reloj_50mhz ; 0.000        ; 0.036      ; 0.425      ;
; 0.305 ; efectos_sonido:Inst_Audio|div_tono[3]          ; efectos_sonido:Inst_Audio|div_tono[3]          ; reloj_50mhz  ; reloj_50mhz ; 0.000        ; 0.036      ; 0.425      ;
; 0.305 ; efectos_sonido:Inst_Audio|div_tono[8]          ; efectos_sonido:Inst_Audio|div_tono[8]          ; reloj_50mhz  ; reloj_50mhz ; 0.000        ; 0.037      ; 0.426      ;
; 0.306 ; div_juego[21]                                  ; div_juego[21]                                  ; reloj_50mhz  ; reloj_50mhz ; 0.000        ; 0.036      ; 0.426      ;
; 0.306 ; div_juego[5]                                   ; div_juego[5]                                   ; reloj_50mhz  ; reloj_50mhz ; 0.000        ; 0.036      ; 0.426      ;
; 0.306 ; efectos_sonido:Inst_Audio|div_tono[0]          ; efectos_sonido:Inst_Audio|div_tono[0]          ; reloj_50mhz  ; reloj_50mhz ; 0.000        ; 0.036      ; 0.426      ;
; 0.306 ; efectos_sonido:Inst_Audio|div_tono[6]          ; efectos_sonido:Inst_Audio|div_tono[6]          ; reloj_50mhz  ; reloj_50mhz ; 0.000        ; 0.036      ; 0.426      ;
; 0.306 ; display_puntaje:Inst_Puntaje|cont_refresco[15] ; display_puntaje:Inst_Puntaje|cont_refresco[15] ; reloj_50mhz  ; reloj_50mhz ; 0.000        ; 0.037      ; 0.427      ;
; 0.306 ; reloj_1mhz                                     ; reloj_1mhz                                     ; reloj_1mhz   ; reloj_50mhz ; 0.000        ; 1.198      ; 1.723      ;
; 0.307 ; div_juego[8]                                   ; div_juego[8]                                   ; reloj_50mhz  ; reloj_50mhz ; 0.000        ; 0.036      ; 0.427      ;
; 0.307 ; div_juego[6]                                   ; div_juego[6]                                   ; reloj_50mhz  ; reloj_50mhz ; 0.000        ; 0.036      ; 0.427      ;
; 0.307 ; efectos_sonido:Inst_Audio|div_tono[4]          ; efectos_sonido:Inst_Audio|div_tono[4]          ; reloj_50mhz  ; reloj_50mhz ; 0.000        ; 0.036      ; 0.427      ;
; 0.310 ; div_1mhz[5]                                    ; div_1mhz[5]                                    ; reloj_50mhz  ; reloj_50mhz ; 0.000        ; 0.037      ; 0.431      ;
; 0.318 ; div_1mhz[5]                                    ; div_1mhz[3]                                    ; reloj_50mhz  ; reloj_50mhz ; 0.000        ; 0.037      ; 0.439      ;
; 0.318 ; efectos_sonido:Inst_Audio|div_tono[7]          ; efectos_sonido:Inst_Audio|div_tono[9]          ; reloj_50mhz  ; reloj_50mhz ; 0.000        ; 0.234      ; 0.636      ;
; 0.319 ; div_1mhz[5]                                    ; div_1mhz[4]                                    ; reloj_50mhz  ; reloj_50mhz ; 0.000        ; 0.037      ; 0.440      ;
; 0.319 ; div_1mhz[5]                                    ; div_1mhz[1]                                    ; reloj_50mhz  ; reloj_50mhz ; 0.000        ; 0.037      ; 0.440      ;
; 0.321 ; efectos_sonido:Inst_Audio|div_tono[7]          ; efectos_sonido:Inst_Audio|div_tono[10]         ; reloj_50mhz  ; reloj_50mhz ; 0.000        ; 0.234      ; 0.639      ;
; 0.322 ; div_1mhz[0]                                    ; div_1mhz[0]                                    ; reloj_50mhz  ; reloj_50mhz ; 0.000        ; 0.037      ; 0.443      ;
; 0.328 ; efectos_sonido:Inst_Audio|div_tono[8]          ; efectos_sonido:Inst_Audio|div_tono[11]         ; reloj_50mhz  ; reloj_50mhz ; 0.000        ; 0.238      ; 0.650      ;
; 0.331 ; efectos_sonido:Inst_Audio|div_tono[8]          ; efectos_sonido:Inst_Audio|div_tono[12]         ; reloj_50mhz  ; reloj_50mhz ; 0.000        ; 0.238      ; 0.653      ;
; 0.332 ; efectos_sonido:Inst_Audio|div_tono[6]          ; efectos_sonido:Inst_Audio|div_tono[9]          ; reloj_50mhz  ; reloj_50mhz ; 0.000        ; 0.234      ; 0.650      ;
; 0.335 ; efectos_sonido:Inst_Audio|div_tono[6]          ; efectos_sonido:Inst_Audio|div_tono[10]         ; reloj_50mhz  ; reloj_50mhz ; 0.000        ; 0.234      ; 0.653      ;
; 0.344 ; efectos_sonido:Inst_Audio|duracion[15]         ; efectos_sonido:Inst_Audio|duracion[15]         ; reloj_50mhz  ; reloj_50mhz ; 0.000        ; 0.044      ; 0.472      ;
; 0.360 ; efectos_sonido:Inst_Audio|duracion[11]         ; efectos_sonido:Inst_Audio|duracion[11]         ; reloj_50mhz  ; reloj_50mhz ; 0.000        ; 0.044      ; 0.488      ;
; 0.383 ; display_puntaje:Inst_Puntaje|cont_refresco[1]  ; display_puntaje:Inst_Puntaje|cont_refresco[1]  ; reloj_50mhz  ; reloj_50mhz ; 0.000        ; 0.037      ; 0.504      ;
; 0.384 ; efectos_sonido:Inst_Audio|div_tono[7]          ; efectos_sonido:Inst_Audio|div_tono[11]         ; reloj_50mhz  ; reloj_50mhz ; 0.000        ; 0.234      ; 0.702      ;
; 0.384 ; efectos_sonido:Inst_Audio|div_tono[5]          ; efectos_sonido:Inst_Audio|div_tono[9]          ; reloj_50mhz  ; reloj_50mhz ; 0.000        ; 0.234      ; 0.702      ;
; 0.387 ; efectos_sonido:Inst_Audio|div_tono[7]          ; efectos_sonido:Inst_Audio|div_tono[12]         ; reloj_50mhz  ; reloj_50mhz ; 0.000        ; 0.234      ; 0.705      ;
; 0.387 ; efectos_sonido:Inst_Audio|div_tono[5]          ; efectos_sonido:Inst_Audio|div_tono[10]         ; reloj_50mhz  ; reloj_50mhz ; 0.000        ; 0.234      ; 0.705      ;
; 0.393 ; div_1mhz[0]                                    ; display_puntaje:Inst_Puntaje|cont_refresco[1]  ; reloj_50mhz  ; reloj_50mhz ; 0.000        ; 0.036      ; 0.513      ;
; 0.394 ; efectos_sonido:Inst_Audio|div_tono[8]          ; efectos_sonido:Inst_Audio|div_tono[13]         ; reloj_50mhz  ; reloj_50mhz ; 0.000        ; 0.238      ; 0.716      ;
; 0.397 ; efectos_sonido:Inst_Audio|div_tono[8]          ; efectos_sonido:Inst_Audio|div_tono[14]         ; reloj_50mhz  ; reloj_50mhz ; 0.000        ; 0.238      ; 0.719      ;
; 0.398 ; efectos_sonido:Inst_Audio|div_tono[6]          ; efectos_sonido:Inst_Audio|div_tono[11]         ; reloj_50mhz  ; reloj_50mhz ; 0.000        ; 0.234      ; 0.716      ;
; 0.399 ; efectos_sonido:Inst_Audio|div_tono[4]          ; efectos_sonido:Inst_Audio|div_tono[9]          ; reloj_50mhz  ; reloj_50mhz ; 0.000        ; 0.234      ; 0.717      ;
; 0.401 ; efectos_sonido:Inst_Audio|div_tono[6]          ; efectos_sonido:Inst_Audio|div_tono[12]         ; reloj_50mhz  ; reloj_50mhz ; 0.000        ; 0.234      ; 0.719      ;
; 0.402 ; efectos_sonido:Inst_Audio|div_tono[4]          ; efectos_sonido:Inst_Audio|div_tono[10]         ; reloj_50mhz  ; reloj_50mhz ; 0.000        ; 0.234      ; 0.720      ;
; 0.407 ; efectos_sonido:Inst_Audio|duracion[23]         ; efectos_sonido:Inst_Audio|duracion[23]         ; reloj_50mhz  ; reloj_50mhz ; 0.000        ; 0.044      ; 0.535      ;
; 0.436 ; efectos_sonido:Inst_Audio|duracion[6]          ; efectos_sonido:Inst_Audio|duracion[6]          ; reloj_50mhz  ; reloj_50mhz ; 0.000        ; 0.043      ; 0.563      ;
; 0.441 ; display_puntaje:Inst_Puntaje|cont_refresco[4]  ; display_puntaje:Inst_Puntaje|cont_refresco[5]  ; reloj_50mhz  ; reloj_50mhz ; 0.000        ; 0.037      ; 0.562      ;
+-------+------------------------------------------------+------------------------------------------------+--------------+-------------+--------------+------------+------------+


+-------------------------------------------------------------------------------------------------------------------------------------------------------------------------+
; Fast 1200mV 0C Model Hold: 'reloj_1mhz'                                                                                                                                 ;
+-------+---------------------------------------------+---------------------------------------------+--------------+-------------+--------------+------------+------------+
; Slack ; From Node                                   ; To Node                                     ; Launch Clock ; Latch Clock ; Relationship ; Clock Skew ; Data Delay ;
+-------+---------------------------------------------+---------------------------------------------+--------------+-------------+--------------+------------+------------+
; 0.184 ; spi_max7219:Inst_SPI|cs                     ; spi_max7219:Inst_SPI|cs                     ; reloj_1mhz   ; reloj_1mhz  ; 0.000        ; 0.039      ; 0.307      ;
; 0.184 ; spi_max7219:Inst_SPI|reg_desplazamiento[11] ; spi_max7219:Inst_SPI|reg_desplazamiento[11] ; reloj_1mhz   ; reloj_1mhz  ; 0.000        ; 0.039      ; 0.307      ;
; 0.184 ; spi_max7219:Inst_SPI|cont_fila[3]           ; spi_max7219:Inst_SPI|cont_fila[3]           ; reloj_1mhz   ; reloj_1mhz  ; 0.000        ; 0.039      ; 0.307      ;
; 0.184 ; spi_max7219:Inst_SPI|cont_fila[2]           ; spi_max7219:Inst_SPI|cont_fila[2]           ; reloj_1mhz   ; reloj_1mhz  ; 0.000        ; 0.039      ; 0.307      ;
; 0.184 ; spi_max7219:Inst_SPI|estado.INICIO_ENVIO    ; spi_max7219:Inst_SPI|estado.INICIO_ENVIO    ; reloj_1mhz   ; reloj_1mhz  ; 0.000        ; 0.039      ; 0.307      ;
; 0.184 ; spi_max7219:Inst_SPI|estado.GUARDAR         ; spi_max7219:Inst_SPI|estado.GUARDAR         ; reloj_1mhz   ; reloj_1mhz  ; 0.000        ; 0.039      ; 0.307      ;
; 0.184 ; spi_max7219:Inst_SPI|paso_inicio[2]         ; spi_max7219:Inst_SPI|paso_inicio[2]         ; reloj_1mhz   ; reloj_1mhz  ; 0.000        ; 0.039      ; 0.307      ;
; 0.184 ; spi_max7219:Inst_SPI|paso_inicio[1]         ; spi_max7219:Inst_SPI|paso_inicio[1]         ; reloj_1mhz   ; reloj_1mhz  ; 0.000        ; 0.039      ; 0.307      ;
; 0.184 ; spi_max7219:Inst_SPI|paso_inicio[0]         ; spi_max7219:Inst_SPI|paso_inicio[0]         ; reloj_1mhz   ; reloj_1mhz  ; 0.000        ; 0.039      ; 0.307      ;
; 0.184 ; spi_max7219:Inst_SPI|reg_desplazamiento[5]  ; spi_max7219:Inst_SPI|reg_desplazamiento[5]  ; reloj_1mhz   ; reloj_1mhz  ; 0.000        ; 0.039      ; 0.307      ;
; 0.185 ; spi_max7219:Inst_SPI|din                    ; spi_max7219:Inst_SPI|din                    ; reloj_1mhz   ; reloj_1mhz  ; 0.000        ; 0.038      ; 0.307      ;
; 0.185 ; spi_max7219:Inst_SPI|reg_desplazamiento[3]  ; spi_max7219:Inst_SPI|reg_desplazamiento[3]  ; reloj_1mhz   ; reloj_1mhz  ; 0.000        ; 0.038      ; 0.307      ;
; 0.185 ; spi_max7219:Inst_SPI|reg_desplazamiento[0]  ; spi_max7219:Inst_SPI|reg_desplazamiento[0]  ; reloj_1mhz   ; reloj_1mhz  ; 0.000        ; 0.038      ; 0.307      ;
; 0.185 ; spi_max7219:Inst_SPI|reg_desplazamiento[4]  ; spi_max7219:Inst_SPI|reg_desplazamiento[4]  ; reloj_1mhz   ; reloj_1mhz  ; 0.000        ; 0.038      ; 0.307      ;
; 0.185 ; spi_max7219:Inst_SPI|cont_bits[3]           ; spi_max7219:Inst_SPI|cont_bits[3]           ; reloj_1mhz   ; reloj_1mhz  ; 0.000        ; 0.038      ; 0.307      ;
; 0.185 ; spi_max7219:Inst_SPI|estado.ENVIAR_BITS     ; spi_max7219:Inst_SPI|estado.ENVIAR_BITS     ; reloj_1mhz   ; reloj_1mhz  ; 0.000        ; 0.038      ; 0.307      ;
; 0.185 ; spi_max7219:Inst_SPI|cont_bits[0]           ; spi_max7219:Inst_SPI|cont_bits[0]           ; reloj_1mhz   ; reloj_1mhz  ; 0.000        ; 0.038      ; 0.307      ;
; 0.185 ; spi_max7219:Inst_SPI|cont_bits[2]           ; spi_max7219:Inst_SPI|cont_bits[2]           ; reloj_1mhz   ; reloj_1mhz  ; 0.000        ; 0.038      ; 0.307      ;
; 0.185 ; spi_max7219:Inst_SPI|cont_bits[1]           ; spi_max7219:Inst_SPI|cont_bits[1]           ; reloj_1mhz   ; reloj_1mhz  ; 0.000        ; 0.038      ; 0.307      ;
; 0.185 ; spi_max7219:Inst_SPI|reg_desplazamiento[2]  ; spi_max7219:Inst_SPI|reg_desplazamiento[2]  ; reloj_1mhz   ; reloj_1mhz  ; 0.000        ; 0.038      ; 0.307      ;
; 0.185 ; spi_max7219:Inst_SPI|reg_desplazamiento[1]  ; spi_max7219:Inst_SPI|reg_desplazamiento[1]  ; reloj_1mhz   ; reloj_1mhz  ; 0.000        ; 0.038      ; 0.307      ;
; 0.185 ; spi_max7219:Inst_SPI|reg_desplazamiento[6]  ; spi_max7219:Inst_SPI|reg_desplazamiento[6]  ; reloj_1mhz   ; reloj_1mhz  ; 0.000        ; 0.038      ; 0.307      ;
; 0.185 ; spi_max7219:Inst_SPI|reg_desplazamiento[7]  ; spi_max7219:Inst_SPI|reg_desplazamiento[7]  ; reloj_1mhz   ; reloj_1mhz  ; 0.000        ; 0.038      ; 0.307      ;
; 0.185 ; spi_max7219:Inst_SPI|cont_fila[1]           ; spi_max7219:Inst_SPI|cont_fila[1]           ; reloj_1mhz   ; reloj_1mhz  ; 0.000        ; 0.038      ; 0.307      ;
; 0.187 ; juego_vibora:Inst_Juego|rand_y[2]           ; juego_vibora:Inst_Juego|rand_y[2]           ; reloj_1mhz   ; reloj_1mhz  ; 0.000        ; 0.036      ; 0.307      ;
; 0.187 ; juego_vibora:Inst_Juego|rand_y[1]           ; juego_vibora:Inst_Juego|rand_y[1]           ; reloj_1mhz   ; reloj_1mhz  ; 0.000        ; 0.036      ; 0.307      ;
; 0.187 ; juego_vibora:Inst_Juego|rand_x[2]           ; juego_vibora:Inst_Juego|rand_x[2]           ; reloj_1mhz   ; reloj_1mhz  ; 0.000        ; 0.036      ; 0.307      ;
; 0.187 ; juego_vibora:Inst_Juego|rand_x[1]           ; juego_vibora:Inst_Juego|rand_x[1]           ; reloj_1mhz   ; reloj_1mhz  ; 0.000        ; 0.036      ; 0.307      ;
; 0.192 ; spi_max7219:Inst_SPI|cont_fila[0]           ; spi_max7219:Inst_SPI|cont_fila[0]           ; reloj_1mhz   ; reloj_1mhz  ; 0.000        ; 0.038      ; 0.314      ;
; 0.201 ; spi_max7219:Inst_SPI|paso_inicio[1]         ; spi_max7219:Inst_SPI|paso_inicio[2]         ; reloj_1mhz   ; reloj_1mhz  ; 0.000        ; 0.039      ; 0.324      ;
; 0.205 ; juego_vibora:Inst_Juego|rand_x[1]           ; juego_vibora:Inst_Juego|rand_x[2]           ; reloj_1mhz   ; reloj_1mhz  ; 0.000        ; 0.036      ; 0.325      ;
; 0.220 ; spi_max7219:Inst_SPI|estado.GUARDAR         ; spi_max7219:Inst_SPI|estado.ESPERA          ; reloj_1mhz   ; reloj_1mhz  ; 0.000        ; 0.039      ; 0.343      ;
; 0.223 ; spi_max7219:Inst_SPI|paso_inicio[2]         ; spi_max7219:Inst_SPI|paso_inicio[0]         ; reloj_1mhz   ; reloj_1mhz  ; 0.000        ; 0.039      ; 0.346      ;
; 0.224 ; spi_max7219:Inst_SPI|paso_inicio[2]         ; spi_max7219:Inst_SPI|estado.INICIO_ARRANQUE ; reloj_1mhz   ; reloj_1mhz  ; 0.000        ; 0.039      ; 0.347      ;
; 0.228 ; spi_max7219:Inst_SPI|cont_fila[0]           ; spi_max7219:Inst_SPI|cont_fila[1]           ; reloj_1mhz   ; reloj_1mhz  ; 0.000        ; 0.038      ; 0.350      ;
; 0.259 ; spi_max7219:Inst_SPI|cont_fila[3]           ; spi_max7219:Inst_SPI|reg_desplazamiento[11] ; reloj_1mhz   ; reloj_1mhz  ; 0.000        ; 0.039      ; 0.382      ;
; 0.278 ; spi_max7219:Inst_SPI|paso_inicio[0]         ; spi_max7219:Inst_SPI|paso_inicio[1]         ; reloj_1mhz   ; reloj_1mhz  ; 0.000        ; 0.039      ; 0.401      ;
; 0.282 ; juego_vibora:Inst_Juego|rand_x[0]           ; juego_vibora:Inst_Juego|rand_x[1]           ; reloj_1mhz   ; reloj_1mhz  ; 0.000        ; 0.036      ; 0.402      ;
; 0.300 ; juego_vibora:Inst_Juego|rand_y[1]           ; juego_vibora:Inst_Juego|rand_y[2]           ; reloj_1mhz   ; reloj_1mhz  ; 0.000        ; 0.036      ; 0.420      ;
; 0.314 ; spi_max7219:Inst_SPI|cont_fila[2]           ; spi_max7219:Inst_SPI|cont_fila[3]           ; reloj_1mhz   ; reloj_1mhz  ; 0.000        ; 0.039      ; 0.437      ;
; 0.328 ; spi_max7219:Inst_SPI|estado.GUARDAR         ; spi_max7219:Inst_SPI|paso_inicio[2]         ; reloj_1mhz   ; reloj_1mhz  ; 0.000        ; 0.039      ; 0.451      ;
; 0.329 ; spi_max7219:Inst_SPI|estado.INICIO_ENVIO    ; spi_max7219:Inst_SPI|estado.GUARDAR         ; reloj_1mhz   ; reloj_1mhz  ; 0.000        ; 0.039      ; 0.452      ;
; 0.330 ; spi_max7219:Inst_SPI|paso_inicio[2]         ; spi_max7219:Inst_SPI|estado.ESPERA          ; reloj_1mhz   ; reloj_1mhz  ; 0.000        ; 0.039      ; 0.453      ;
; 0.333 ; spi_max7219:Inst_SPI|estado.GUARDAR         ; spi_max7219:Inst_SPI|paso_inicio[1]         ; reloj_1mhz   ; reloj_1mhz  ; 0.000        ; 0.039      ; 0.456      ;
; 0.336 ; spi_max7219:Inst_SPI|estado.INICIO_ARRANQUE ; spi_max7219:Inst_SPI|estado.INICIO_ENVIO    ; reloj_1mhz   ; reloj_1mhz  ; 0.000        ; 0.039      ; 0.459      ;
; 0.337 ; spi_max7219:Inst_SPI|estado.GUARDAR         ; spi_max7219:Inst_SPI|cs                     ; reloj_1mhz   ; reloj_1mhz  ; 0.000        ; 0.039      ; 0.460      ;
; 0.338 ; spi_max7219:Inst_SPI|estado.ESPERA          ; spi_max7219:Inst_SPI|estado.CARGAR_FILA     ; reloj_1mhz   ; reloj_1mhz  ; 0.000        ; 0.039      ; 0.461      ;
; 0.339 ; spi_max7219:Inst_SPI|paso_inicio[2]         ; spi_max7219:Inst_SPI|estado.INICIO_ENVIO    ; reloj_1mhz   ; reloj_1mhz  ; 0.000        ; 0.039      ; 0.462      ;
; 0.355 ; spi_max7219:Inst_SPI|estado.GUARDAR         ; spi_max7219:Inst_SPI|paso_inicio[0]         ; reloj_1mhz   ; reloj_1mhz  ; 0.000        ; 0.039      ; 0.478      ;
; 0.357 ; juego_vibora:Inst_Juego|rand_x[2]           ; juego_vibora:Inst_Juego|rand_y[0]           ; reloj_1mhz   ; reloj_1mhz  ; 0.000        ; 0.036      ; 0.477      ;
; 0.357 ; spi_max7219:Inst_SPI|estado.GUARDAR         ; spi_max7219:Inst_SPI|estado.INICIO_ARRANQUE ; reloj_1mhz   ; reloj_1mhz  ; 0.000        ; 0.039      ; 0.480      ;
; 0.364 ; spi_max7219:Inst_SPI|cont_bits[0]           ; spi_max7219:Inst_SPI|cont_bits[2]           ; reloj_1mhz   ; reloj_1mhz  ; 0.000        ; 0.038      ; 0.486      ;
; 0.365 ; juego_vibora:Inst_Juego|rand_x[1]           ; juego_vibora:Inst_Juego|rand_y[1]           ; reloj_1mhz   ; reloj_1mhz  ; 0.000        ; 0.036      ; 0.485      ;
; 0.367 ; juego_vibora:Inst_Juego|rand_x[1]           ; juego_vibora:Inst_Juego|rand_y[2]           ; reloj_1mhz   ; reloj_1mhz  ; 0.000        ; 0.036      ; 0.487      ;
; 0.373 ; spi_max7219:Inst_SPI|estado.INICIO_ARRANQUE ; spi_max7219:Inst_SPI|reg_desplazamiento[11] ; reloj_1mhz   ; reloj_1mhz  ; 0.000        ; 0.039      ; 0.496      ;
; 0.375 ; spi_max7219:Inst_SPI|estado.INICIO_ARRANQUE ; spi_max7219:Inst_SPI|estado.ESPERA          ; reloj_1mhz   ; reloj_1mhz  ; 0.000        ; 0.039      ; 0.498      ;
; 0.377 ; spi_max7219:Inst_SPI|estado.ESPERA          ; spi_max7219:Inst_SPI|cs                     ; reloj_1mhz   ; reloj_1mhz  ; 0.000        ; 0.039      ; 0.500      ;
; 0.378 ; spi_max7219:Inst_SPI|paso_inicio[0]         ; spi_max7219:Inst_SPI|paso_inicio[2]         ; reloj_1mhz   ; reloj_1mhz  ; 0.000        ; 0.039      ; 0.501      ;
; 0.382 ; juego_vibora:Inst_Juego|rand_x[0]           ; juego_vibora:Inst_Juego|rand_x[2]           ; reloj_1mhz   ; reloj_1mhz  ; 0.000        ; 0.036      ; 0.502      ;
; 0.400 ; spi_max7219:Inst_SPI|paso_inicio[2]         ; spi_max7219:Inst_SPI|paso_inicio[1]         ; reloj_1mhz   ; reloj_1mhz  ; 0.000        ; 0.039      ; 0.523      ;
; 0.418 ; juego_vibora:Inst_Juego|rand_y[0]           ; juego_vibora:Inst_Juego|rand_y[0]           ; reloj_1mhz   ; reloj_1mhz  ; 0.000        ; 0.036      ; 0.538      ;
; 0.433 ; juego_vibora:Inst_Juego|rand_x[0]           ; juego_vibora:Inst_Juego|rand_y[1]           ; reloj_1mhz   ; reloj_1mhz  ; 0.000        ; 0.036      ; 0.553      ;
; 0.435 ; juego_vibora:Inst_Juego|rand_x[0]           ; juego_vibora:Inst_Juego|rand_y[2]           ; reloj_1mhz   ; reloj_1mhz  ; 0.000        ; 0.036      ; 0.555      ;
; 0.444 ; spi_max7219:Inst_SPI|cont_bits[0]           ; spi_max7219:Inst_SPI|cont_bits[1]           ; reloj_1mhz   ; reloj_1mhz  ; 0.000        ; 0.028      ; 0.556      ;
; 0.447 ; juego_vibora:Inst_Juego|rand_x[0]           ; juego_vibora:Inst_Juego|rand_x[0]           ; reloj_1mhz   ; reloj_1mhz  ; 0.000        ; 0.036      ; 0.567      ;
; 0.461 ; juego_vibora:Inst_Juego|rand_x[2]           ; juego_vibora:Inst_Juego|rand_y[1]           ; reloj_1mhz   ; reloj_1mhz  ; 0.000        ; 0.036      ; 0.581      ;
; 0.463 ; juego_vibora:Inst_Juego|rand_x[2]           ; juego_vibora:Inst_Juego|rand_y[2]           ; reloj_1mhz   ; reloj_1mhz  ; 0.000        ; 0.036      ; 0.583      ;
; 0.464 ; juego_vibora:Inst_Juego|rand_x[1]           ; juego_vibora:Inst_Juego|rand_y[0]           ; reloj_1mhz   ; reloj_1mhz  ; 0.000        ; 0.036      ; 0.584      ;
; 0.466 ; juego_vibora:Inst_Juego|rand_y[0]           ; juego_vibora:Inst_Juego|rand_y[1]           ; reloj_1mhz   ; reloj_1mhz  ; 0.000        ; 0.036      ; 0.586      ;
; 0.468 ; juego_vibora:Inst_Juego|rand_y[0]           ; juego_vibora:Inst_Juego|rand_y[2]           ; reloj_1mhz   ; reloj_1mhz  ; 0.000        ; 0.036      ; 0.588      ;
; 0.474 ; juego_vibora:Inst_Juego|rand_x[0]           ; juego_vibora:Inst_Juego|rand_y[0]           ; reloj_1mhz   ; reloj_1mhz  ; 0.000        ; 0.036      ; 0.594      ;
; 0.507 ; spi_max7219:Inst_SPI|cont_bits[3]           ; spi_max7219:Inst_SPI|estado.ENVIAR_BITS     ; reloj_1mhz   ; reloj_1mhz  ; 0.000        ; 0.038      ; 0.629      ;
; 0.519 ; spi_max7219:Inst_SPI|cont_bits[3]           ; spi_max7219:Inst_SPI|din                    ; reloj_1mhz   ; reloj_1mhz  ; 0.000        ; 0.028      ; 0.631      ;
; 0.543 ; spi_max7219:Inst_SPI|cont_bits[1]           ; spi_max7219:Inst_SPI|cont_bits[3]           ; reloj_1mhz   ; reloj_1mhz  ; 0.000        ; 0.048      ; 0.675      ;
; 0.544 ; spi_max7219:Inst_SPI|estado.CARGAR_FILA     ; spi_max7219:Inst_SPI|reg_desplazamiento[11] ; reloj_1mhz   ; reloj_1mhz  ; 0.000        ; 0.039      ; 0.667      ;
; 0.553 ; spi_max7219:Inst_SPI|estado.INICIO_ENVIO    ; spi_max7219:Inst_SPI|cs                     ; reloj_1mhz   ; reloj_1mhz  ; 0.000        ; 0.039      ; 0.676      ;
; 0.566 ; spi_max7219:Inst_SPI|paso_inicio[1]         ; spi_max7219:Inst_SPI|reg_desplazamiento[10] ; reloj_1mhz   ; reloj_1mhz  ; 0.000        ; 0.038      ; 0.688      ;
; 0.566 ; spi_max7219:Inst_SPI|estado.CARGAR_FILA     ; spi_max7219:Inst_SPI|reg_desplazamiento[9]  ; reloj_1mhz   ; reloj_1mhz  ; 0.000        ; 0.038      ; 0.688      ;
; 0.567 ; spi_max7219:Inst_SPI|estado.CARGAR_FILA     ; spi_max7219:Inst_SPI|reg_desplazamiento[8]  ; reloj_1mhz   ; reloj_1mhz  ; 0.000        ; 0.038      ; 0.689      ;
; 0.569 ; spi_max7219:Inst_SPI|estado.CARGAR_FILA     ; spi_max7219:Inst_SPI|reg_desplazamiento[10] ; reloj_1mhz   ; reloj_1mhz  ; 0.000        ; 0.038      ; 0.691      ;
; 0.572 ; spi_max7219:Inst_SPI|paso_inicio[1]         ; spi_max7219:Inst_SPI|reg_desplazamiento[9]  ; reloj_1mhz   ; reloj_1mhz  ; 0.000        ; 0.038      ; 0.694      ;
; 0.574 ; spi_max7219:Inst_SPI|estado.CARGAR_FILA     ; spi_max7219:Inst_SPI|estado.ENVIAR_BITS     ; reloj_1mhz   ; reloj_1mhz  ; 0.000        ; 0.038      ; 0.696      ;
; 0.576 ; spi_max7219:Inst_SPI|estado.INICIO_ARRANQUE ; spi_max7219:Inst_SPI|cont_bits[0]           ; reloj_1mhz   ; reloj_1mhz  ; 0.000        ; 0.038      ; 0.698      ;
; 0.577 ; spi_max7219:Inst_SPI|paso_inicio[0]         ; spi_max7219:Inst_SPI|reg_desplazamiento[10] ; reloj_1mhz   ; reloj_1mhz  ; 0.000        ; 0.038      ; 0.699      ;
; 0.578 ; spi_max7219:Inst_SPI|paso_inicio[2]         ; spi_max7219:Inst_SPI|cs                     ; reloj_1mhz   ; reloj_1mhz  ; 0.000        ; 0.039      ; 0.701      ;
; 0.582 ; spi_max7219:Inst_SPI|estado.GUARDAR         ; spi_max7219:Inst_SPI|cont_fila[2]           ; reloj_1mhz   ; reloj_1mhz  ; 0.000        ; 0.039      ; 0.705      ;
; 0.584 ; spi_max7219:Inst_SPI|paso_inicio[0]         ; spi_max7219:Inst_SPI|reg_desplazamiento[9]  ; reloj_1mhz   ; reloj_1mhz  ; 0.000        ; 0.038      ; 0.706      ;
; 0.585 ; spi_max7219:Inst_SPI|paso_inicio[0]         ; spi_max7219:Inst_SPI|reg_desplazamiento[8]  ; reloj_1mhz   ; reloj_1mhz  ; 0.000        ; 0.038      ; 0.707      ;
; 0.591 ; spi_max7219:Inst_SPI|cont_bits[1]           ; spi_max7219:Inst_SPI|cont_bits[2]           ; reloj_1mhz   ; reloj_1mhz  ; 0.000        ; 0.048      ; 0.723      ;
; 0.595 ; spi_max7219:Inst_SPI|estado.ENVIAR_BITS     ; spi_max7219:Inst_SPI|din                    ; reloj_1mhz   ; reloj_1mhz  ; 0.000        ; 0.028      ; 0.707      ;
; 0.597 ; spi_max7219:Inst_SPI|cont_bits[3]           ; spi_max7219:Inst_SPI|estado.INICIO_ENVIO    ; reloj_1mhz   ; reloj_1mhz  ; 0.000        ; 0.039      ; 0.720      ;
; 0.601 ; spi_max7219:Inst_SPI|estado.INICIO_ARRANQUE ; spi_max7219:Inst_SPI|cs                     ; reloj_1mhz   ; reloj_1mhz  ; 0.000        ; 0.039      ; 0.724      ;
; 0.615 ; spi_max7219:Inst_SPI|cont_bits[2]           ; spi_max7219:Inst_SPI|estado.ENVIAR_BITS     ; reloj_1mhz   ; reloj_1mhz  ; 0.000        ; 0.038      ; 0.737      ;
; 0.615 ; spi_max7219:Inst_SPI|cont_bits[2]           ; spi_max7219:Inst_SPI|din                    ; reloj_1mhz   ; reloj_1mhz  ; 0.000        ; 0.028      ; 0.727      ;
; 0.619 ; spi_max7219:Inst_SPI|estado.ENVIAR_BITS     ; spi_max7219:Inst_SPI|cont_bits[0]           ; reloj_1mhz   ; reloj_1mhz  ; 0.000        ; 0.038      ; 0.741      ;
; 0.621 ; spi_max7219:Inst_SPI|cont_bits[0]           ; spi_max7219:Inst_SPI|estado.ENVIAR_BITS     ; reloj_1mhz   ; reloj_1mhz  ; 0.000        ; 0.038      ; 0.743      ;
; 0.647 ; spi_max7219:Inst_SPI|cont_fila[0]           ; spi_max7219:Inst_SPI|cont_fila[2]           ; reloj_1mhz   ; reloj_1mhz  ; 0.000        ; 0.057      ; 0.788      ;
; 0.647 ; spi_max7219:Inst_SPI|cont_fila[0]           ; spi_max7219:Inst_SPI|cont_fila[3]           ; reloj_1mhz   ; reloj_1mhz  ; 0.000        ; 0.057      ; 0.788      ;
; 0.663 ; spi_max7219:Inst_SPI|estado.ENVIAR_BITS     ; spi_max7219:Inst_SPI|estado.GUARDAR         ; reloj_1mhz   ; reloj_1mhz  ; 0.000        ; 0.039      ; 0.786      ;
; 0.674 ; spi_max7219:Inst_SPI|cont_bits[3]           ; spi_max7219:Inst_SPI|cont_bits[0]           ; reloj_1mhz   ; reloj_1mhz  ; 0.000        ; 0.038      ; 0.796      ;
+-------+---------------------------------------------+---------------------------------------------+--------------+-------------+--------------+------------+------------+


+-------------------------------------------------------------------------------------------------------------------------------------------------------------------+
; Fast 1200mV 0C Model Hold: 'reloj_juego'                                                                                                                          ;
+-------+------------------------------------------+------------------------------------------+--------------+-------------+--------------+------------+------------+
; Slack ; From Node                                ; To Node                                  ; Launch Clock ; Latch Clock ; Relationship ; Clock Skew ; Data Delay ;
+-------+------------------------------------------+------------------------------------------+--------------+-------------+--------------+------------+------------+
; 0.186 ; juego_vibora:Inst_Juego|tamano_vibora[0] ; juego_vibora:Inst_Juego|tamano_vibora[0] ; reloj_juego  ; reloj_juego ; 0.000        ; 0.037      ; 0.307      ;
; 0.187 ; juego_vibora:Inst_Juego|dir_actual[1]    ; juego_vibora:Inst_Juego|dir_actual[1]    ; reloj_juego  ; reloj_juego ; 0.000        ; 0.036      ; 0.307      ;
; 0.187 ; juego_vibora:Inst_Juego|dir_actual[0]    ; juego_vibora:Inst_Juego|dir_actual[0]    ; reloj_juego  ; reloj_juego ; 0.000        ; 0.036      ; 0.307      ;
; 0.276 ; juego_vibora:Inst_Juego|vibora[32].y[0]  ; juego_vibora:Inst_Juego|vibora[33].y[0]  ; reloj_juego  ; reloj_juego ; 0.000        ; 0.235      ; 0.595      ;
; 0.283 ; juego_vibora:Inst_Juego|vibora[36].x[2]  ; juego_vibora:Inst_Juego|vibora[37].x[2]  ; reloj_juego  ; reloj_juego ; 0.000        ; 0.037      ; 0.404      ;
; 0.284 ; juego_vibora:Inst_Juego|vibora[47].x[2]  ; juego_vibora:Inst_Juego|vibora[48].x[2]  ; reloj_juego  ; reloj_juego ; 0.000        ; 0.036      ; 0.404      ;
; 0.286 ; juego_vibora:Inst_Juego|vibora[47].y[1]  ; juego_vibora:Inst_Juego|vibora[48].y[1]  ; reloj_juego  ; reloj_juego ; 0.000        ; 0.036      ; 0.406      ;
; 0.288 ; juego_vibora:Inst_Juego|vibora[38].y[2]  ; juego_vibora:Inst_Juego|vibora[39].y[2]  ; reloj_juego  ; reloj_juego ; 0.000        ; 0.032      ; 0.404      ;
; 0.291 ; juego_vibora:Inst_Juego|vibora[38].y[1]  ; juego_vibora:Inst_Juego|vibora[39].y[1]  ; reloj_juego  ; reloj_juego ; 0.000        ; 0.032      ; 0.407      ;
; 0.304 ; juego_vibora:Inst_Juego|vibora[38].y[0]  ; juego_vibora:Inst_Juego|vibora[39].y[0]  ; reloj_juego  ; reloj_juego ; 0.000        ; 0.032      ; 0.420      ;
; 0.317 ; juego_vibora:Inst_Juego|tamano_vibora[2] ; juego_vibora:Inst_Juego|tamano_vibora[2] ; reloj_juego  ; reloj_juego ; 0.000        ; 0.037      ; 0.438      ;
; 0.330 ; juego_vibora:Inst_Juego|tamano_vibora[5] ; juego_vibora:Inst_Juego|tamano_vibora[5] ; reloj_juego  ; reloj_juego ; 0.000        ; 0.037      ; 0.451      ;
; 0.330 ; juego_vibora:Inst_Juego|tamano_vibora[4] ; juego_vibora:Inst_Juego|tamano_vibora[4] ; reloj_juego  ; reloj_juego ; 0.000        ; 0.037      ; 0.451      ;
; 0.331 ; juego_vibora:Inst_Juego|tamano_vibora[3] ; juego_vibora:Inst_Juego|tamano_vibora[3] ; reloj_juego  ; reloj_juego ; 0.000        ; 0.037      ; 0.452      ;
; 0.331 ; juego_vibora:Inst_Juego|tamano_vibora[1] ; juego_vibora:Inst_Juego|tamano_vibora[1] ; reloj_juego  ; reloj_juego ; 0.000        ; 0.037      ; 0.452      ;
; 0.332 ; juego_vibora:Inst_Juego|vibora[24].y[2]  ; juego_vibora:Inst_Juego|vibora[25].y[2]  ; reloj_juego  ; reloj_juego ; 0.000        ; 0.045      ; 0.461      ;
; 0.339 ; juego_vibora:Inst_Juego|vibora[19].x[0]  ; juego_vibora:Inst_Juego|vibora[20].x[0]  ; reloj_juego  ; reloj_juego ; 0.000        ; 0.055      ; 0.478      ;
; 0.339 ; juego_vibora:Inst_Juego|vibora[30].y[2]  ; juego_vibora:Inst_Juego|vibora[31].y[2]  ; reloj_juego  ; reloj_juego ; 0.000        ; 0.223      ; 0.646      ;
; 0.339 ; juego_vibora:Inst_Juego|tamano_vibora[0] ; juego_vibora:Inst_Juego|record_maximo[0] ; reloj_juego  ; reloj_juego ; 0.000        ; 0.037      ; 0.460      ;
; 0.339 ; juego_vibora:Inst_Juego|tamano_vibora[6] ; juego_vibora:Inst_Juego|tamano_vibora[6] ; reloj_juego  ; reloj_juego ; 0.000        ; 0.037      ; 0.460      ;
; 0.339 ; juego_vibora:Inst_Juego|vibora[49].x[1]  ; juego_vibora:Inst_Juego|vibora[50].x[1]  ; reloj_juego  ; reloj_juego ; 0.000        ; 0.044      ; 0.467      ;
; 0.339 ; juego_vibora:Inst_Juego|vibora[33].x[1]  ; juego_vibora:Inst_Juego|vibora[34].x[1]  ; reloj_juego  ; reloj_juego ; 0.000        ; 0.047      ; 0.470      ;
; 0.342 ; juego_vibora:Inst_Juego|vibora[12].y[1]  ; juego_vibora:Inst_Juego|vibora[13].y[1]  ; reloj_juego  ; reloj_juego ; 0.000        ; 0.046      ; 0.472      ;
; 0.342 ; juego_vibora:Inst_Juego|vibora[7].y[0]   ; juego_vibora:Inst_Juego|vibora[8].y[0]   ; reloj_juego  ; reloj_juego ; 0.000        ; 0.046      ; 0.472      ;
; 0.343 ; juego_vibora:Inst_Juego|vibora[24].x[0]  ; juego_vibora:Inst_Juego|vibora[25].x[0]  ; reloj_juego  ; reloj_juego ; 0.000        ; 0.045      ; 0.472      ;
; 0.343 ; juego_vibora:Inst_Juego|vibora[40].x[0]  ; juego_vibora:Inst_Juego|vibora[41].x[0]  ; reloj_juego  ; reloj_juego ; 0.000        ; 0.045      ; 0.472      ;
; 0.345 ; juego_vibora:Inst_Juego|vibora[19].x[1]  ; juego_vibora:Inst_Juego|vibora[20].x[1]  ; reloj_juego  ; reloj_juego ; 0.000        ; 0.055      ; 0.484      ;
; 0.345 ; juego_vibora:Inst_Juego|vibora[26].y[2]  ; juego_vibora:Inst_Juego|vibora[27].y[2]  ; reloj_juego  ; reloj_juego ; 0.000        ; 0.237      ; 0.666      ;
; 0.345 ; juego_vibora:Inst_Juego|vibora[51].y[2]  ; juego_vibora:Inst_Juego|vibora[52].y[2]  ; reloj_juego  ; reloj_juego ; 0.000        ; 0.043      ; 0.472      ;
; 0.345 ; juego_vibora:Inst_Juego|rand_y[2]        ; juego_vibora:Inst_Juego|pos_comida.y[2]  ; reloj_1mhz   ; reloj_juego ; 0.000        ; -0.130     ; 0.319      ;
; 0.348 ; juego_vibora:Inst_Juego|rand_y[1]        ; juego_vibora:Inst_Juego|pos_comida.y[1]  ; reloj_1mhz   ; reloj_juego ; 0.000        ; -0.130     ; 0.322      ;
; 0.350 ; juego_vibora:Inst_Juego|vibora[51].y[1]  ; juego_vibora:Inst_Juego|vibora[52].y[1]  ; reloj_juego  ; reloj_juego ; 0.000        ; 0.043      ; 0.477      ;
; 0.350 ; juego_vibora:Inst_Juego|vibora[42].x[2]  ; juego_vibora:Inst_Juego|vibora[43].x[2]  ; reloj_juego  ; reloj_juego ; 0.000        ; 0.044      ; 0.478      ;
; 0.352 ; juego_vibora:Inst_Juego|vibora[41].y[1]  ; juego_vibora:Inst_Juego|vibora[42].y[1]  ; reloj_juego  ; reloj_juego ; 0.000        ; 0.037      ; 0.473      ;
; 0.352 ; juego_vibora:Inst_Juego|rand_x[2]        ; juego_vibora:Inst_Juego|pos_comida.x[2]  ; reloj_1mhz   ; reloj_juego ; 0.000        ; -0.130     ; 0.326      ;
; 0.353 ; juego_vibora:Inst_Juego|vibora[7].x[2]   ; juego_vibora:Inst_Juego|vibora[8].x[2]   ; reloj_juego  ; reloj_juego ; 0.000        ; 0.046      ; 0.483      ;
; 0.353 ; juego_vibora:Inst_Juego|vibora[51].x[2]  ; juego_vibora:Inst_Juego|vibora[52].x[2]  ; reloj_juego  ; reloj_juego ; 0.000        ; 0.043      ; 0.480      ;
; 0.354 ; juego_vibora:Inst_Juego|vibora[30].y[1]  ; juego_vibora:Inst_Juego|vibora[31].y[1]  ; reloj_juego  ; reloj_juego ; 0.000        ; 0.223      ; 0.661      ;
; 0.354 ; juego_vibora:Inst_Juego|vibora[38].x[2]  ; juego_vibora:Inst_Juego|vibora[39].x[2]  ; reloj_juego  ; reloj_juego ; 0.000        ; 0.032      ; 0.470      ;
; 0.355 ; juego_vibora:Inst_Juego|vibora[18].y[2]  ; juego_vibora:Inst_Juego|vibora[19].y[2]  ; reloj_juego  ; reloj_juego ; 0.000        ; 0.241      ; 0.680      ;
; 0.355 ; juego_vibora:Inst_Juego|rand_x[1]        ; juego_vibora:Inst_Juego|pos_comida.x[1]  ; reloj_1mhz   ; reloj_juego ; 0.000        ; -0.130     ; 0.329      ;
; 0.356 ; juego_vibora:Inst_Juego|vibora[24].y[0]  ; juego_vibora:Inst_Juego|vibora[25].y[0]  ; reloj_juego  ; reloj_juego ; 0.000        ; 0.045      ; 0.485      ;
; 0.356 ; juego_vibora:Inst_Juego|vibora[40].x[1]  ; juego_vibora:Inst_Juego|vibora[41].x[1]  ; reloj_juego  ; reloj_juego ; 0.000        ; 0.045      ; 0.485      ;
; 0.356 ; juego_vibora:Inst_Juego|vibora[33].y[2]  ; juego_vibora:Inst_Juego|vibora[34].y[2]  ; reloj_juego  ; reloj_juego ; 0.000        ; 0.047      ; 0.487      ;
; 0.370 ; juego_vibora:Inst_Juego|vibora[1].x[0]   ; juego_vibora:Inst_Juego|vibora[2].x[0]   ; reloj_juego  ; reloj_juego ; 0.000        ; 0.242      ; 0.696      ;
; 0.390 ; juego_vibora:Inst_Juego|vibora[18].y[1]  ; juego_vibora:Inst_Juego|vibora[19].y[1]  ; reloj_juego  ; reloj_juego ; 0.000        ; 0.241      ; 0.715      ;
; 0.404 ; juego_vibora:Inst_Juego|vibora[30].x[0]  ; juego_vibora:Inst_Juego|vibora[31].x[0]  ; reloj_juego  ; reloj_juego ; 0.000        ; 0.031      ; 0.519      ;
; 0.407 ; juego_vibora:Inst_Juego|tamano_vibora[4] ; juego_vibora:Inst_Juego|record_maximo[4] ; reloj_juego  ; reloj_juego ; 0.000        ; 0.036      ; 0.527      ;
; 0.410 ; juego_vibora:Inst_Juego|tamano_vibora[2] ; juego_vibora:Inst_Juego|record_maximo[2] ; reloj_juego  ; reloj_juego ; 0.000        ; 0.036      ; 0.530      ;
; 0.412 ; juego_vibora:Inst_Juego|vibora[30].x[1]  ; juego_vibora:Inst_Juego|vibora[31].x[1]  ; reloj_juego  ; reloj_juego ; 0.000        ; 0.031      ; 0.527      ;
; 0.421 ; juego_vibora:Inst_Juego|tamano_vibora[6] ; juego_vibora:Inst_Juego|record_maximo[6] ; reloj_juego  ; reloj_juego ; 0.000        ; 0.036      ; 0.541      ;
; 0.422 ; juego_vibora:Inst_Juego|tamano_vibora[1] ; juego_vibora:Inst_Juego|record_maximo[1] ; reloj_juego  ; reloj_juego ; 0.000        ; 0.036      ; 0.542      ;
; 0.425 ; juego_vibora:Inst_Juego|vibora[37].y[2]  ; juego_vibora:Inst_Juego|vibora[38].y[2]  ; reloj_juego  ; reloj_juego ; 0.000        ; 0.242      ; 0.751      ;
; 0.426 ; juego_vibora:Inst_Juego|rand_y[0]        ; juego_vibora:Inst_Juego|pos_comida.y[0]  ; reloj_1mhz   ; reloj_juego ; 0.000        ; -0.130     ; 0.400      ;
; 0.427 ; juego_vibora:Inst_Juego|tamano_vibora[3] ; juego_vibora:Inst_Juego|record_maximo[3] ; reloj_juego  ; reloj_juego ; 0.000        ; 0.036      ; 0.547      ;
; 0.428 ; juego_vibora:Inst_Juego|vibora[37].y[1]  ; juego_vibora:Inst_Juego|vibora[38].y[1]  ; reloj_juego  ; reloj_juego ; 0.000        ; 0.242      ; 0.754      ;
; 0.432 ; juego_vibora:Inst_Juego|vibora[12].x[0]  ; juego_vibora:Inst_Juego|vibora[13].x[0]  ; reloj_juego  ; reloj_juego ; 0.000        ; 0.046      ; 0.562      ;
; 0.438 ; juego_vibora:Inst_Juego|rand_x[0]        ; juego_vibora:Inst_Juego|pos_comida.x[0]  ; reloj_1mhz   ; reloj_juego ; 0.000        ; -0.130     ; 0.412      ;
; 0.440 ; juego_vibora:Inst_Juego|tamano_vibora[5] ; juego_vibora:Inst_Juego|record_maximo[5] ; reloj_juego  ; reloj_juego ; 0.000        ; 0.036      ; 0.560      ;
; 0.441 ; juego_vibora:Inst_Juego|vibora[28].x[1]  ; juego_vibora:Inst_Juego|vibora[29].x[1]  ; reloj_juego  ; reloj_juego ; 0.000        ; 0.049      ; 0.574      ;
; 0.441 ; juego_vibora:Inst_Juego|vibora[12].y[2]  ; juego_vibora:Inst_Juego|vibora[13].y[2]  ; reloj_juego  ; reloj_juego ; 0.000        ; 0.046      ; 0.571      ;
; 0.441 ; juego_vibora:Inst_Juego|vibora[6].y[1]   ; juego_vibora:Inst_Juego|vibora[7].y[1]   ; reloj_juego  ; reloj_juego ; 0.000        ; 0.043      ; 0.568      ;
; 0.441 ; juego_vibora:Inst_Juego|vibora[60].x[2]  ; juego_vibora:Inst_Juego|vibora[61].x[2]  ; reloj_juego  ; reloj_juego ; 0.000        ; 0.044      ; 0.569      ;
; 0.443 ; juego_vibora:Inst_Juego|tamano_vibora[6] ; juego_vibora:Inst_Juego|tamano_vibora[0] ; reloj_juego  ; reloj_juego ; 0.000        ; 0.036      ; 0.563      ;
; 0.444 ; juego_vibora:Inst_Juego|vibora[33].y[0]  ; juego_vibora:Inst_Juego|vibora[34].y[0]  ; reloj_juego  ; reloj_juego ; 0.000        ; 0.047      ; 0.575      ;
; 0.445 ; juego_vibora:Inst_Juego|vibora[6].y[2]   ; juego_vibora:Inst_Juego|vibora[7].y[2]   ; reloj_juego  ; reloj_juego ; 0.000        ; 0.043      ; 0.572      ;
; 0.447 ; juego_vibora:Inst_Juego|vibora[13].x[0]  ; juego_vibora:Inst_Juego|vibora[14].x[0]  ; reloj_juego  ; reloj_juego ; 0.000        ; 0.045      ; 0.576      ;
; 0.448 ; juego_vibora:Inst_Juego|vibora[9].y[2]   ; juego_vibora:Inst_Juego|vibora[10].y[2]  ; reloj_juego  ; reloj_juego ; 0.000        ; 0.036      ; 0.568      ;
; 0.448 ; juego_vibora:Inst_Juego|vibora[58].y[0]  ; juego_vibora:Inst_Juego|vibora[59].y[0]  ; reloj_juego  ; reloj_juego ; 0.000        ; 0.046      ; 0.578      ;
; 0.450 ; juego_vibora:Inst_Juego|vibora[56].y[0]  ; juego_vibora:Inst_Juego|vibora[57].y[0]  ; reloj_juego  ; reloj_juego ; 0.000        ; 0.042      ; 0.576      ;
; 0.451 ; juego_vibora:Inst_Juego|vibora[28].y[1]  ; juego_vibora:Inst_Juego|vibora[29].y[1]  ; reloj_juego  ; reloj_juego ; 0.000        ; 0.049      ; 0.584      ;
; 0.452 ; juego_vibora:Inst_Juego|vibora[33].x[2]  ; juego_vibora:Inst_Juego|vibora[34].x[2]  ; reloj_juego  ; reloj_juego ; 0.000        ; 0.047      ; 0.583      ;
; 0.455 ; juego_vibora:Inst_Juego|vibora[26].y[1]  ; juego_vibora:Inst_Juego|vibora[27].y[1]  ; reloj_juego  ; reloj_juego ; 0.000        ; 0.045      ; 0.584      ;
; 0.455 ; juego_vibora:Inst_Juego|vibora[24].y[1]  ; juego_vibora:Inst_Juego|vibora[25].y[1]  ; reloj_juego  ; reloj_juego ; 0.000        ; 0.045      ; 0.584      ;
; 0.455 ; juego_vibora:Inst_Juego|vibora[10].y[0]  ; juego_vibora:Inst_Juego|vibora[11].y[0]  ; reloj_juego  ; reloj_juego ; 0.000        ; 0.045      ; 0.584      ;
; 0.455 ; juego_vibora:Inst_Juego|vibora[2].y[2]   ; juego_vibora:Inst_Juego|vibora[3].y[2]   ; reloj_juego  ; reloj_juego ; 0.000        ; 0.038      ; 0.577      ;
; 0.456 ; juego_vibora:Inst_Juego|vibora[45].x[0]  ; juego_vibora:Inst_Juego|vibora[46].x[0]  ; reloj_juego  ; reloj_juego ; 0.000        ; 0.034      ; 0.574      ;
; 0.458 ; juego_vibora:Inst_Juego|vibora[6].x[2]   ; juego_vibora:Inst_Juego|vibora[7].x[2]   ; reloj_juego  ; reloj_juego ; 0.000        ; 0.043      ; 0.585      ;
; 0.458 ; juego_vibora:Inst_Juego|vibora[32].y[1]  ; juego_vibora:Inst_Juego|vibora[33].y[1]  ; reloj_juego  ; reloj_juego ; 0.000        ; 0.041      ; 0.583      ;
; 0.459 ; juego_vibora:Inst_Juego|vibora[26].y[0]  ; juego_vibora:Inst_Juego|vibora[27].y[0]  ; reloj_juego  ; reloj_juego ; 0.000        ; 0.045      ; 0.588      ;
; 0.459 ; juego_vibora:Inst_Juego|vibora[7].x[1]   ; juego_vibora:Inst_Juego|vibora[8].x[1]   ; reloj_juego  ; reloj_juego ; 0.000        ; 0.046      ; 0.589      ;
; 0.461 ; juego_vibora:Inst_Juego|vibora[10].x[2]  ; juego_vibora:Inst_Juego|vibora[11].x[2]  ; reloj_juego  ; reloj_juego ; 0.000        ; 0.045      ; 0.590      ;
; 0.462 ; juego_vibora:Inst_Juego|vibora[46].y[0]  ; juego_vibora:Inst_Juego|vibora[47].y[0]  ; reloj_juego  ; reloj_juego ; 0.000        ; 0.033      ; 0.579      ;
; 0.462 ; juego_vibora:Inst_Juego|vibora[40].y[0]  ; juego_vibora:Inst_Juego|vibora[41].y[0]  ; reloj_juego  ; reloj_juego ; 0.000        ; 0.045      ; 0.591      ;
; 0.463 ; juego_vibora:Inst_Juego|vibora[11].x[2]  ; juego_vibora:Inst_Juego|vibora[12].x[2]  ; reloj_juego  ; reloj_juego ; 0.000        ; 0.047      ; 0.594      ;
; 0.463 ; juego_vibora:Inst_Juego|vibora[6].y[0]   ; juego_vibora:Inst_Juego|vibora[7].y[0]   ; reloj_juego  ; reloj_juego ; 0.000        ; 0.043      ; 0.590      ;
; 0.463 ; juego_vibora:Inst_Juego|vibora[0].y[0]   ; juego_vibora:Inst_Juego|vibora[0].y[0]   ; reloj_juego  ; reloj_juego ; 0.000        ; 0.036      ; 0.583      ;
; 0.464 ; juego_vibora:Inst_Juego|vibora[46].y[2]  ; juego_vibora:Inst_Juego|vibora[47].y[2]  ; reloj_juego  ; reloj_juego ; 0.000        ; 0.033      ; 0.581      ;
; 0.464 ; juego_vibora:Inst_Juego|vibora[41].x[2]  ; juego_vibora:Inst_Juego|vibora[42].x[2]  ; reloj_juego  ; reloj_juego ; 0.000        ; 0.045      ; 0.593      ;
; 0.465 ; juego_vibora:Inst_Juego|vibora[18].y[0]  ; juego_vibora:Inst_Juego|vibora[19].y[0]  ; reloj_juego  ; reloj_juego ; 0.000        ; 0.041      ; 0.590      ;
; 0.465 ; juego_vibora:Inst_Juego|vibora[7].x[0]   ; juego_vibora:Inst_Juego|vibora[8].x[0]   ; reloj_juego  ; reloj_juego ; 0.000        ; 0.046      ; 0.595      ;
; 0.465 ; juego_vibora:Inst_Juego|vibora[56].x[1]  ; juego_vibora:Inst_Juego|vibora[57].x[1]  ; reloj_juego  ; reloj_juego ; 0.000        ; 0.042      ; 0.591      ;
; 0.465 ; juego_vibora:Inst_Juego|vibora[45].y[1]  ; juego_vibora:Inst_Juego|vibora[46].y[1]  ; reloj_juego  ; reloj_juego ; 0.000        ; 0.034      ; 0.583      ;
; 0.466 ; juego_vibora:Inst_Juego|tamano_vibora[2] ; juego_vibora:Inst_Juego|tamano_vibora[3] ; reloj_juego  ; reloj_juego ; 0.000        ; 0.037      ; 0.587      ;
; 0.469 ; juego_vibora:Inst_Juego|vibora[20].x[0]  ; juego_vibora:Inst_Juego|vibora[21].x[0]  ; reloj_juego  ; reloj_juego ; 0.000        ; 0.038      ; 0.591      ;
; 0.469 ; juego_vibora:Inst_Juego|vibora[10].x[1]  ; juego_vibora:Inst_Juego|vibora[11].x[1]  ; reloj_juego  ; reloj_juego ; 0.000        ; 0.045      ; 0.598      ;
; 0.469 ; juego_vibora:Inst_Juego|vibora[7].y[2]   ; juego_vibora:Inst_Juego|vibora[8].y[2]   ; reloj_juego  ; reloj_juego ; 0.000        ; 0.046      ; 0.599      ;
; 0.469 ; juego_vibora:Inst_Juego|vibora[46].x[0]  ; juego_vibora:Inst_Juego|vibora[47].x[0]  ; reloj_juego  ; reloj_juego ; 0.000        ; 0.033      ; 0.586      ;
; 0.470 ; juego_vibora:Inst_Juego|vibora[45].y[2]  ; juego_vibora:Inst_Juego|vibora[46].y[2]  ; reloj_juego  ; reloj_juego ; 0.000        ; 0.034      ; 0.588      ;
; 0.470 ; juego_vibora:Inst_Juego|vibora[45].y[0]  ; juego_vibora:Inst_Juego|vibora[46].y[0]  ; reloj_juego  ; reloj_juego ; 0.000        ; 0.034      ; 0.588      ;
+-------+------------------------------------------+------------------------------------------+--------------+-------------+--------------+------------+------------+


----------------------------------------------
; Fast 1200mV 0C Model Metastability Summary ;
----------------------------------------------
No synchronizer chains to report.


+---------------------------------------------------------------------------------+
; Multicorner Timing Analysis Summary                                             ;
+------------------+-----------+-------+----------+---------+---------------------+
; Clock            ; Setup     ; Hold  ; Recovery ; Removal ; Minimum Pulse Width ;
+------------------+-----------+-------+----------+---------+---------------------+
; Worst-case Slack ; -11.132   ; 0.178 ; N/A      ; N/A     ; -3.000              ;
;  reloj_1mhz      ; -11.132   ; 0.184 ; N/A      ; N/A     ; -1.487              ;
;  reloj_50mhz     ; -6.427    ; 0.178 ; N/A      ; N/A     ; -3.000              ;
;  reloj_juego     ; -10.436   ; 0.186 ; N/A      ; N/A     ; -1.487              ;
; Design-wide TNS  ; -4400.748 ; 0.0   ; 0.0      ; 0.0     ; -816.389            ;
;  reloj_1mhz      ; -129.802  ; 0.000 ; N/A      ; N/A     ; -55.019             ;
;  reloj_50mhz     ; -391.487  ; 0.000 ; N/A      ; N/A     ; -156.161            ;
;  reloj_juego     ; -3879.459 ; 0.000 ; N/A      ; N/A     ; -605.209            ;
+------------------+-----------+-------+----------+---------+---------------------+


+-------------------------------------------------------------------------------------------------------------------------------------------------------------------------------------------------------------------------------------------------------------------------------------------------------------------------------------------------------------------------------------------------------------------+
; Board Trace Model Assignments                                                                                                                                                                                                                                                                                                                                                                                     ;
+----------------+--------------+-------------------+-------------------------+-------------------------+---------------+---------------------+----------------+------------------+--------+------------------+------------------------+------------------------+--------------+---------------+-----------------+-------+---------------------+--------------------+---------------+-----------------+-------------+
; Pin            ; I/O Standard ; Near Tline Length ; Near Tline L per Length ; Near Tline C per Length ; Near Series R ; Near Differential R ; Near Pull-up R ; Near Pull-down R ; Near C ; Far Tline Length ; Far Tline L per Length ; Far Tline C per Length ; Far Series R ; Far Pull-up R ; Far Pull-down R ; Far C ; Termination Voltage ; Far Differential R ; EBD File Name ; EBD Signal Name ; EBD Far-end ;
+----------------+--------------+-------------------+-------------------------+-------------------------+---------------+---------------------+----------------+------------------+--------+------------------+------------------------+------------------------+--------------+---------------+-----------------+-------+---------------------+--------------------+---------------+-----------------+-------------+
; max7219_din    ; 2.5 V        ; 0 in              ; 0 H/in                  ; 0 F/in                  ; short         ; -                   ; open           ; open             ; open   ; 0 in             ; 0 H/in                 ; 0 F/in                 ; short        ; open          ; open            ; open  ; 0 V                 ; -                  ; n/a           ; n/a             ; n/a         ;
; max7219_cs     ; 2.5 V        ; 0 in              ; 0 H/in                  ; 0 F/in                  ; short         ; -                   ; open           ; open             ; open   ; 0 in             ; 0 H/in                 ; 0 F/in                 ; short        ; open          ; open            ; open  ; 0 V                 ; -                  ; n/a           ; n/a             ; n/a         ;
; max7219_clk    ; 2.5 V        ; 0 in              ; 0 H/in                  ; 0 F/in                  ; short         ; -                   ; open           ; open             ; open   ; 0 in             ; 0 H/in                 ; 0 F/in                 ; short        ; open          ; open            ; open  ; 0 V                 ; -                  ; n/a           ; n/a             ; n/a         ;
; display_seg[0] ; 2.5 V        ; 0 in              ; 0 H/in                  ; 0 F/in                  ; short         ; -                   ; open           ; open             ; open   ; 0 in             ; 0 H/in                 ; 0 F/in                 ; short        ; open          ; open            ; open  ; 0 V                 ; -                  ; n/a           ; n/a             ; n/a         ;
; display_seg[1] ; 2.5 V        ; 0 in              ; 0 H/in                  ; 0 F/in                  ; short         ; -                   ; open           ; open             ; open   ; 0 in             ; 0 H/in                 ; 0 F/in                 ; short        ; open          ; open            ; open  ; 0 V                 ; -                  ; n/a           ; n/a             ; n/a         ;
; display_seg[2] ; 2.5 V        ; 0 in              ; 0 H/in                  ; 0 F/in                  ; short         ; -                   ; open           ; open             ; open   ; 0 in             ; 0 H/in                 ; 0 F/in                 ; short        ; open          ; open            ; open  ; 0 V                 ; -                  ; n/a           ; n/a             ; n/a         ;
; display_seg[3] ; 2.5 V        ; 0 in              ; 0 H/in                  ; 0 F/in                  ; short         ; -                   ; open           ; open             ; open   ; 0 in             ; 0 H/in                 ; 0 F/in                 ; short        ; open          ; open            ; open  ; 0 V                 ; -                  ; n/a           ; n/a             ; n/a         ;
; display_seg[4] ; 2.5 V        ; 0 in              ; 0 H/in                  ; 0 F/in                  ; short         ; -                   ; open           ; open             ; open   ; 0 in             ; 0 H/in                 ; 0 F/in                 ; short        ; open          ; open            ; open  ; 0 V                 ; -                  ; n/a           ; n/a             ; n/a         ;
; display_seg[5] ; 2.5 V        ; 0 in              ; 0 H/in                  ; 0 F/in                  ; short         ; -                   ; open           ; open             ; open   ; 0 in             ; 0 H/in                 ; 0 F/in                 ; short        ; open          ; open            ; open  ; 0 V                 ; -                  ; n/a           ; n/a             ; n/a         ;
; display_seg[6] ; 2.5 V        ; 0 in              ; 0 H/in                  ; 0 F/in                  ; short         ; -                   ; open           ; open             ; open   ; 0 in             ; 0 H/in                 ; 0 F/in                 ; short        ; open          ; open            ; open  ; 0 V                 ; -                  ; n/a           ; n/a             ; n/a         ;
; display_seg[7] ; 2.5 V        ; 0 in              ; 0 H/in                  ; 0 F/in                  ; short         ; -                   ; open           ; open             ; open   ; 0 in             ; 0 H/in                 ; 0 F/in                 ; short        ; open          ; open            ; open  ; 0 V                 ; -                  ; n/a           ; n/a             ; n/a         ;
; display_dig[0] ; 2.5 V        ; 0 in              ; 0 H/in                  ; 0 F/in                  ; short         ; -                   ; open           ; open             ; open   ; 0 in             ; 0 H/in                 ; 0 F/in                 ; short        ; open          ; open            ; open  ; 0 V                 ; -                  ; n/a           ; n/a             ; n/a         ;
; display_dig[1] ; 2.5 V        ; 0 in              ; 0 H/in                  ; 0 F/in                  ; short         ; -                   ; open           ; open             ; open   ; 0 in             ; 0 H/in                 ; 0 F/in                 ; short        ; open          ; open            ; open  ; 0 V                 ; -                  ; n/a           ; n/a             ; n/a         ;
; display_dig[2] ; 2.5 V        ; 0 in              ; 0 H/in                  ; 0 F/in                  ; short         ; -                   ; open           ; open             ; open   ; 0 in             ; 0 H/in                 ; 0 F/in                 ; short        ; open          ; open            ; open  ; 0 V                 ; -                  ; n/a           ; n/a             ; n/a         ;
; display_dig[3] ; 2.5 V        ; 0 in              ; 0 H/in                  ; 0 F/in                  ; short         ; -                   ; open           ; open             ; open   ; 0 in             ; 0 H/in                 ; 0 F/in                 ; short        ; open          ; open            ; open  ; 0 V                 ; -                  ; n/a           ; n/a             ; n/a         ;
; pin_zumbador   ; 2.5 V        ; 0 in              ; 0 H/in                  ; 0 F/in                  ; short         ; -                   ; open           ; open             ; open   ; 0 in             ; 0 H/in                 ; 0 F/in                 ; short        ; open          ; open            ; open  ; 0 V                 ; -                  ; n/a           ; n/a             ; n/a         ;
; ~ALTERA_DCLK~  ; 2.5 V        ; 0 in              ; 0 H/in                  ; 0 F/in                  ; short         ; -                   ; open           ; open             ; open   ; 0 in             ; 0 H/in                 ; 0 F/in                 ; short        ; open          ; open            ; open  ; 0 V                 ; -                  ; n/a           ; n/a             ; n/a         ;
; ~ALTERA_nCEO~  ; 2.5 V        ; 0 in              ; 0 H/in                  ; 0 F/in                  ; short         ; -                   ; open           ; open             ; open   ; 0 in             ; 0 H/in                 ; 0 F/in                 ; short        ; open          ; open            ; open  ; 0 V                 ; -                  ; n/a           ; n/a             ; n/a         ;
+----------------+--------------+-------------------+-------------------------+-------------------------+---------------+---------------------+----------------+------------------+--------+------------------+------------------------+------------------------+--------------+---------------+-----------------+-------+---------------------+--------------------+---------------+-----------------+-------------+


+----------------------------------------------------------------------------+
; Input Transition Times                                                     ;
+-------------------------+--------------+-----------------+-----------------+
; Pin                     ; I/O Standard ; 10-90 Rise Time ; 90-10 Fall Time ;
+-------------------------+--------------+-----------------+-----------------+
; reinicio                ; 2.5 V        ; 2000 ps         ; 2000 ps         ;
; reloj_50mhz             ; 2.5 V        ; 2000 ps         ; 2000 ps         ;
; btn_arriba              ; 2.5 V        ; 2000 ps         ; 2000 ps         ;
; btn_abajo               ; 2.5 V        ; 2000 ps         ; 2000 ps         ;
; btn_izquierda           ; 2.5 V        ; 2000 ps         ; 2000 ps         ;
; btn_derecha             ; 2.5 V        ; 2000 ps         ; 2000 ps         ;
; ~ALTERA_ASDO_DATA1~     ; 2.5 V        ; 2000 ps         ; 2000 ps         ;
; ~ALTERA_FLASH_nCE_nCSO~ ; 2.5 V        ; 2000 ps         ; 2000 ps         ;
; ~ALTERA_DATA0~          ; 2.5 V        ; 2000 ps         ; 2000 ps         ;
+-------------------------+--------------+-----------------+-----------------+


+---------------------------------------------------------------------------------------------------------------------------------------------------------------------------------------------------------------------------------------------------------------------------------------------------------------------------------------------------------------------------------------------------------------------------------------------------------------------------------------------------------------------------------------------------------------------------------------------------------------------------------------------------------------------------------------------+
; Signal Integrity Metrics (Slow 1200mv 0c Model)                                                                                                                                                                                                                                                                                                                                                                                                                                                                                                                                                                                                                                             ;
+----------------+--------------+---------------------+---------------------+------------------------------+------------------------------+---------------------+---------------------+--------------------------------------+--------------------------------------+-----------------------------+-----------------------------+----------------------------+----------------------------+-----------------------------+-----------------------------+--------------------+--------------------+-------------------------------------+-------------------------------------+----------------------------+----------------------------+---------------------------+---------------------------+
; Pin            ; I/O Standard ; Board Delay on Rise ; Board Delay on Fall ; Steady State Voh at FPGA Pin ; Steady State Vol at FPGA Pin ; Voh Max at FPGA Pin ; Vol Min at FPGA Pin ; Ringback Voltage on Rise at FPGA Pin ; Ringback Voltage on Fall at FPGA Pin ; 10-90 Rise Time at FPGA Pin ; 90-10 Fall Time at FPGA Pin ; Monotonic Rise at FPGA Pin ; Monotonic Fall at FPGA Pin ; Steady State Voh at Far-end ; Steady State Vol at Far-end ; Voh Max at Far-end ; Vol Min at Far-end ; Ringback Voltage on Rise at Far-end ; Ringback Voltage on Fall at Far-end ; 10-90 Rise Time at Far-end ; 90-10 Fall Time at Far-end ; Monotonic Rise at Far-end ; Monotonic Fall at Far-end ;
+----------------+--------------+---------------------+---------------------+------------------------------+------------------------------+---------------------+---------------------+--------------------------------------+--------------------------------------+-----------------------------+-----------------------------+----------------------------+----------------------------+-----------------------------+-----------------------------+--------------------+--------------------+-------------------------------------+-------------------------------------+----------------------------+----------------------------+---------------------------+---------------------------+
; max7219_din    ; 2.5 V        ; 0 s                 ; 0 s                 ; 2.32 V                       ; 2.07e-09 V                   ; 2.33 V              ; -0.00421 V          ; 0.165 V                              ; 0.078 V                              ; 3.11e-09 s                  ; 2.85e-09 s                  ; Yes                        ; Yes                        ; 2.32 V                      ; 2.07e-09 V                  ; 2.33 V             ; -0.00421 V         ; 0.165 V                             ; 0.078 V                             ; 3.11e-09 s                 ; 2.85e-09 s                 ; Yes                       ; Yes                       ;
; max7219_cs     ; 2.5 V        ; 0 s                 ; 0 s                 ; 2.32 V                       ; 2.07e-09 V                   ; 2.38 V              ; -0.0073 V           ; 0.097 V                              ; 0.018 V                              ; 4.24e-10 s                  ; 3.65e-10 s                  ; No                         ; Yes                        ; 2.32 V                      ; 2.07e-09 V                  ; 2.38 V             ; -0.0073 V          ; 0.097 V                             ; 0.018 V                             ; 4.24e-10 s                 ; 3.65e-10 s                 ; No                        ; Yes                       ;
; max7219_clk    ; 2.5 V        ; 0 s                 ; 0 s                 ; 2.32 V                       ; 2.07e-09 V                   ; 2.38 V              ; -0.0073 V           ; 0.097 V                              ; 0.018 V                              ; 4.24e-10 s                  ; 3.65e-10 s                  ; No                         ; Yes                        ; 2.32 V                      ; 2.07e-09 V                  ; 2.38 V             ; -0.0073 V          ; 0.097 V                             ; 0.018 V                             ; 4.24e-10 s                 ; 3.65e-10 s                 ; No                        ; Yes                       ;
; display_seg[0] ; 2.5 V        ; 0 s                 ; 0 s                 ; 2.32 V                       ; 2.8e-09 V                    ; 2.37 V              ; -0.00373 V          ; 0.104 V                              ; 0.011 V                              ; 4.34e-10 s                  ; 3.82e-10 s                  ; Yes                        ; Yes                        ; 2.32 V                      ; 2.8e-09 V                   ; 2.37 V             ; -0.00373 V         ; 0.104 V                             ; 0.011 V                             ; 4.34e-10 s                 ; 3.82e-10 s                 ; Yes                       ; Yes                       ;
; display_seg[1] ; 2.5 V        ; 0 s                 ; 0 s                 ; 2.32 V                       ; 2.8e-09 V                    ; 2.37 V              ; -0.00373 V          ; 0.104 V                              ; 0.011 V                              ; 4.34e-10 s                  ; 3.82e-10 s                  ; Yes                        ; Yes                        ; 2.32 V                      ; 2.8e-09 V                   ; 2.37 V             ; -0.00373 V         ; 0.104 V                             ; 0.011 V                             ; 4.34e-10 s                 ; 3.82e-10 s                 ; Yes                       ; Yes                       ;
; display_seg[2] ; 2.5 V        ; 0 s                 ; 0 s                 ; 2.32 V                       ; 2.8e-09 V                    ; 2.37 V              ; -0.00373 V          ; 0.104 V                              ; 0.011 V                              ; 4.34e-10 s                  ; 3.82e-10 s                  ; Yes                        ; Yes                        ; 2.32 V                      ; 2.8e-09 V                   ; 2.37 V             ; -0.00373 V         ; 0.104 V                             ; 0.011 V                             ; 4.34e-10 s                 ; 3.82e-10 s                 ; Yes                       ; Yes                       ;
; display_seg[3] ; 2.5 V        ; 0 s                 ; 0 s                 ; 2.32 V                       ; 2.8e-09 V                    ; 2.37 V              ; -0.00373 V          ; 0.104 V                              ; 0.011 V                              ; 4.34e-10 s                  ; 3.82e-10 s                  ; Yes                        ; Yes                        ; 2.32 V                      ; 2.8e-09 V                   ; 2.37 V             ; -0.00373 V         ; 0.104 V                             ; 0.011 V                             ; 4.34e-10 s                 ; 3.82e-10 s                 ; Yes                       ; Yes                       ;
; display_seg[4] ; 2.5 V        ; 0 s                 ; 0 s                 ; 2.32 V                       ; 2.8e-09 V                    ; 2.37 V              ; -0.00373 V          ; 0.104 V                              ; 0.011 V                              ; 4.34e-10 s                  ; 3.82e-10 s                  ; Yes                        ; Yes                        ; 2.32 V                      ; 2.8e-09 V                   ; 2.37 V             ; -0.00373 V         ; 0.104 V                             ; 0.011 V                             ; 4.34e-10 s                 ; 3.82e-10 s                 ; Yes                       ; Yes                       ;
; display_seg[5] ; 2.5 V        ; 0 s                 ; 0 s                 ; 2.32 V                       ; 2.8e-09 V                    ; 2.37 V              ; -0.00373 V          ; 0.104 V                              ; 0.011 V                              ; 4.34e-10 s                  ; 3.82e-10 s                  ; Yes                        ; Yes                        ; 2.32 V                      ; 2.8e-09 V                   ; 2.37 V             ; -0.00373 V         ; 0.104 V                             ; 0.011 V                             ; 4.34e-10 s                 ; 3.82e-10 s                 ; Yes                       ; Yes                       ;
; display_seg[6] ; 2.5 V        ; 0 s                 ; 0 s                 ; 2.32 V                       ; 2.8e-09 V                    ; 2.37 V              ; -0.00373 V          ; 0.104 V                              ; 0.011 V                              ; 4.34e-10 s                  ; 3.82e-10 s                  ; Yes                        ; Yes                        ; 2.32 V                      ; 2.8e-09 V                   ; 2.37 V             ; -0.00373 V         ; 0.104 V                             ; 0.011 V                             ; 4.34e-10 s                 ; 3.82e-10 s                 ; Yes                       ; Yes                       ;
; display_seg[7] ; 2.5 V        ; 0 s                 ; 0 s                 ; 2.32 V                       ; 2.8e-09 V                    ; 2.37 V              ; -0.00373 V          ; 0.104 V                              ; 0.011 V                              ; 4.34e-10 s                  ; 3.82e-10 s                  ; Yes                        ; Yes                        ; 2.32 V                      ; 2.8e-09 V                   ; 2.37 V             ; -0.00373 V         ; 0.104 V                             ; 0.011 V                             ; 4.34e-10 s                 ; 3.82e-10 s                 ; Yes                       ; Yes                       ;
; display_dig[0] ; 2.5 V        ; 0 s                 ; 0 s                 ; 2.32 V                       ; 2.8e-09 V                    ; 2.37 V              ; -0.00373 V          ; 0.104 V                              ; 0.011 V                              ; 4.34e-10 s                  ; 3.82e-10 s                  ; Yes                        ; Yes                        ; 2.32 V                      ; 2.8e-09 V                   ; 2.37 V             ; -0.00373 V         ; 0.104 V                             ; 0.011 V                             ; 4.34e-10 s                 ; 3.82e-10 s                 ; Yes                       ; Yes                       ;
; display_dig[1] ; 2.5 V        ; 0 s                 ; 0 s                 ; 2.32 V                       ; 2.8e-09 V                    ; 2.37 V              ; -0.00373 V          ; 0.104 V                              ; 0.011 V                              ; 4.34e-10 s                  ; 3.82e-10 s                  ; Yes                        ; Yes                        ; 2.32 V                      ; 2.8e-09 V                   ; 2.37 V             ; -0.00373 V         ; 0.104 V                             ; 0.011 V                             ; 4.34e-10 s                 ; 3.82e-10 s                 ; Yes                       ; Yes                       ;
; display_dig[2] ; 2.5 V        ; 0 s                 ; 0 s                 ; 2.32 V                       ; 2.8e-09 V                    ; 2.33 V              ; -0.00425 V          ; 0.168 V                              ; 0.058 V                              ; 3.12e-09 s                  ; 2.87e-09 s                  ; Yes                        ; Yes                        ; 2.32 V                      ; 2.8e-09 V                   ; 2.33 V             ; -0.00425 V         ; 0.168 V                             ; 0.058 V                             ; 3.12e-09 s                 ; 2.87e-09 s                 ; Yes                       ; Yes                       ;
; display_dig[3] ; 2.5 V        ; 0 s                 ; 0 s                 ; 2.32 V                       ; 2.8e-09 V                    ; 2.37 V              ; -0.00373 V          ; 0.104 V                              ; 0.011 V                              ; 4.34e-10 s                  ; 3.82e-10 s                  ; Yes                        ; Yes                        ; 2.32 V                      ; 2.8e-09 V                   ; 2.37 V             ; -0.00373 V         ; 0.104 V                             ; 0.011 V                             ; 4.34e-10 s                 ; 3.82e-10 s                 ; Yes                       ; Yes                       ;
; pin_zumbador   ; 2.5 V        ; 0 s                 ; 0 s                 ; 2.32 V                       ; 2.8e-09 V                    ; 2.37 V              ; -0.00373 V          ; 0.104 V                              ; 0.011 V                              ; 4.34e-10 s                  ; 3.82e-10 s                  ; Yes                        ; Yes                        ; 2.32 V                      ; 2.8e-09 V                   ; 2.37 V             ; -0.00373 V         ; 0.104 V                             ; 0.011 V                             ; 4.34e-10 s                 ; 3.82e-10 s                 ; Yes                       ; Yes                       ;
; ~ALTERA_DCLK~  ; 2.5 V        ; 0 s                 ; 0 s                 ; 2.32 V                       ; 1.74e-09 V                   ; 2.37 V              ; -0.0346 V           ; 0.198 V                              ; 0.094 V                              ; 3.14e-10 s                  ; 2.92e-10 s                  ; Yes                        ; Yes                        ; 2.32 V                      ; 1.74e-09 V                  ; 2.37 V             ; -0.0346 V          ; 0.198 V                             ; 0.094 V                             ; 3.14e-10 s                 ; 2.92e-10 s                 ; Yes                       ; Yes                       ;
; ~ALTERA_nCEO~  ; 2.5 V        ; 0 s                 ; 0 s                 ; 2.32 V                       ; 2.57e-09 V                   ; 2.37 V              ; -0.00683 V          ; 0.171 V                              ; 0.018 V                              ; 4.97e-10 s                  ; 6.66e-10 s                  ; Yes                        ; Yes                        ; 2.32 V                      ; 2.57e-09 V                  ; 2.37 V             ; -0.00683 V         ; 0.171 V                             ; 0.018 V                             ; 4.97e-10 s                 ; 6.66e-10 s                 ; Yes                       ; Yes                       ;
+----------------+--------------+---------------------+---------------------+------------------------------+------------------------------+---------------------+---------------------+--------------------------------------+--------------------------------------+-----------------------------+-----------------------------+----------------------------+----------------------------+-----------------------------+-----------------------------+--------------------+--------------------+-------------------------------------+-------------------------------------+----------------------------+----------------------------+---------------------------+---------------------------+


+---------------------------------------------------------------------------------------------------------------------------------------------------------------------------------------------------------------------------------------------------------------------------------------------------------------------------------------------------------------------------------------------------------------------------------------------------------------------------------------------------------------------------------------------------------------------------------------------------------------------------------------------------------------------------------------------+
; Signal Integrity Metrics (Slow 1200mv 85c Model)                                                                                                                                                                                                                                                                                                                                                                                                                                                                                                                                                                                                                                            ;
+----------------+--------------+---------------------+---------------------+------------------------------+------------------------------+---------------------+---------------------+--------------------------------------+--------------------------------------+-----------------------------+-----------------------------+----------------------------+----------------------------+-----------------------------+-----------------------------+--------------------+--------------------+-------------------------------------+-------------------------------------+----------------------------+----------------------------+---------------------------+---------------------------+
; Pin            ; I/O Standard ; Board Delay on Rise ; Board Delay on Fall ; Steady State Voh at FPGA Pin ; Steady State Vol at FPGA Pin ; Voh Max at FPGA Pin ; Vol Min at FPGA Pin ; Ringback Voltage on Rise at FPGA Pin ; Ringback Voltage on Fall at FPGA Pin ; 10-90 Rise Time at FPGA Pin ; 90-10 Fall Time at FPGA Pin ; Monotonic Rise at FPGA Pin ; Monotonic Fall at FPGA Pin ; Steady State Voh at Far-end ; Steady State Vol at Far-end ; Voh Max at Far-end ; Vol Min at Far-end ; Ringback Voltage on Rise at Far-end ; Ringback Voltage on Fall at Far-end ; 10-90 Rise Time at Far-end ; 90-10 Fall Time at Far-end ; Monotonic Rise at Far-end ; Monotonic Fall at Far-end ;
+----------------+--------------+---------------------+---------------------+------------------------------+------------------------------+---------------------+---------------------+--------------------------------------+--------------------------------------+-----------------------------+-----------------------------+----------------------------+----------------------------+-----------------------------+-----------------------------+--------------------+--------------------+-------------------------------------+-------------------------------------+----------------------------+----------------------------+---------------------------+---------------------------+
; max7219_din    ; 2.5 V        ; 0 s                 ; 0 s                 ; 2.32 V                       ; 1.93e-07 V                   ; 2.33 V              ; -0.0022 V           ; 0.088 V                              ; 0.056 V                              ; 3.76e-09 s                  ; 3.48e-09 s                  ; Yes                        ; Yes                        ; 2.32 V                      ; 1.93e-07 V                  ; 2.33 V             ; -0.0022 V          ; 0.088 V                             ; 0.056 V                             ; 3.76e-09 s                 ; 3.48e-09 s                 ; Yes                       ; Yes                       ;
; max7219_cs     ; 2.5 V        ; 0 s                 ; 0 s                 ; 2.32 V                       ; 1.93e-07 V                   ; 2.35 V              ; -0.00834 V          ; 0.127 V                              ; 0.035 V                              ; 4.7e-10 s                   ; 4.64e-10 s                  ; Yes                        ; Yes                        ; 2.32 V                      ; 1.93e-07 V                  ; 2.35 V             ; -0.00834 V         ; 0.127 V                             ; 0.035 V                             ; 4.7e-10 s                  ; 4.64e-10 s                 ; Yes                       ; Yes                       ;
; max7219_clk    ; 2.5 V        ; 0 s                 ; 0 s                 ; 2.32 V                       ; 1.93e-07 V                   ; 2.35 V              ; -0.00834 V          ; 0.127 V                              ; 0.035 V                              ; 4.7e-10 s                   ; 4.64e-10 s                  ; Yes                        ; Yes                        ; 2.32 V                      ; 1.93e-07 V                  ; 2.35 V             ; -0.00834 V         ; 0.127 V                             ; 0.035 V                             ; 4.7e-10 s                  ; 4.64e-10 s                 ; Yes                       ; Yes                       ;
; display_seg[0] ; 2.5 V        ; 0 s                 ; 0 s                 ; 2.32 V                       ; 2.85e-07 V                   ; 2.35 V              ; -0.0123 V           ; 0.144 V                              ; 0.042 V                              ; 4.81e-10 s                  ; 4.81e-10 s                  ; Yes                        ; Yes                        ; 2.32 V                      ; 2.85e-07 V                  ; 2.35 V             ; -0.0123 V          ; 0.144 V                             ; 0.042 V                             ; 4.81e-10 s                 ; 4.81e-10 s                 ; Yes                       ; Yes                       ;
; display_seg[1] ; 2.5 V        ; 0 s                 ; 0 s                 ; 2.32 V                       ; 2.85e-07 V                   ; 2.35 V              ; -0.0123 V           ; 0.144 V                              ; 0.042 V                              ; 4.81e-10 s                  ; 4.81e-10 s                  ; Yes                        ; Yes                        ; 2.32 V                      ; 2.85e-07 V                  ; 2.35 V             ; -0.0123 V          ; 0.144 V                             ; 0.042 V                             ; 4.81e-10 s                 ; 4.81e-10 s                 ; Yes                       ; Yes                       ;
; display_seg[2] ; 2.5 V        ; 0 s                 ; 0 s                 ; 2.32 V                       ; 2.85e-07 V                   ; 2.35 V              ; -0.0123 V           ; 0.144 V                              ; 0.042 V                              ; 4.81e-10 s                  ; 4.81e-10 s                  ; Yes                        ; Yes                        ; 2.32 V                      ; 2.85e-07 V                  ; 2.35 V             ; -0.0123 V          ; 0.144 V                             ; 0.042 V                             ; 4.81e-10 s                 ; 4.81e-10 s                 ; Yes                       ; Yes                       ;
; display_seg[3] ; 2.5 V        ; 0 s                 ; 0 s                 ; 2.32 V                       ; 2.85e-07 V                   ; 2.35 V              ; -0.0123 V           ; 0.144 V                              ; 0.042 V                              ; 4.81e-10 s                  ; 4.81e-10 s                  ; Yes                        ; Yes                        ; 2.32 V                      ; 2.85e-07 V                  ; 2.35 V             ; -0.0123 V          ; 0.144 V                             ; 0.042 V                             ; 4.81e-10 s                 ; 4.81e-10 s                 ; Yes                       ; Yes                       ;
; display_seg[4] ; 2.5 V        ; 0 s                 ; 0 s                 ; 2.32 V                       ; 2.85e-07 V                   ; 2.35 V              ; -0.0123 V           ; 0.144 V                              ; 0.042 V                              ; 4.81e-10 s                  ; 4.81e-10 s                  ; Yes                        ; Yes                        ; 2.32 V                      ; 2.85e-07 V                  ; 2.35 V             ; -0.0123 V          ; 0.144 V                             ; 0.042 V                             ; 4.81e-10 s                 ; 4.81e-10 s                 ; Yes                       ; Yes                       ;
; display_seg[5] ; 2.5 V        ; 0 s                 ; 0 s                 ; 2.32 V                       ; 2.85e-07 V                   ; 2.35 V              ; -0.0123 V           ; 0.144 V                              ; 0.042 V                              ; 4.81e-10 s                  ; 4.81e-10 s                  ; Yes                        ; Yes                        ; 2.32 V                      ; 2.85e-07 V                  ; 2.35 V             ; -0.0123 V          ; 0.144 V                             ; 0.042 V                             ; 4.81e-10 s                 ; 4.81e-10 s                 ; Yes                       ; Yes                       ;
; display_seg[6] ; 2.5 V        ; 0 s                 ; 0 s                 ; 2.32 V                       ; 2.85e-07 V                   ; 2.35 V              ; -0.0123 V           ; 0.144 V                              ; 0.042 V                              ; 4.81e-10 s                  ; 4.81e-10 s                  ; Yes                        ; Yes                        ; 2.32 V                      ; 2.85e-07 V                  ; 2.35 V             ; -0.0123 V          ; 0.144 V                             ; 0.042 V                             ; 4.81e-10 s                 ; 4.81e-10 s                 ; Yes                       ; Yes                       ;
; display_seg[7] ; 2.5 V        ; 0 s                 ; 0 s                 ; 2.32 V                       ; 2.85e-07 V                   ; 2.35 V              ; -0.0123 V           ; 0.144 V                              ; 0.042 V                              ; 4.81e-10 s                  ; 4.81e-10 s                  ; Yes                        ; Yes                        ; 2.32 V                      ; 2.85e-07 V                  ; 2.35 V             ; -0.0123 V          ; 0.144 V                             ; 0.042 V                             ; 4.81e-10 s                 ; 4.81e-10 s                 ; Yes                       ; Yes                       ;
; display_dig[0] ; 2.5 V        ; 0 s                 ; 0 s                 ; 2.32 V                       ; 2.85e-07 V                   ; 2.35 V              ; -0.0123 V           ; 0.144 V                              ; 0.042 V                              ; 4.81e-10 s                  ; 4.81e-10 s                  ; Yes                        ; Yes                        ; 2.32 V                      ; 2.85e-07 V                  ; 2.35 V             ; -0.0123 V          ; 0.144 V                             ; 0.042 V                             ; 4.81e-10 s                 ; 4.81e-10 s                 ; Yes                       ; Yes                       ;
; display_dig[1] ; 2.5 V        ; 0 s                 ; 0 s                 ; 2.32 V                       ; 2.85e-07 V                   ; 2.35 V              ; -0.0123 V           ; 0.144 V                              ; 0.042 V                              ; 4.81e-10 s                  ; 4.81e-10 s                  ; Yes                        ; Yes                        ; 2.32 V                      ; 2.85e-07 V                  ; 2.35 V             ; -0.0123 V          ; 0.144 V                             ; 0.042 V                             ; 4.81e-10 s                 ; 4.81e-10 s                 ; Yes                       ; Yes                       ;
; display_dig[2] ; 2.5 V        ; 0 s                 ; 0 s                 ; 2.32 V                       ; 2.85e-07 V                   ; 2.33 V              ; -0.00229 V          ; 0.111 V                              ; 0.057 V                              ; 3.78e-09 s                  ; 3.5e-09 s                   ; Yes                        ; Yes                        ; 2.32 V                      ; 2.85e-07 V                  ; 2.33 V             ; -0.00229 V         ; 0.111 V                             ; 0.057 V                             ; 3.78e-09 s                 ; 3.5e-09 s                  ; Yes                       ; Yes                       ;
; display_dig[3] ; 2.5 V        ; 0 s                 ; 0 s                 ; 2.32 V                       ; 2.85e-07 V                   ; 2.35 V              ; -0.0123 V           ; 0.144 V                              ; 0.042 V                              ; 4.81e-10 s                  ; 4.81e-10 s                  ; Yes                        ; Yes                        ; 2.32 V                      ; 2.85e-07 V                  ; 2.35 V             ; -0.0123 V          ; 0.144 V                             ; 0.042 V                             ; 4.81e-10 s                 ; 4.81e-10 s                 ; Yes                       ; Yes                       ;
; pin_zumbador   ; 2.5 V        ; 0 s                 ; 0 s                 ; 2.32 V                       ; 2.85e-07 V                   ; 2.35 V              ; -0.0123 V           ; 0.144 V                              ; 0.042 V                              ; 4.81e-10 s                  ; 4.81e-10 s                  ; Yes                        ; Yes                        ; 2.32 V                      ; 2.85e-07 V                  ; 2.35 V             ; -0.0123 V          ; 0.144 V                             ; 0.042 V                             ; 4.81e-10 s                 ; 4.81e-10 s                 ; Yes                       ; Yes                       ;
; ~ALTERA_DCLK~  ; 2.5 V        ; 0 s                 ; 0 s                 ; 2.32 V                       ; 1.55e-07 V                   ; 2.35 V              ; -0.00221 V          ; 0.097 V                              ; 0.005 V                              ; 4.49e-10 s                  ; 3.85e-10 s                  ; Yes                        ; Yes                        ; 2.32 V                      ; 1.55e-07 V                  ; 2.35 V             ; -0.00221 V         ; 0.097 V                             ; 0.005 V                             ; 4.49e-10 s                 ; 3.85e-10 s                 ; Yes                       ; Yes                       ;
; ~ALTERA_nCEO~  ; 2.5 V        ; 0 s                 ; 0 s                 ; 2.32 V                       ; 2.54e-07 V                   ; 2.34 V              ; -0.00774 V          ; 0.109 V                              ; 0.026 V                              ; 6.58e-10 s                  ; 8.24e-10 s                  ; Yes                        ; Yes                        ; 2.32 V                      ; 2.54e-07 V                  ; 2.34 V             ; -0.00774 V         ; 0.109 V                             ; 0.026 V                             ; 6.58e-10 s                 ; 8.24e-10 s                 ; Yes                       ; Yes                       ;
+----------------+--------------+---------------------+---------------------+------------------------------+------------------------------+---------------------+---------------------+--------------------------------------+--------------------------------------+-----------------------------+-----------------------------+----------------------------+----------------------------+-----------------------------+-----------------------------+--------------------+--------------------+-------------------------------------+-------------------------------------+----------------------------+----------------------------+---------------------------+---------------------------+


+---------------------------------------------------------------------------------------------------------------------------------------------------------------------------------------------------------------------------------------------------------------------------------------------------------------------------------------------------------------------------------------------------------------------------------------------------------------------------------------------------------------------------------------------------------------------------------------------------------------------------------------------------------------------------------------------+
; Signal Integrity Metrics (Fast 1200mv 0c Model)                                                                                                                                                                                                                                                                                                                                                                                                                                                                                                                                                                                                                                             ;
+----------------+--------------+---------------------+---------------------+------------------------------+------------------------------+---------------------+---------------------+--------------------------------------+--------------------------------------+-----------------------------+-----------------------------+----------------------------+----------------------------+-----------------------------+-----------------------------+--------------------+--------------------+-------------------------------------+-------------------------------------+----------------------------+----------------------------+---------------------------+---------------------------+
; Pin            ; I/O Standard ; Board Delay on Rise ; Board Delay on Fall ; Steady State Voh at FPGA Pin ; Steady State Vol at FPGA Pin ; Voh Max at FPGA Pin ; Vol Min at FPGA Pin ; Ringback Voltage on Rise at FPGA Pin ; Ringback Voltage on Fall at FPGA Pin ; 10-90 Rise Time at FPGA Pin ; 90-10 Fall Time at FPGA Pin ; Monotonic Rise at FPGA Pin ; Monotonic Fall at FPGA Pin ; Steady State Voh at Far-end ; Steady State Vol at Far-end ; Voh Max at Far-end ; Vol Min at Far-end ; Ringback Voltage on Rise at Far-end ; Ringback Voltage on Fall at Far-end ; 10-90 Rise Time at Far-end ; 90-10 Fall Time at Far-end ; Monotonic Rise at Far-end ; Monotonic Fall at Far-end ;
+----------------+--------------+---------------------+---------------------+------------------------------+------------------------------+---------------------+---------------------+--------------------------------------+--------------------------------------+-----------------------------+-----------------------------+----------------------------+----------------------------+-----------------------------+-----------------------------+--------------------+--------------------+-------------------------------------+-------------------------------------+----------------------------+----------------------------+---------------------------+---------------------------+
; max7219_din    ; 2.5 V        ; 0 s                 ; 0 s                 ; 2.62 V                       ; 2.74e-08 V                   ; 2.64 V              ; -0.0117 V           ; 0.202 V                              ; 0.176 V                              ; 2.38e-09 s                  ; 2.22e-09 s                  ; No                         ; Yes                        ; 2.62 V                      ; 2.74e-08 V                  ; 2.64 V             ; -0.0117 V          ; 0.202 V                             ; 0.176 V                             ; 2.38e-09 s                 ; 2.22e-09 s                 ; No                        ; Yes                       ;
; max7219_cs     ; 2.5 V        ; 0 s                 ; 0 s                 ; 2.62 V                       ; 2.74e-08 V                   ; 2.73 V              ; -0.0384 V           ; 0.169 V                              ; 0.089 V                              ; 2.7e-10 s                   ; 2.62e-10 s                  ; Yes                        ; Yes                        ; 2.62 V                      ; 2.74e-08 V                  ; 2.73 V             ; -0.0384 V          ; 0.169 V                             ; 0.089 V                             ; 2.7e-10 s                  ; 2.62e-10 s                 ; Yes                       ; Yes                       ;
; max7219_clk    ; 2.5 V        ; 0 s                 ; 0 s                 ; 2.62 V                       ; 2.74e-08 V                   ; 2.73 V              ; -0.0384 V           ; 0.169 V                              ; 0.089 V                              ; 2.7e-10 s                   ; 2.62e-10 s                  ; Yes                        ; Yes                        ; 2.62 V                      ; 2.74e-08 V                  ; 2.73 V             ; -0.0384 V          ; 0.169 V                             ; 0.089 V                             ; 2.7e-10 s                  ; 2.62e-10 s                 ; Yes                       ; Yes                       ;
; display_seg[0] ; 2.5 V        ; 0 s                 ; 0 s                 ; 2.62 V                       ; 4.05e-08 V                   ; 2.72 V              ; -0.0349 V           ; 0.173 V                              ; 0.1 V                                ; 2.72e-10 s                  ; 2.69e-10 s                  ; Yes                        ; Yes                        ; 2.62 V                      ; 4.05e-08 V                  ; 2.72 V             ; -0.0349 V          ; 0.173 V                             ; 0.1 V                               ; 2.72e-10 s                 ; 2.69e-10 s                 ; Yes                       ; Yes                       ;
; display_seg[1] ; 2.5 V        ; 0 s                 ; 0 s                 ; 2.62 V                       ; 4.05e-08 V                   ; 2.72 V              ; -0.0349 V           ; 0.173 V                              ; 0.1 V                                ; 2.72e-10 s                  ; 2.69e-10 s                  ; Yes                        ; Yes                        ; 2.62 V                      ; 4.05e-08 V                  ; 2.72 V             ; -0.0349 V          ; 0.173 V                             ; 0.1 V                               ; 2.72e-10 s                 ; 2.69e-10 s                 ; Yes                       ; Yes                       ;
; display_seg[2] ; 2.5 V        ; 0 s                 ; 0 s                 ; 2.62 V                       ; 4.05e-08 V                   ; 2.72 V              ; -0.0349 V           ; 0.173 V                              ; 0.1 V                                ; 2.72e-10 s                  ; 2.69e-10 s                  ; Yes                        ; Yes                        ; 2.62 V                      ; 4.05e-08 V                  ; 2.72 V             ; -0.0349 V          ; 0.173 V                             ; 0.1 V                               ; 2.72e-10 s                 ; 2.69e-10 s                 ; Yes                       ; Yes                       ;
; display_seg[3] ; 2.5 V        ; 0 s                 ; 0 s                 ; 2.62 V                       ; 4.05e-08 V                   ; 2.72 V              ; -0.0349 V           ; 0.173 V                              ; 0.1 V                                ; 2.72e-10 s                  ; 2.69e-10 s                  ; Yes                        ; Yes                        ; 2.62 V                      ; 4.05e-08 V                  ; 2.72 V             ; -0.0349 V          ; 0.173 V                             ; 0.1 V                               ; 2.72e-10 s                 ; 2.69e-10 s                 ; Yes                       ; Yes                       ;
; display_seg[4] ; 2.5 V        ; 0 s                 ; 0 s                 ; 2.62 V                       ; 4.05e-08 V                   ; 2.72 V              ; -0.0349 V           ; 0.173 V                              ; 0.1 V                                ; 2.72e-10 s                  ; 2.69e-10 s                  ; Yes                        ; Yes                        ; 2.62 V                      ; 4.05e-08 V                  ; 2.72 V             ; -0.0349 V          ; 0.173 V                             ; 0.1 V                               ; 2.72e-10 s                 ; 2.69e-10 s                 ; Yes                       ; Yes                       ;
; display_seg[5] ; 2.5 V        ; 0 s                 ; 0 s                 ; 2.62 V                       ; 4.05e-08 V                   ; 2.72 V              ; -0.0349 V           ; 0.173 V                              ; 0.1 V                                ; 2.72e-10 s                  ; 2.69e-10 s                  ; Yes                        ; Yes                        ; 2.62 V                      ; 4.05e-08 V                  ; 2.72 V             ; -0.0349 V          ; 0.173 V                             ; 0.1 V                               ; 2.72e-10 s                 ; 2.69e-10 s                 ; Yes                       ; Yes                       ;
; display_seg[6] ; 2.5 V        ; 0 s                 ; 0 s                 ; 2.62 V                       ; 4.05e-08 V                   ; 2.72 V              ; -0.0349 V           ; 0.173 V                              ; 0.1 V                                ; 2.72e-10 s                  ; 2.69e-10 s                  ; Yes                        ; Yes                        ; 2.62 V                      ; 4.05e-08 V                  ; 2.72 V             ; -0.0349 V          ; 0.173 V                             ; 0.1 V                               ; 2.72e-10 s                 ; 2.69e-10 s                 ; Yes                       ; Yes                       ;
; display_seg[7] ; 2.5 V        ; 0 s                 ; 0 s                 ; 2.62 V                       ; 4.05e-08 V                   ; 2.72 V              ; -0.0349 V           ; 0.173 V                              ; 0.1 V                                ; 2.72e-10 s                  ; 2.69e-10 s                  ; Yes                        ; Yes                        ; 2.62 V                      ; 4.05e-08 V                  ; 2.72 V             ; -0.0349 V          ; 0.173 V                             ; 0.1 V                               ; 2.72e-10 s                 ; 2.69e-10 s                 ; Yes                       ; Yes                       ;
; display_dig[0] ; 2.5 V        ; 0 s                 ; 0 s                 ; 2.62 V                       ; 4.05e-08 V                   ; 2.72 V              ; -0.0349 V           ; 0.173 V                              ; 0.1 V                                ; 2.72e-10 s                  ; 2.69e-10 s                  ; Yes                        ; Yes                        ; 2.62 V                      ; 4.05e-08 V                  ; 2.72 V             ; -0.0349 V          ; 0.173 V                             ; 0.1 V                               ; 2.72e-10 s                 ; 2.69e-10 s                 ; Yes                       ; Yes                       ;
; display_dig[1] ; 2.5 V        ; 0 s                 ; 0 s                 ; 2.62 V                       ; 4.05e-08 V                   ; 2.72 V              ; -0.0349 V           ; 0.173 V                              ; 0.1 V                                ; 2.72e-10 s                  ; 2.69e-10 s                  ; Yes                        ; Yes                        ; 2.62 V                      ; 4.05e-08 V                  ; 2.72 V             ; -0.0349 V          ; 0.173 V                             ; 0.1 V                               ; 2.72e-10 s                 ; 2.69e-10 s                 ; Yes                       ; Yes                       ;
; display_dig[2] ; 2.5 V        ; 0 s                 ; 0 s                 ; 2.62 V                       ; 4.05e-08 V                   ; 2.64 V              ; -0.0113 V           ; 0.208 V                              ; 0.179 V                              ; 2.38e-09 s                  ; 2.23e-09 s                  ; No                         ; Yes                        ; 2.62 V                      ; 4.05e-08 V                  ; 2.64 V             ; -0.0113 V          ; 0.208 V                             ; 0.179 V                             ; 2.38e-09 s                 ; 2.23e-09 s                 ; No                        ; Yes                       ;
; display_dig[3] ; 2.5 V        ; 0 s                 ; 0 s                 ; 2.62 V                       ; 4.05e-08 V                   ; 2.72 V              ; -0.0349 V           ; 0.173 V                              ; 0.1 V                                ; 2.72e-10 s                  ; 2.69e-10 s                  ; Yes                        ; Yes                        ; 2.62 V                      ; 4.05e-08 V                  ; 2.72 V             ; -0.0349 V          ; 0.173 V                             ; 0.1 V                               ; 2.72e-10 s                 ; 2.69e-10 s                 ; Yes                       ; Yes                       ;
; pin_zumbador   ; 2.5 V        ; 0 s                 ; 0 s                 ; 2.62 V                       ; 4.05e-08 V                   ; 2.72 V              ; -0.0349 V           ; 0.173 V                              ; 0.1 V                                ; 2.72e-10 s                  ; 2.69e-10 s                  ; Yes                        ; Yes                        ; 2.62 V                      ; 4.05e-08 V                  ; 2.72 V             ; -0.0349 V          ; 0.173 V                             ; 0.1 V                               ; 2.72e-10 s                 ; 2.69e-10 s                 ; Yes                       ; Yes                       ;
; ~ALTERA_DCLK~  ; 2.5 V        ; 0 s                 ; 0 s                 ; 2.62 V                       ; 2.22e-08 V                   ; 2.74 V              ; -0.06 V             ; 0.158 V                              ; 0.08 V                               ; 2.68e-10 s                  ; 2.19e-10 s                  ; Yes                        ; Yes                        ; 2.62 V                      ; 2.22e-08 V                  ; 2.74 V             ; -0.06 V            ; 0.158 V                             ; 0.08 V                              ; 2.68e-10 s                 ; 2.19e-10 s                 ; Yes                       ; Yes                       ;
; ~ALTERA_nCEO~  ; 2.5 V        ; 0 s                 ; 0 s                 ; 2.62 V                       ; 3.54e-08 V                   ; 2.7 V               ; -0.00943 V          ; 0.276 V                              ; 0.035 V                              ; 3.19e-10 s                  ; 4.99e-10 s                  ; No                         ; Yes                        ; 2.62 V                      ; 3.54e-08 V                  ; 2.7 V              ; -0.00943 V         ; 0.276 V                             ; 0.035 V                             ; 3.19e-10 s                 ; 4.99e-10 s                 ; No                        ; Yes                       ;
+----------------+--------------+---------------------+---------------------+------------------------------+------------------------------+---------------------+---------------------+--------------------------------------+--------------------------------------+-----------------------------+-----------------------------+----------------------------+----------------------------+-----------------------------+-----------------------------+--------------------+--------------------+-------------------------------------+-------------------------------------+----------------------------+----------------------------+---------------------------+---------------------------+


+-----------------------------------------------------------------------+
; Setup Transfers                                                       ;
+-------------+-------------+----------+----------+----------+----------+
; From Clock  ; To Clock    ; RR Paths ; FR Paths ; RF Paths ; FF Paths ;
+-------------+-------------+----------+----------+----------+----------+
; reloj_1mhz  ; reloj_1mhz  ; 21       ; 0        ; 0        ; 308      ;
; reloj_juego ; reloj_1mhz  ; 0        ; 0        ; 49608    ; 0        ;
; reloj_1mhz  ; reloj_50mhz ; 1        ; 1        ; 0        ; 0        ;
; reloj_50mhz ; reloj_50mhz ; 3903     ; 0        ; 0        ; 0        ;
; reloj_juego ; reloj_50mhz ; 1273     ; 1        ; 0        ; 0        ;
; reloj_1mhz  ; reloj_juego ; 6        ; 0        ; 0        ; 0        ;
; reloj_juego ; reloj_juego ; 906451   ; 0        ; 0        ; 0        ;
+-------------+-------------+----------+----------+----------+----------+
Entries labeled "false path" only account for clock-to-clock false paths and not path-based false paths. As a result, actual path counts may be lower than reported.


+-----------------------------------------------------------------------+
; Hold Transfers                                                        ;
+-------------+-------------+----------+----------+----------+----------+
; From Clock  ; To Clock    ; RR Paths ; FR Paths ; RF Paths ; FF Paths ;
+-------------+-------------+----------+----------+----------+----------+
; reloj_1mhz  ; reloj_1mhz  ; 21       ; 0        ; 0        ; 308      ;
; reloj_juego ; reloj_1mhz  ; 0        ; 0        ; 49608    ; 0        ;
; reloj_1mhz  ; reloj_50mhz ; 1        ; 1        ; 0        ; 0        ;
; reloj_50mhz ; reloj_50mhz ; 3903     ; 0        ; 0        ; 0        ;
; reloj_juego ; reloj_50mhz ; 1273     ; 1        ; 0        ; 0        ;
; reloj_1mhz  ; reloj_juego ; 6        ; 0        ; 0        ; 0        ;
; reloj_juego ; reloj_juego ; 906451   ; 0        ; 0        ; 0        ;
+-------------+-------------+----------+----------+----------+----------+
Entries labeled "false path" only account for clock-to-clock false paths and not path-based false paths. As a result, actual path counts may be lower than reported.


---------------
; Report TCCS ;
---------------
No dedicated SERDES Transmitter circuitry present in device or used in design


---------------
; Report RSKM ;
---------------
No non-DPA dedicated SERDES Receiver circuitry present in device or used in design


+------------------------------------------------+
; Unconstrained Paths Summary                    ;
+---------------------------------+-------+------+
; Property                        ; Setup ; Hold ;
+---------------------------------+-------+------+
; Illegal Clocks                  ; 0     ; 0    ;
; Unconstrained Clocks            ; 0     ; 0    ;
; Unconstrained Input Ports       ; 5     ; 5    ;
; Unconstrained Input Port Paths  ; 446   ; 446  ;
; Unconstrained Output Ports      ; 15    ; 15   ;
; Unconstrained Output Port Paths ; 125   ; 125  ;
+---------------------------------+-------+------+


+------------------------------------------------+
; Clock Status Summary                           ;
+-------------+-------------+------+-------------+
; Target      ; Clock       ; Type ; Status      ;
+-------------+-------------+------+-------------+
; reloj_1mhz  ; reloj_1mhz  ; Base ; Constrained ;
; reloj_50mhz ; reloj_50mhz ; Base ; Constrained ;
; reloj_juego ; reloj_juego ; Base ; Constrained ;
+-------------+-------------+------+-------------+


+------------------------------------------------------------------------------------------------------+
; Unconstrained Input Ports                                                                            ;
+---------------+--------------------------------------------------------------------------------------+
; Input Port    ; Comment                                                                              ;
+---------------+--------------------------------------------------------------------------------------+
; btn_abajo     ; No input delay, min/max delays, false-path exceptions, or max skew assignments found ;
; btn_arriba    ; No input delay, min/max delays, false-path exceptions, or max skew assignments found ;
; btn_derecha   ; No input delay, min/max delays, false-path exceptions, or max skew assignments found ;
; btn_izquierda ; No input delay, min/max delays, false-path exceptions, or max skew assignments found ;
; reinicio      ; No input delay, min/max delays, false-path exceptions, or max skew assignments found ;
+---------------+--------------------------------------------------------------------------------------+


+--------------------------------------------------------------------------------------------------------+
; Unconstrained Output Ports                                                                             ;
+----------------+---------------------------------------------------------------------------------------+
; Output Port    ; Comment                                                                               ;
+----------------+---------------------------------------------------------------------------------------+
; display_dig[0] ; No output delay, min/max delays, false-path exceptions, or max skew assignments found ;
; display_dig[1] ; No output delay, min/max delays, false-path exceptions, or max skew assignments found ;
; display_dig[2] ; No output delay, min/max delays, false-path exceptions, or max skew assignments found ;
; display_dig[3] ; No output delay, min/max delays, false-path exceptions, or max skew assignments found ;
; display_seg[0] ; No output delay, min/max delays, false-path exceptions, or max skew assignments found ;
; display_seg[1] ; No output delay, min/max delays, false-path exceptions, or max skew assignments found ;
; display_seg[2] ; No output delay, min/max delays, false-path exceptions, or max skew assignments found ;
; display_seg[3] ; No output delay, min/max delays, false-path exceptions, or max skew assignments found ;
; display_seg[4] ; No output delay, min/max delays, false-path exceptions, or max skew assignments found ;
; display_seg[5] ; No output delay, min/max delays, false-path exceptions, or max skew assignments found ;
; display_seg[6] ; No output delay, min/max delays, false-path exceptions, or max skew assignments found ;
; max7219_clk    ; No output delay, min/max delays, false-path exceptions, or max skew assignments found ;
; max7219_cs     ; No output delay, min/max delays, false-path exceptions, or max skew assignments found ;
; max7219_din    ; No output delay, min/max delays, false-path exceptions, or max skew assignments found ;
; pin_zumbador   ; No output delay, min/max delays, false-path exceptions, or max skew assignments found ;
+----------------+---------------------------------------------------------------------------------------+


+------------------------------------------------------------------------------------------------------+
; Unconstrained Input Ports                                                                            ;
+---------------+--------------------------------------------------------------------------------------+
; Input Port    ; Comment                                                                              ;
+---------------+--------------------------------------------------------------------------------------+
; btn_abajo     ; No input delay, min/max delays, false-path exceptions, or max skew assignments found ;
; btn_arriba    ; No input delay, min/max delays, false-path exceptions, or max skew assignments found ;
; btn_derecha   ; No input delay, min/max delays, false-path exceptions, or max skew assignments found ;
; btn_izquierda ; No input delay, min/max delays, false-path exceptions, or max skew assignments found ;
; reinicio      ; No input delay, min/max delays, false-path exceptions, or max skew assignments found ;
+---------------+--------------------------------------------------------------------------------------+


+--------------------------------------------------------------------------------------------------------+
; Unconstrained Output Ports                                                                             ;
+----------------+---------------------------------------------------------------------------------------+
; Output Port    ; Comment                                                                               ;
+----------------+---------------------------------------------------------------------------------------+
; display_dig[0] ; No output delay, min/max delays, false-path exceptions, or max skew assignments found ;
; display_dig[1] ; No output delay, min/max delays, false-path exceptions, or max skew assignments found ;
; display_dig[2] ; No output delay, min/max delays, false-path exceptions, or max skew assignments found ;
; display_dig[3] ; No output delay, min/max delays, false-path exceptions, or max skew assignments found ;
; display_seg[0] ; No output delay, min/max delays, false-path exceptions, or max skew assignments found ;
; display_seg[1] ; No output delay, min/max delays, false-path exceptions, or max skew assignments found ;
; display_seg[2] ; No output delay, min/max delays, false-path exceptions, or max skew assignments found ;
; display_seg[3] ; No output delay, min/max delays, false-path exceptions, or max skew assignments found ;
; display_seg[4] ; No output delay, min/max delays, false-path exceptions, or max skew assignments found ;
; display_seg[5] ; No output delay, min/max delays, false-path exceptions, or max skew assignments found ;
; display_seg[6] ; No output delay, min/max delays, false-path exceptions, or max skew assignments found ;
; max7219_clk    ; No output delay, min/max delays, false-path exceptions, or max skew assignments found ;
; max7219_cs     ; No output delay, min/max delays, false-path exceptions, or max skew assignments found ;
; max7219_din    ; No output delay, min/max delays, false-path exceptions, or max skew assignments found ;
; pin_zumbador   ; No output delay, min/max delays, false-path exceptions, or max skew assignments found ;
+----------------+---------------------------------------------------------------------------------------+


+--------------------------+
; Timing Analyzer Messages ;
+--------------------------+
Info: *******************************************************************
Info: Running Quartus Prime Timing Analyzer
    Info: Version 25.1std.0 Build 1129 10/21/2025 SC Lite Edition
    Info: Processing started: Tue Jun 23 11:37:48 2026
Info: Command: quartus_sta vibora_top -c vibora_top
Info: qsta_default_script.tcl version: #1
Warning (18236): Number of processors has not been specified which may cause overloading on shared machines.  Set the global assignment NUM_PARALLEL_PROCESSORS in your QSF to an appropriate value for best performance.
Info (20030): Parallel compilation is enabled and will use 12 of the 12 processors detected
Info (21077): Low junction temperature is 0 degrees C
Info (21077): High junction temperature is 85 degrees C
Critical Warning (332012): Synopsys Design Constraints File file not found: 'vibora_top.sdc'. A Synopsys Design Constraints File is required by the Timing Analyzer to get proper timing constraints. Without it, the Compiler will not properly optimize the design.
Info (332142): No user constrained base clocks found in the design. Calling "derive_clocks -period 1.0"
Info (332105): Deriving Clocks
    Info (332105): create_clock -period 1.000 -name reloj_juego reloj_juego
    Info (332105): create_clock -period 1.000 -name reloj_50mhz reloj_50mhz
    Info (332105): create_clock -period 1.000 -name reloj_1mhz reloj_1mhz
Info (332143): No user constrained clock uncertainty found in the design. Calling "derive_clock_uncertainty"
Info (332123): Deriving Clock Uncertainty. Please refer to report_sdc in the Timing Analyzer to see clock uncertainties.
Info: Found TIMING_ANALYZER_REPORT_SCRIPT_INCLUDE_DEFAULT_ANALYSIS = ON
Info: Analyzing Slow 1200mV 85C Model
Critical Warning (332148): Timing requirements not met
    Info (11105): For recommendations on closing timing, run Report Timing Closure Recommendations in the Timing Analyzer.
Info (332146): Worst-case setup slack is -11.132
    Info (332119):     Slack       End Point TNS Clock 
    Info (332119): ========= =================== =====================
    Info (332119):   -11.132            -129.802 reloj_1mhz 
    Info (332119):   -10.436           -3879.459 reloj_juego 
    Info (332119):    -6.427            -391.487 reloj_50mhz 
Info (332146): Worst-case hold slack is 0.432
    Info (332119):     Slack       End Point TNS Clock 
    Info (332119): ========= =================== =====================
    Info (332119):     0.432               0.000 reloj_50mhz 
    Info (332119):     0.452               0.000 reloj_juego 
    Info (332119):     0.453               0.000 reloj_1mhz 
Info (332140): No Recovery paths to report
Info (332140): No Removal paths to report
Info (332146): Worst-case minimum pulse width slack is -3.000
    Info (332119):     Slack       End Point TNS Clock 
    Info (332119): ========= =================== =====================
    Info (332119):    -3.000            -156.161 reloj_50mhz 
    Info (332119):    -1.487            -605.209 reloj_juego 
    Info (332119):    -1.487             -55.019 reloj_1mhz 
Info: Analyzing Slow 1200mV 0C Model
Info (334003): Started post-fitting delay annotation
Info (334004): Delay annotation completed successfully
Info (332123): Deriving Clock Uncertainty. Please refer to report_sdc in the Timing Analyzer to see clock uncertainties.
Critical Warning (332148): Timing requirements not met
    Info (11105): For recommendations on closing timing, run Report Timing Closure Recommendations in the Timing Analyzer.
Info (332146): Worst-case setup slack is -10.713
    Info (332119):     Slack       End Point TNS Clock 
    Info (332119): ========= =================== =====================
    Info (332119):   -10.713            -120.975 reloj_1mhz 
    Info (332119):    -9.839           -3664.392 reloj_juego 
    Info (332119):    -5.890            -350.847 reloj_50mhz 
Info (332146): Worst-case hold slack is 0.381
    Info (332119):     Slack       End Point TNS Clock 
    Info (332119): ========= =================== =====================
    Info (332119):     0.381               0.000 reloj_50mhz 
    Info (332119):     0.401               0.000 reloj_juego 
    Info (332119):     0.403               0.000 reloj_1mhz 
Info (332140): No Recovery paths to report
Info (332140): No Removal paths to report
Info (332146): Worst-case minimum pulse width slack is -3.000
    Info (332119):     Slack       End Point TNS Clock 
    Info (332119): ========= =================== =====================
    Info (332119):    -3.000            -156.161 reloj_50mhz 
    Info (332119):    -1.487            -605.209 reloj_juego 
    Info (332119):    -1.487             -55.019 reloj_1mhz 
Info: Analyzing Fast 1200mV 0C Model
Info (332123): Deriving Clock Uncertainty. Please refer to report_sdc in the Timing Analyzer to see clock uncertainties.
Critical Warning (332148): Timing requirements not met
    Info (11105): For recommendations on closing timing, run Report Timing Closure Recommendations in the Timing Analyzer.
Info (332146): Worst-case setup slack is -4.689
    Info (332119):     Slack       End Point TNS Clock 
    Info (332119): ========= =================== =====================
    Info (332119):    -4.689             -43.765 reloj_1mhz 
    Info (332119):    -4.246           -1525.771 reloj_juego 
    Info (332119):    -2.354            -114.662 reloj_50mhz 
Info (332146): Worst-case hold slack is 0.178
    Info (332119):     Slack       End Point TNS Clock 
    Info (332119): ========= =================== =====================
    Info (332119):     0.178               0.000 reloj_50mhz 
    Info (332119):     0.184               0.000 reloj_1mhz 
    Info (332119):     0.186               0.000 reloj_juego 
Info (332140): No Recovery paths to report
Info (332140): No Removal paths to report
Info (332146): Worst-case minimum pulse width slack is -3.000
    Info (332119):     Slack       End Point TNS Clock 
    Info (332119): ========= =================== =====================
    Info (332119):    -3.000            -113.262 reloj_50mhz 
    Info (332119):    -1.000            -407.000 reloj_juego 
    Info (332119):    -1.000             -37.000 reloj_1mhz 
Info (332102): Design is not fully constrained for setup requirements
Info (332102): Design is not fully constrained for hold requirements
Info: Quartus Prime Timing Analyzer was successful. 0 errors, 5 warnings
    Info: Peak virtual memory: 4931 megabytes
    Info: Processing ended: Tue Jun 23 11:37:52 2026
    Info: Elapsed time: 00:00:04
    Info: Total CPU time (on all processors): 00:00:05


